%time,field.header.seq,field.header.stamp,field.header.frame_id,field.alt_error,field.aspd_error,field.xtrack_error,field.wp_dist
1538769532904430816,2391,1538769532901711808,NED,-0.75,-624.376708984,-35.5512886047,8
1538769532932329024,2392,1538769532929099520,NED,-0.75,-624.376708984,-35.5512886047,8
1538769533011579520,2393,1538769533008098176,NED,-0.930000007153,-596.890991211,-33.4295539856,10
1538769533052290784,2394,1538769533049357376,NED,-0.930000007153,-596.890991211,-33.4295539856,10
1538769533130000992,2395,1538769533128772736,NED,-1.11000001431,-596.890991211,-31.2890281677,12
1538769533228129632,2396,1538769533222445824,NED,-1.27999997139,-572.345336914,-39.8568572998,14
1538769533253675232,2397,1538769533252267072,NED,-1.27999997139,-572.345336914,-39.8568572998,14
1538769533289763648,2398,1538769533288469888,NED,-1.27999997139,-572.345336914,-39.8568572998,14
1538769533319578720,2399,1538769533318766720,NED,-1.42999994755,-473.345367432,-40.5574455261,17
1538769533417066976,2400,1538769533413711488,NED,-1.42999994755,-473.345367432,-40.5574455261,17
1538769533435049440,2401,1538769533433160224,NED,-1.57999992371,-447.687530518,-41.2872314453,19
1538769533492159296,2402,1538769533490327456,NED,-1.57999992371,-447.687530518,-41.2872314453,19
1538769533547346880,2403,1538769533544465504,NED,-1.7199999094,-447.687530518,-42.0462226868,21
1538769533609834400,2404,1538769533608862880,NED,-1.7199999094,-447.687530518,-42.0462226868,21
1538769533650595296,2405,1538769533649502208,NED,-1.86000001431,-416.751098633,-42.8126144409,23
1538769533732438176,2406,1538769533724167584,NED,-2.0,-416.751098633,-43.5537452698,25
1538769533814856256,2407,1538769533813707328,NED,-2.11999988556,-388.768768311,-44.2822380066,27
1538769533832426560,2408,1538769533829747712,NED,-2.11999988556,-388.768768311,-44.2822380066,27
1538769533907857632,2409,1538769533902221536,NED,-2.20000004768,-388.768768311,-44.9636802673,29
1538769533923241824,2410,1538769533920838720,NED,-2.20000004768,-388.768768311,-44.9636802673,29
1538769533995862848,2411,1538769533991750240,NED,-2.20000004768,-388.768768311,-44.9636802673,29
1538769534021732192,2412,1538769534021110880,NED,-2.24000000954,-363.714782715,-45.6198539734,31
1538769534119750816,2413,1538769534118440256,NED,-2.21000003815,-363.714782715,-46.2307014465,33
1538769534238384192,2414,1538769534236581792,NED,-2.12999987602,-337.677368164,-46.8162956238,35
1538769534294857952,2415,1538769534292066240,NED,-2.12999987602,-337.677368164,-46.8162956238,35
1538769534392325248,2416,1538769534388848448,NED,-1.97999989986,-337.677368164,-47.3674621582,37
1538769534436506304,2417,1538769534434584032,NED,-1.76999998093,-320.523254395,-47.90599823,39
1538769534504028800,2418,1538769534498471424,NED,-1.76999998093,-320.523254395,-47.90599823,39
1538769534552229632,2419,1538769534549809056,NED,-1.50999999046,-320.523254395,-48.4101104736,41
1538769534615446528,2420,1538769534605213760,NED,-1.22000002861,-299.289886475,-48.8671684265,42
1538769534698785536,2421,1538769534697373248,NED,-1.22000002861,-299.289886475,-48.8671684265,42
1538769534782649088,2422,1538769534779843296,NED,-0.879999995232,-299.289886475,-49.2806549072,44
1538769534823142688,2423,1538769534820475776,NED,-0.879999995232,-299.289886475,-49.2806549072,44
1538769534844623552,2424,1538769534841499136,NED,-0.519999980927,-286.528381348,-49.6597175598,46
1538769534928266944,2425,1538769534924635520,NED,-0.119999997318,-286.528381348,-49.9734268188,48
1538769535015642400,2426,1538769535013137440,NED,0.299999982119,-274.490936279,-50.2509689331,50
1538769535030584960,2427,1538769535028157376,NED,0.299999982119,-274.490936279,-50.2509689331,50
1538769535100600160,2428,1538769535099162848,NED,0.759999990463,-274.490936279,-50.4505157471,52
1538769535121860512,2429,1538769535120648128,NED,0.759999990463,-274.490936279,-50.4505157471,52
1538769535218053728,2430,1538769535216446048,NED,1.25,-275.540344238,-50.6282806396,54
1538769535256807968,2431,1538769535254422624,NED,1.25,-275.540344238,-50.6282806396,54
1538769535305832736,2432,1538769535303502080,NED,1.25,-275.540344238,-50.6282806396,54
1538769535329904704,2433,1538769535329016192,NED,1.76999998093,-275.540344238,-50.7372016907,55
1538769535394294048,2434,1538769535393166048,NED,1.76999998093,-275.540344238,-50.7372016907,55
1538769535408412960,2435,1538769535405199744,NED,2.31999993324,-281.697662354,-50.8008117676,57
1538769535488952544,2436,1538769535485055232,NED,2.31999993324,-281.697662354,-50.8008117676,57
1538769535557705120,2437,1538769535551664064,NED,2.88999986649,-281.697662354,-50.8099517822,59
1538769535620445792,2438,1538769535618487840,NED,3.49000000954,-281.697662354,-50.7846717834,61
1538769535636171360,2439,1538769535634684864,NED,3.49000000954,-281.697662354,-50.7846717834,61
1538769535713216672,2440,1538769535706787328,NED,4.09999990463,-287.287902832,-50.685333252,63
1538769535756094208,2441,1538769535754093344,NED,4.09999990463,-287.287902832,-50.685333252,63
1538769535786430048,2442,1538769535784156608,NED,4.09999990463,-287.287902832,-50.685333252,63
1538769535829939424,2443,1538769535827551008,NED,4.75,-295.596679688,-50.5550460815,64
1538769535909662752,2444,1538769535908545312,NED,5.42999982834,-295.596679688,-50.3628845215,66
1538769535924387584,2445,1538769535923202144,NED,5.42999982834,-295.596679688,-50.3628845215,66
1538769536002922496,2446,1538769535997558240,NED,5.42999982834,-295.596679688,-50.3628845215,66
1538769536014959456,2447,1538769536013044256,NED,6.08999967575,-308.68951416,-50.1293487549,68
1538769536093343968,2448,1538769536089090976,NED,6.08999967575,-308.68951416,-50.1293487549,68
1538769536138399872,2449,1538769536137423616,NED,6.77999973297,-308.68951416,-49.8374023438,70
1538769536226911392,2450,1538769536225263840,NED,7.42999982834,-337.825592041,-49.4966697693,72
1538769536309895456,2451,1538769536307289088,NED,8.06999969482,-337.825592041,-49.0905723572,73
1538769536332729056,2452,1538769536329774368,NED,8.06999969482,-337.825592041,-49.0905723572,73
1538769536401662432,2453,1538769536397659456,NED,8.06999969482,-337.825592041,-49.0905723572,73
1538769536426603552,2454,1538769536425114720,NED,8.67000007629,-374.756622314,-48.6483230591,75
1538769536507981760,2455,1538769536504763328,NED,9.26000022888,-374.756622314,-48.1441802979,77
1538769536548478496,2456,1538769536543328576,NED,9.26000022888,-374.756622314,-48.1441802979,77
1538769536615853056,2457,1538769536608469952,NED,9.26000022888,-374.756622314,-48.1441802979,77
1538769536629297824,2458,1538769536626803488,NED,9.81999969482,-422.422210693,-47.6073684692,79
1538769536717986560,2459,1538769536709372960,NED,10.3699998856,-422.422210693,-47.0160827637,81
1538769536818625216,2460,1538769536813764960,NED,10.8899993896,-451.782592773,-46.4012794495,83
1538769536853251264,2461,1538769536852434848,NED,10.8899993896,-451.782592773,-46.4012794495,83
1538769536888825472,2462,1538769536887733472,NED,11.3599996567,-451.782592773,-45.742893219,84
1538769536923418976,2463,1538769536920654752,NED,11.3599996567,-451.782592773,-45.742893219,84
1538769537021706624,2464,1538769537016196096,NED,11.779999733,-486.12689209,-45.0500984192,86
1538769537049235360,2465,1538769537047448096,NED,11.779999733,-486.12689209,-45.0500984192,86
1538769537117635008,2466,1538769537116068736,NED,12.1499996185,-486.12689209,-44.3137207031,88
1538769537136567040,2467,1538769537135397664,NED,12.1499996185,-486.12689209,-44.3137207031,88
1538769537220903264,2468,1538769537218978848,NED,12.4799995422,-510.215179443,-43.5773468018,90
1538769537294440512,2469,1538769537293637248,NED,12.4799995422,-510.215179443,-43.5773468018,90
1538769537320534176,2470,1538769537319775360,NED,12.75,-510.215179443,-138.076400757,92
1538769537417657856,2471,1538769537412183328,NED,12.75,-510.215179443,-138.076400757,92
1538769537441910432,2472,1538769537437711008,NED,12.9600000381,-523.877685547,-136.342330933,94
1538769537489046656,2473,1538769537487220896,NED,12.9600000381,-523.877685547,-136.342330933,94
1538769537559129248,2474,1538769537553493696,NED,13.1099996567,-523.877685547,-134.590942383,96
1538769537601037952,2475,1538769537599745792,NED,13.1899995804,-531.641174316,-132.849853516,98
1538769537643005440,2476,1538769537639154400,NED,13.1899995804,-531.641174316,-132.849853516,98
1538769537690006368,2477,1538769537685838016,NED,13.1899995804,-531.641174316,-132.849853516,98
1538769537747156256,2478,1538769537743714720,NED,13.1999998093,-531.641174316,-131.111984253,99
1538769537816346592,2479,1538769537814433280,NED,13.1599998474,-513.981262207,-129.390914917,101
1538769537836479392,2480,1538769537835274144,NED,13.1599998474,-513.981262207,-129.390914917,101
1538769537865328352,2481,1538769537864333568,NED,13.1599998474,-513.981262207,-129.390914917,101
1538769537900435424,2482,1538769537899666720,NED,13.0699996948,-513.981262207,-127.669815063,103
1538769537971710240,2483,1538769537964448384,NED,13.0699996948,-513.981262207,-127.669815063,103
1538769538030984192,2484,1538769538024975680,NED,12.9600000381,-483.46786499,-125.982818604,105
1538769538083861152,2485,1538769538076678368,NED,12.9600000381,-483.46786499,-125.982818604,105
1538769538126189312,2486,1538769538124010944,NED,12.8099994659,-483.46786499,-124.309341431,107
1538769538176730144,2487,1538769538173596320,NED,12.8099994659,-483.46786499,-124.309341431,107
1538769538227163776,2488,1538769538223739776,NED,12.6300001144,-462.225921631,-122.669937134,109
1538769538293714880,2489,1538769538290055296,NED,12.6300001144,-462.225921631,-122.669937134,109
1538769538331875776,2490,1538769538329355104,NED,12.4299993515,-462.225921631,-121.044067383,111
1538769538394595296,2491,1538769538393428064,NED,12.4299993515,-462.225921631,-121.044067383,111
1538769538409053536,2492,1538769538408085632,NED,12.2399997711,-428.56539917,-119.445770264,113
1538769538445784512,2493,1538769538440673920,NED,12.2399997711,-428.56539917,-119.445770264,113
1538769538506336992,2494,1538769538503172224,NED,12.0399999619,-428.56539917,-117.874534607,115
1538769538552960928,2495,1538769538548812672,NED,12.0399999619,-428.56539917,-117.874534607,115
1538769538624790432,2496,1538769538622356448,NED,11.8400001526,-404.938323975,-116.330886841,116
1538769538683324544,2497,1538769538681454176,NED,11.8400001526,-404.938323975,-116.330886841,116
1538769538727168320,2498,1538769538725108064,NED,11.6499996185,-404.938323975,-114.79750824,118
1538769538793616096,2499,1538769538792817120,NED,11.4600000381,-376.61038208,-113.284690857,120
1538769538893434080,2500,1538769538891672800,NED,11.4600000381,-376.61038208,-113.284690857,120
1538769538963175520,2501,1538769538957920128,NED,11.279999733,-376.61038208,-111.798927307,122
1538769539018687840,2502,1538769539013575872,NED,11.279999733,-376.61038208,-111.798927307,122
1538769539040819392,2503,1538769539038946496,NED,11.1099996567,-346.396636963,-110.330459595,124
1538769539112739328,2504,1538769539110965728,NED,10.9499998093,-346.396636963,-108.868492126,126
1538769539131998688,2505,1538769539127750624,NED,10.9499998093,-346.396636963,-108.868492126,126
1538769539217886880,2506,1538769539216554944,NED,10.8099994659,-322.301086426,-107.450889587,127
1538769539248657440,2507,1538769539244012160,NED,10.8099994659,-322.301086426,-107.450889587,127
1538769539317292992,2508,1538769539316344704,NED,10.6799993515,-322.301086426,-106.030029297,129
1538769539335984896,2509,1538769539334630304,NED,10.6799993515,-322.301086426,-106.030029297,129
1538769539416265312,2510,1538769539412002752,NED,10.5500001907,-295.302581787,-104.640014648,131
1538769539468890720,2511,1538769539467704544,NED,10.5500001907,-295.302581787,-104.640014648,131
1538769539509960672,2512,1538769539507068480,NED,10.4299993515,-295.302581787,-103.243492126,133
1538769539537798560,2513,1538769539536735424,NED,10.4299993515,-295.302581787,-103.243492126,133
1538769539609334048,2514,1538769539604117408,NED,10.3000001907,-278.271484375,-101.894584656,135
1538769539644543072,2515,1538769539636626240,NED,10.3000001907,-278.271484375,-101.894584656,135
1538769539668521536,2516,1538769539667587456,NED,10.3000001907,-278.271484375,-101.894584656,135
1538769539727635008,2517,1538769539725452768,NED,10.1899995804,-278.271484375,-100.555412292,137
1538769539812557120,2518,1538769539809897440,NED,10.0799999237,-259.900482178,-99.2302932739,138
1538769539868473216,2519,1538769539867665056,NED,10.0799999237,-259.900482178,-99.2302932739,138
1538769539929382208,2520,1538769539928128736,NED,9.98999977112,-259.900482178,-97.8981628418,140
1538769540004245824,2521,1538769540000703488,NED,9.98999977112,-259.900482178,-97.8981628418,140
1538769540027205184,2522,1538769540026461600,NED,9.89999961853,-236.602966309,-96.573059082,142
1538769540080015392,2523,1538769540077748896,NED,9.89999961853,-236.602966309,-96.573059082,142
1538769540126369856,2524,1538769540122203456,NED,9.84000015259,-236.602966309,-95.2641830444,144
1538769540164067808,2525,1538769540160787072,NED,9.84000015259,-236.602966309,-95.2641830444,144
1538769540213992224,2526,1538769540212952096,NED,9.80000019073,-221.999938965,-93.9623336792,145
1538769540266298592,2527,1538769540265325664,NED,9.80000019073,-221.999938965,-93.9623336792,145
1538769540359914112,2528,1538769540355568000,NED,9.77999973297,-221.999938965,-92.653465271,147
1538769540440598752,2529,1538769540439058464,NED,9.78999996185,-208.476257324,-91.3548736572,149
1538769540460739328,2530,1538769540460137088,NED,9.78999996185,-208.476257324,-91.3548736572,149
1538769540488287264,2531,1538769540487549120,NED,9.78999996185,-208.476257324,-91.3548736572,149
1538769540519675296,2532,1538769540518288416,NED,9.80999946594,-208.476257324,-90.0562744141,151
1538769540608255936,2533,1538769540603257984,NED,9.84000015259,-202.899169922,-88.7679595947,152
1538769540652958976,2534,1538769540650298976,NED,9.84000015259,-202.899169922,-88.7679595947,152
1538769540688187584,2535,1538769540681954432,NED,9.84000015259,-202.899169922,-88.7679595947,152
1538769540757088288,2536,1538769540754377696,NED,9.86999988556,-202.899169922,-87.4828948975,154
1538769540802168800,2537,1538769540800890464,NED,9.86999988556,-202.899169922,-87.4828948975,154
1538769540872332736,2538,1538769540871304192,NED,9.89999961853,-193.221466064,-86.2216262817,156
1538769540914860448,2539,1538769540913596064,NED,9.9299993515,-193.221466064,-84.9538650513,158
1538769540934628064,2540,1538769540933516576,NED,9.9299993515,-193.221466064,-84.9538650513,158
1538769541008660768,2541,1538769541004931232,NED,9.96000003815,-180.161865234,-83.6861038208,159
1538769541052260256,2542,1538769541051039680,NED,9.96000003815,-180.161865234,-83.6861038208,159
1538769541093959456,2543,1538769541090465280,NED,9.96000003815,-180.161865234,-83.6861038208,159
1538769541123389152,2544,1538769541121496448,NED,9.97999954224,-180.161865234,-82.4318618774,161
1538769541210105856,2545,1538769541208638112,NED,9.98999977112,-171.178253174,-81.1944046021,163
1538769541228954016,2546,1538769541228202080,NED,9.98999977112,-171.178253174,-81.1944046021,163
1538769541294905664,2547,1538769541293697952,NED,10.0100002289,-171.178253174,-79.9401702881,165
1538769541356267104,2548,1538769541355037440,NED,10.0100002289,-171.178253174,-79.9401702881,165
1538769541410404608,2549,1538769541409225024,NED,10.029999733,-167.50793457,-78.6962051392,166
1538769541437698880,2550,1538769541436663552,NED,10.029999733,-167.50793457,-78.6962051392,166
1538769541495072960,2551,1538769541492800544,NED,10.0399999619,-167.50793457,-77.4554977417,168
1538769541531034176,2552,1538769541530384512,NED,10.0399999619,-167.50793457,-77.4554977417,168
1538769541597762272,2553,1538769541596526080,NED,10.0599994659,-159.092895508,-76.2115402222,170
1538769541669648384,2554,1538769541668229952,NED,10.0599994659,-159.092895508,-76.2115402222,170
1538769541713738176,2555,1538769541710761056,NED,10.0900001526,-159.092895508,-74.9811019897,171
1538769541741959712,2556,1538769541736886592,NED,10.0900001526,-159.092895508,-74.9811019897,171
1538769541808326784,2557,1538769541806262784,NED,10.1199998856,-152.010925293,-73.7576980591,173
1538769541876710112,2558,1538769541875778048,NED,10.1199998856,-152.010925293,-73.7576980591,173
1538769541899605536,2559,1538769541897508160,NED,10.1199998856,-152.010925293,-73.7576980591,173
1538769541954446432,2560,1538769541952349152,NED,10.1499996185,-152.010925293,-72.5305175781,175
1538769542009657536,2561,1538769542008592736,NED,10.1799993515,-146.936035156,-71.3000793457,177
1538769542051425568,2562,1538769542050056352,NED,10.1799993515,-146.936035156,-71.3000793457,177
1538769542105870944,2563,1538769542104546080,NED,10.2199993134,-146.936035156,-70.0799255371,178
1538769542128601088,2564,1538769542124301120,NED,10.2199993134,-146.936035156,-70.0799255371,178
1538769542198163072,2565,1538769542195402848,NED,10.2199993134,-146.936035156,-70.0799255371,178
1538769542279164352,2566,1538769542278126272,NED,10.2600002289,-142.161743164,-68.8630218506,180
1538769542303850912,2567,1538769542300055488,NED,10.2899999619,-142.161743164,-67.6461181641,182
1538769542330915808,2568,1538769542329196608,NED,10.2899999619,-142.161743164,-67.6461181641,182
1538769542408080928,2569,1538769542405470464,NED,10.3099994659,-127.696609497,-66.4394760132,184
1538769542425586432,2570,1538769542424236640,NED,10.3099994659,-127.696609497,-66.4394760132,184
1538769542504263904,2571,1538769542502626272,NED,10.3099994659,-127.696609497,-66.4394760132,184
1538769542527088832,2572,1538769542521806144,NED,10.3299999237,-127.696609497,-65.2290725708,185
1538769542616604032,2573,1538769542612597408,NED,10.3499994278,-131.674377441,-64.0154037476,187
1538769542629244480,2574,1538769542625857152,NED,10.3499994278,-131.674377441,-64.0154037476,187
1538769542717530368,2575,1538769542716527776,NED,10.3499994278,-131.674377441,-62.8082427979,189
1538769542735250784,2576,1538769542734132352,NED,10.3499994278,-131.674377441,-62.8082427979,189
1538769542808511424,2577,1538769542803127008,NED,10.3499994278,-112.557601929,-61.6010742188,190
1538769542843921888,2578,1538769542838551008,NED,10.3499994278,-112.557601929,-61.6010742188,190
1538769542964228384,2579,1538769542963744224,NED,10.3499994278,-112.557601929,-60.3901252747,192
1538769543004206144,2580,1538769543003268256,NED,10.3499994278,-112.557601929,-60.3901252747,192
1538769543052313440,2581,1538769543049017344,NED,10.3499994278,-102.451133728,-59.1791801453,194
1538769543085958912,2582,1538769543083248288,NED,10.3499994278,-102.451133728,-59.1791801453,194
1538769543129664416,2583,1538769543124351744,NED,10.3400001526,-102.451133728,-57.9644470215,195
1538769543238533728,2584,1538769543234730112,NED,10.3400001526,-100.245094299,-56.7497138977,197
1538769543287090912,2585,1538769543284442496,NED,10.3400001526,-100.245094299,-56.7497138977,197
1538769543324673568,2586,1538769543320806784,NED,10.3299999237,-100.245094299,-55.5349845886,199
1538769543435205504,2587,1538769543434106624,NED,10.3299999237,-82.0861816406,-54.3402748108,200
1538769543489779040,2588,1538769543488422176,NED,10.3299999237,-82.0861816406,-54.3402748108,200
1538769543528310784,2589,1538769543523135616,NED,10.3199996948,-82.0861816406,-53.1255455017,202
1538769543587290432,2590,1538769543585802016,NED,10.3199996948,-82.0861816406,-53.1255455017,202
1538769543648698976,2591,1538769543642981504,NED,10.3099994659,-82.0861816406,-51.9308319092,204
1538769543690755840,2592,1538769543689163136,NED,10.3099994659,-82.0861816406,-51.9308319092,204
1538769543719360160,2593,1538769543716084608,NED,10.2899999619,-77.6161193848,-50.7496452332,205
1538769543814188000,2594,1538769543812692448,NED,10.2899999619,-85.0002288818,-49.5684585571,207
1538769543834692928,2595,1538769543831716000,NED,10.2899999619,-85.0002288818,-49.5684585571,207
1538769543889885760,2596,1538769543887374656,NED,10.2899999619,-85.0002288818,-49.5684585571,207
1538769543942066496,2597,1538769543938876576,NED,10.279999733,-85.0002288818,-48.3737487793,208
1538769544017297632,2598,1538769544012648896,NED,10.279999733,-66.2933349609,-47.1790351868,210
1538769544030991648,2599,1538769544029644416,NED,10.279999733,-66.2933349609,-47.1790351868,210
1538769544088362720,2600,1538769544086865376,NED,10.279999733,-66.2933349609,-47.1790351868,210
1538769544110776160,2601,1538769544108681536,NED,10.279999733,-66.2933349609,-45.9978523254,212
1538769544216516032,2602,1538769544214552224,NED,10.279999733,-67.3934936523,-44.813419342,213
1538769544246588832,2603,1538769544244656352,NED,10.279999733,-67.3934936523,-44.813419342,213
1538769544315700800,2604,1538769544310685120,NED,10.279999733,-67.3934936523,-43.632232666,215
1538769544333146720,2605,1538769544332179200,NED,10.279999733,-67.3934936523,-43.632232666,215
1538769544416148896,2606,1538769544413903936,NED,10.2899999619,-64.2667770386,-42.4580764771,217
1538769544448226176,2607,1538769544445068768,NED,10.2899999619,-64.2667770386,-42.4580764771,217
1538769544494312640,2608,1538769544493378464,NED,10.2899999619,-64.2667770386,-42.4580764771,217
1538769544552955232,2609,1538769544547092224,NED,10.3000001907,-64.2667770386,-41.2736434937,218
1538769544620879776,2610,1538769544612179136,NED,10.3099994659,-52.1291732788,-40.1097679138,220
1538769544636195744,2611,1538769544634346112,NED,10.3099994659,-52.1291732788,-40.1097679138,220
1538769544716565408,2612,1538769544705522496,NED,10.3099994659,-52.1291732788,-38.9388580322,221
1538769544802220032,2613,1538769544800742976,NED,10.3099994659,-51.9535064697,-37.7852592468,223
1538769544836801696,2614,1538769544833092416,NED,10.3099994659,-51.9535064697,-37.7852592468,223
1538769544872044768,2615,1538769544868854816,NED,10.3099994659,-51.9535064697,-37.7852592468,223
1538769544903613792,2616,1538769544901225280,NED,10.3000001907,-51.9535064697,-36.6284103394,225
1538769544962167264,2617,1538769544960765568,NED,10.3000001907,-51.9535064697,-36.6284103394,225
1538769545015755200,2618,1538769545014179360,NED,10.279999733,-47.0443725586,-35.4850845337,226
1538769545069685088,2619,1538769545065534784,NED,10.279999733,-47.0443725586,-35.4850845337,226
1538769545092066880,2620,1538769545089192640,NED,10.279999733,-47.0443725586,-35.4850845337,226
1538769545150566432,2621,1538769545148820992,NED,10.25,-47.0443725586,-34.3417625427,228
1538769545198616864,2622,1538769545196897504,NED,10.25,-47.0443725586,-34.3417625427,228
1538769545252031296,2623,1538769545250244800,NED,10.2199993134,-45.7511901855,-33.2054710388,230
1538769545288867168,2624,1538769545285263968,NED,10.2199993134,-45.7511901855,-33.2054710388,230
1538769545338678112,2625,1538769545334525792,NED,10.1899995804,-45.7511901855,-32.0691795349,231
1538769545482530048,2626,1538769545481182784,NED,10.1399993896,-38.6615753174,-30.9534416199,233
1538769545517809216,2627,1538769545516727136,NED,10.0900001526,-38.6615753174,-29.8479824066,234
1538769545532962304,2628,1538769545530080736,NED,10.0900001526,-38.6615753174,-29.8479824066,234
1538769545600716448,2629,1538769545598962400,NED,10.029999733,-33.2117080688,-28.7490158081,236
1538769545640359200,2630,1538769545637360672,NED,10.029999733,-33.2117080688,-28.7490158081,236
1538769545707534176,2631,1538769545705817568,NED,9.96000003815,-33.2117080688,-27.6538333893,238
1538769545741428160,2632,1538769545739659712,NED,9.96000003815,-33.2117080688,-27.6538333893,238
1538769545799134368,2633,1538769545798372320,NED,9.89999961853,-35.3324890137,-26.5586528778,239
1538769545835150560,2634,1538769545834315360,NED,9.89999961853,-35.3324890137,-26.5586528778,239
1538769545871721600,2635,1538769545867272928,NED,9.89999961853,-35.3324890137,-26.5586528778,239
1538769545920790656,2636,1538769545918672512,NED,9.84000015259,-35.3324890137,-25.4667186737,241
1538769546023552544,2637,1538769546022134784,NED,9.78999996185,-22.194480896,-24.3715362549,243
1538769546091944704,2638,1538769546089323712,NED,9.78999996185,-22.194480896,-24.3715362549,243
1538769546119731200,2639,1538769546118447520,NED,9.72999954224,-22.194480896,-23.2931251526,244
1538769546207883328,2640,1538769546205337056,NED,9.6799993515,-18.0801391602,-22.2287769318,246
1538769546232059968,2641,1538769546229879456,NED,9.6799993515,-18.0801391602,-22.2287769318,246
1538769546318589568,2642,1538769546315241856,NED,9.63999938965,-18.0801391602,-21.1741695404,247
1538769546340825376,2643,1538769546336742112,NED,9.63999938965,-18.0801391602,-21.1741695404,247
1538769546417751456,2644,1538769546412946976,NED,9.5999994278,-11.9197845459,-20.1136035919,249
1538769546454263776,2645,1538769546451095296,NED,9.5999994278,-11.9197845459,-20.1136035919,249
1538769546488242848,2646,1538769546486898688,NED,9.5999994278,-11.9197845459,-20.1136035919,249
1538769546524737760,2647,1538769546520985856,NED,9.55000019073,-11.9197845459,-19.0833358765,250
1538769546623420736,2648,1538769546622347616,NED,9.51000022888,-3.59764099121,-18.0671272278,252
1538769546697878304,2649,1538769546693700288,NED,9.51000022888,-3.59764099121,-18.0671272278,252
1538769546725006432,2650,1538769546722102656,NED,9.47999954224,-3.59764099121,-17.0541667938,254
1538769546806664736,2651,1538769546804751520,NED,9.47999954224,-3.59764099121,-17.0541667938,254
1538769546832706624,2652,1538769546829294496,NED,9.44999980927,-6.52141571045,-16.0655441284,255
1538769546898261472,2653,1538769546893495712,NED,9.44999980927,-6.52141571045,-16.0655441284,255
1538769546932509088,2654,1538769546931671232,NED,9.42000007629,-6.52141571045,-15.0942296982,257
1538769547014526144,2655,1538769547013362720,NED,9.40999984741,-1.84535980225,-14.1504983902,258
1538769547074562944,2656,1538769547070371008,NED,9.40999984741,-1.84535980225,-14.1504983902,258
1538769547093589952,2657,1538769547089652544,NED,9.40999984741,-1.84535980225,-14.1504983902,258
1538769547120263936,2658,1538769547119384160,NED,9.39999961853,-1.84535980225,-13.2305727005,260
1538769547213780384,2659,1538769547211102880,NED,9.39999961853,-3.0179977417,-12.3219928741,262
1538769547232005888,2660,1538769547231248064,NED,9.39999961853,-3.0179977417,-12.3219928741,262
1538769547297290880,2661,1538769547290156608,NED,9.39999961853,-3.0179977417,-11.4469604492,263
1538769547320783840,2662,1538769547319099808,NED,9.39999961853,-3.0179977417,-11.4469604492,263
1538769547430999008,2663,1538769547426772352,NED,9.42000007629,-3.01361083984,-10.5724620819,265
1538769547529022048,2664,1538769547523080512,NED,9.46000003815,-3.01361083984,-9.72230243683,266
1538769547603961920,2665,1538769547601892480,NED,9.5,-3.01361083984,-8.89323234558,268
1538769547634031104,2666,1538769547632231552,NED,9.5,-3.01361083984,-8.89323234558,268
1538769547699798304,2667,1538769547698202880,NED,9.5,-3.01361083984,-8.89323234558,268
1538769547722158272,2668,1538769547719938912,NED,9.55000019073,-9.33094024658,-8.09067726135,270
1538769547818622720,2669,1538769547812140960,NED,9.60999965668,-9.33094024658,-20.4074058533,271
1538769547848801248,2670,1538769547846344544,NED,9.60999965668,-9.33094024658,-20.4074058533,271
1538769547903870336,2671,1538769547893788448,NED,9.60999965668,-9.33094024658,-20.4074058533,271
1538769547954218336,2672,1538769547952279616,NED,9.67000007629,-12.0330810547,-19.0011940002,273
1538769548008798112,2673,1538769548003673824,NED,9.67000007629,-12.0330810547,-19.0011940002,273
1538769548102297824,2674,1538769548096625536,NED,9.73999977112,-17.5422668457,-17.6002616882,274
1538769548134579424,2675,1538769548132192704,NED,9.81999969482,-17.5422668457,-16.2179088593,276
1538769548226352160,2676,1538769548224450720,NED,9.89999961853,-35.2729797363,-14.8402862549,277
1538769548240684704,2677,1538769548239613504,NED,9.89999961853,-35.2729797363,-14.8402862549,277
1538769548309762144,2678,1538769548309027296,NED,9.98999977112,-35.2729797363,-13.4881725311,279
1538769548321029088,2679,1538769548319889184,NED,9.98999977112,-35.2729797363,-13.4881725311,279
1538769548401989536,2680,1538769548394462464,NED,9.98999977112,-35.2729797363,-13.4881725311,279
1538769548438056896,2681,1538769548437038560,NED,10.0900001526,-35.2729797363,-12.1535406113,281
1538769548481678784,2682,1538769548480339136,NED,10.0900001526,-35.2729797363,-12.1535406113,281
1538769548533368096,2683,1538769548530844192,NED,10.1799993515,-45.941734314,-10.8577280045,282
1538769548608411584,2684,1538769548607282656,NED,10.2699995041,-61.6159439087,-18.8364276886,284
1538769548674653376,2685,1538769548673899008,NED,10.2699995041,-61.6159439087,-18.8364276886,284
1538769548690479776,2686,1538769548688714496,NED,10.2699995041,-61.6159439087,-18.8364276886,284
1538769548728338912,2687,1538769548726843808,NED,10.3599996567,-60.6159210205,-17.2864933014,285
1538769548811314368,2688,1538769548810735136,NED,10.4399995804,-79.1177749634,-15.7428350449,287
1538769548846441600,2689,1538769548845485952,NED,10.4399995804,-79.1177749634,-15.7428350449,287
1538769548899345248,2690,1538769548898084352,NED,10.4399995804,-79.1177749634,-15.7428350449,287
1538769548931646656,2691,1538769548930419680,NED,10.5199995041,-79.1177749634,-14.2233219147,288
1538769549026777568,2692,1538769549025430816,NED,10.5999994278,-79.1177749634,-12.7181749344,290
1538769549124074592,2693,1538769549123164768,NED,10.6899995804,-102.144050598,-11.2565727234,291
1538769549203007584,2694,1538769549200189344,NED,10.779999733,-116.345024109,-9.80612659454,293
1538769549243180480,2695,1538769549242470592,NED,10.779999733,-116.345024109,-9.80612659454,293
1538769549310990080,2696,1538769549307058816,NED,10.8599996567,-116.345024109,-8.40243053436,294
1538769549324095648,2697,1538769549320795744,NED,10.8599996567,-116.345024109,-8.40243053436,294
1538769549403845248,2698,1538769549401565408,NED,10.8599996567,-116.345024109,-8.40243053436,294
1538769549436965504,2699,1538769549435063776,NED,10.9399995804,-126.418876648,-7.02929210663,296
1538769549506592032,2700,1538769549505088448,NED,11.0100002289,-126.418876648,-26.3265209198,297
1538769549521848320,2701,1538769549520504640,NED,11.0100002289,-126.418876648,-26.3265209198,297
1538769549597605216,2702,1538769549593549792,NED,11.0100002289,-126.418876648,-26.3265209198,297
1538769549633458112,2703,1538769549632266400,NED,11.0699996948,-148.788833618,-24.6133842468,298
1538769549710383488,2704,1538769549709231136,NED,11.1199998856,-148.788833618,-22.926366806,300
1538769549730465152,2705,1538769549729500928,NED,11.1199998856,-148.788833618,-22.926366806,300
1538769549792574432,2706,1538769549792095648,NED,11.1700000763,-164.168548584,-21.2570533752,301
1538769549831633792,2707,1538769549828116640,NED,11.1700000763,-164.168548584,-21.2570533752,301
1538769549864924608,2708,1538769549864265408,NED,11.1700000763,-164.168548584,-21.2570533752,301
1538769549953397344,2709,1538769549952273344,NED,11.2100000381,-164.168548584,-19.6317634583,302
1538769550007108096,2710,1538769550003769088,NED,11.2100000381,-164.168548584,-19.6317634583,302
1538769550034095328,2711,1538769550031208768,NED,11.25,-169.784729004,-18.024181366,303
1538769550110358560,2712,1538769550104886272,NED,11.279999733,-169.784729004,-16.4690361023,304
1538769550139426272,2713,1538769550135933440,NED,11.279999733,-169.784729004,-16.4690361023,304
1538769550201658368,2714,1538769550200722048,NED,11.3000001907,-185.287094116,-14.9505767822,305
1538769550243846144,2715,1538769550235635328,NED,11.3000001907,-185.287094116,-14.9505767822,305
1538769550307981248,2716,1538769550303697472,NED,11.3099994659,-185.287094116,-13.4834785461,306
1538769550342210880,2717,1538769550339524448,NED,11.3099994659,-185.287094116,-13.4834785461,306
1538769550406174240,2718,1538769550404629248,NED,11.3099994659,-200.867645264,-12.0267486572,307
1538769550445275488,2719,1538769550443061632,NED,11.3099994659,-200.867645264,-12.0267486572,307
1538769550474867104,2720,1538769550473961088,NED,11.3099994659,-200.867645264,-12.0267486572,307
1538769550538529248,2721,1538769550531078464,NED,11.3000001907,-200.867645264,-10.6561098099,308
1538769550589907680,2722,1538769550587007392,NED,11.3000001907,-200.867645264,-10.6561098099,308
1538769550648310464,2723,1538769550645259584,NED,11.2899999619,-200.867645264,-9.33380031586,309
1538769550687716992,2724,1538769550686993824,NED,11.2899999619,-200.867645264,-9.33380031586,309
1538769550750254976,2725,1538769550748819520,NED,11.2599992752,-207.515136719,-8.07126426697,310
1538769550791369344,2726,1538769550790370688,NED,11.2299995422,-207.515136719,-6.88122081757,310
1538769550847798272,2727,1538769550845093984,NED,11.2299995422,-207.515136719,-6.88122081757,310
1538769550893696128,2728,1538769550890933920,NED,11.2299995422,-207.515136719,-6.88122081757,310
1538769550936791264,2729,1538769550935123840,NED,11.1700000763,-171.048553467,-5.78783369064,311
1538769550993815712,2730,1538769550992827552,NED,11.1700000763,-171.048553467,-5.78783369064,311
1538769551019939232,2731,1538769551016286528,NED,11.0999994278,-172.645385742,-4.74688529968,311
1538769551075995168,2732,1538769551075257344,NED,11.0999994278,-172.645385742,-4.74688529968,311
1538769551133592224,2733,1538769551130722848,NED,11.0199995041,-172.645385742,-3.81941962242,312
1538769551201386976,2734,1538769551198981056,NED,11.0199995041,-172.645385742,-3.81941962242,312
1538769551216623840,2735,1538769551206820960,NED,10.9399995804,-182.95880127,-2.95603251457,312
1538769551282040384,2736,1538769551280924992,NED,10.8400001526,-182.95880127,-2.19771671295,312
1538769551336128608,2737,1538769551335006976,NED,10.8400001526,-182.95880127,-2.19771671295,312
1538769551365470176,2738,1538769551364297888,NED,10.8400001526,-182.95880127,-2.19771671295,312
1538769551407577152,2739,1538769551406610752,NED,10.7199993134,-215.845870972,-1.52030742168,313
1538769551444304320,2740,1538769551443529920,NED,10.7199993134,-215.845870972,-1.52030742168,313
1538769551498730464,2741,1538769551495373152,NED,10.5799999237,-215.845870972,-0.950120329857,313
1538769551557826304,2742,1538769551552874624,NED,10.5799999237,-215.845870972,-0.950120329857,313
1538769551609486048,2743,1538769551608866080,NED,10.4200000763,-222.389602661,-0.461916714907,313
1538769551648875296,2744,1538769551645313952,NED,10.4200000763,-222.389602661,-0.461916714907,313
1538769551679087904,2745,1538769551678258240,NED,10.4200000763,-222.389602661,-0.461916714907,313
1538769551733837088,2746,1538769551731833376,NED,10.25,-222.389602661,-0.0662609934807,312
1538769551792292864,2747,1538769551790993216,NED,10.25,-222.389602661,-0.0662609934807,312
1538769551844099968,2748,1538769551843081024,NED,10.0900001526,-227.37713623,0.270500570536,312
1538769551890605760,2749,1538769551889499104,NED,10.0900001526,-227.37713623,0.270500570536,312
1538769551942052320,2750,1538769551939075360,NED,9.92000007629,-227.37713623,0.532615661621,312
1538769552004346976,2751,1538769552002254656,NED,9.92000007629,-227.37713623,0.532615661621,312
1538769552074687680,2752,1538769552073409856,NED,9.76000022888,-230.88760376,0.743174612522,312
1538769552093828256,2753,1538769552092301792,NED,9.76000022888,-230.88760376,0.743174612522,312
1538769552178924608,2754,1538769552177990336,NED,9.60999965668,-230.88760376,0.910590589046,312
1538769552204227296,2755,1538769552203052320,NED,9.46000003815,-220.54196167,1.02752399445,311
1538769552259961440,2756,1538769552251245344,NED,9.46000003815,-220.54196167,1.02752399445,311
1538769552293814560,2757,1538769552290777728,NED,9.46000003815,-220.54196167,1.02752399445,311
1538769552327817120,2758,1538769552324416448,NED,9.30999946594,-220.54196167,1.10131371021,311
1538769552401474656,2759,1538769552398773600,NED,9.14999961853,-210.091217041,1.14878547192,311
1538769552446451584,2760,1538769552445894304,NED,9.14999961853,-210.091217041,1.14878547192,311
1538769552464067776,2761,1538769552463319744,NED,9.14999961853,-210.091217041,1.14878547192,311
1538769552520875936,2762,1538769552518212320,NED,8.97999954224,-210.091217041,1.15311515331,310
1538769552590097312,2763,1538769552588649792,NED,8.97999954224,-210.091217041,1.15311515331,310
1538769552647094080,2764,1538769552645964320,NED,8.78999996185,-191.090011597,1.13112783432,310
1538769552686964256,2765,1538769552686048640,NED,8.59000015259,-191.090011597,1.0817463398,310
1538769552724920512,2766,1538769552723055680,NED,8.59000015259,-191.090011597,1.0817463398,310
1538769552803537120,2767,1538769552801123328,NED,8.59000015259,-191.090011597,1.0817463398,310
1538769552852136576,2768,1538769552851211232,NED,8.38999938965,-174.991226196,1.01553940773,309
1538769552913470144,2769,1538769552908819232,NED,8.18999958038,-174.991226196,0.937688827515,309
1538769552949990560,2770,1538769552949239200,NED,8.18999958038,-174.991226196,0.937688827515,309
1538769553005298592,2771,1538769553003908704,NED,8.18999958038,-174.991226196,0.937688827515,309
1538769553038903296,2772,1538769553037739136,NED,7.98999977112,-159.048461914,0.859839081764,308
1538769553106875744,2773,1538769553105264672,NED,7.78999996185,-159.048461914,0.764085531235,308
1538769553124580736,2774,1538769553120219296,NED,7.78999996185,-159.048461914,0.764085531235,308
1538769553198335712,2775,1538769553197560128,NED,7.59999990463,-146.441070557,0.667255342007,308
1538769553244945216,2776,1538769553244261664,NED,7.59999990463,-146.441070557,0.667255342007,308
1538769553284671424,2777,1538769553283273568,NED,7.59999990463,-146.441070557,0.667255342007,308
1538769553324427072,2778,1538769553320575008,NED,7.42999982834,-146.441070557,0.569349944592,307
1538769553416302176,2779,1538769553411278912,NED,7.27999973297,-146.441070557,0.480933964252,307
1538769553439628640,2780,1538769553438212480,NED,7.27999973297,-146.441070557,0.480933964252,307
1538769553524434848,2781,1538769553522276064,NED,7.15999984741,-124.315071106,0.403963178396,307
1538769553538408704,2782,1538769553536735936,NED,7.15999984741,-124.315071106,0.403963178396,307
1538769553616664128,2783,1538769553616168960,NED,7.03999996185,-124.315071106,0.32288390398,306
1538769553635985024,2784,1538769553634115680,NED,7.03999996185,-124.315071106,0.32288390398,306
1538769553687861600,2785,1538769553685147840,NED,7.03999996185,-124.315071106,0.32288390398,306
1538769553750570720,2786,1538769553749847392,NED,6.94999980927,-115.427207947,0.261664390564,306
1538769553806708608,2787,1538769553804385824,NED,6.94999980927,-115.427207947,0.261664390564,306
1538769553830489856,2788,1538769553828267456,NED,6.86999988556,-99.4379043579,0.204749315977,306
1538769553881774944,2789,1538769553881090560,NED,6.86999988556,-99.4379043579,0.204749315977,306
1538769553952543424,2790,1538769553950405920,NED,6.81999969482,-99.4379043579,0.162508994341,305
1538769554002045376,2791,1538769554000941216,NED,6.81999969482,-99.4379043579,0.162508994341,305
1538769554050404032,2792,1538769554048480576,NED,6.76999998093,-84.7290039062,0.120268560946,305
1538769554097076928,2793,1538769554095852928,NED,6.76999998093,-84.7290039062,0.120268560946,305
1538769554141691328,2794,1538769554140155072,NED,6.75,-84.7290039062,0.0927032604814,305
1538769554195027616,2795,1538769554193802528,NED,6.75,-84.7290039062,0.0927032604814,305
1538769554276101952,2796,1538769554275380576,NED,6.71999979019,-77.1823883057,-46.8766212463,305
1538769554290405344,2797,1538769554289821472,NED,6.69000005722,-77.1823883057,-45.4941825867,305
1538769554327306176,2798,1538769554322675328,NED,6.69000005722,-77.1823883057,-45.4941825867,305
1538769554392304544,2799,1538769554391595264,NED,6.69000005722,-77.1823883057,-45.4941825867,305
1538769554444570400,2800,1538769554443279392,NED,6.67999982834,-75.8249282837,-44.1198387146,305
1538769554490555808,2801,1538769554486859552,NED,6.67999982834,-75.8249282837,-44.1198387146,305
1538769554524509600,2802,1538769554520849632,NED,6.67999982834,-75.8249282837,-42.7364807129,304
1538769554612109600,2803,1538769554610789504,NED,6.69000005722,-67.3494338989,-41.3391532898,304
1538769554644957312,2804,1538769554643308608,NED,6.69000005722,-67.3494338989,-41.3391532898,304
1538769554731794752,2805,1538769554725576640,NED,6.71000003815,-67.3494338989,-39.9508361816,304
1538769554808528960,2806,1538769554807553856,NED,6.73999977112,0.642395019531,-38.5674819946,304
1538769554834752128,2807,1538769554829970112,NED,6.73999977112,0.642395019531,-38.5674819946,304
1538769554905168736,2808,1538769554902852416,NED,6.7999997139,0.642395019531,-37.1890945435,304
1538769554957743616,2809,1538769554956241184,NED,6.7999997139,0.642395019531,-37.1890945435,304
1538769555004813536,2810,1538769555002623232,NED,6.7999997139,0.642395019531,-37.1890945435,304
1538769555076113184,2811,1538769555074959072,NED,6.89999961853,-7.21035003662,-35.8156700134,304
1538769555104426496,2812,1538769555102587168,NED,7.03999996185,-7.21035003662,-34.4422416687,304
1538769555137855328,2813,1538769555136481728,NED,7.03999996185,-7.21035003662,-34.4422416687,304
1538769555249706176,2814,1538769555247392640,NED,7.19999980927,-0.245475769043,-33.0688171387,304
1538769555286622720,2815,1538769555285972896,NED,7.19999980927,-0.245475769043,-33.0688171387,304
1538769555326016512,2816,1538769555324572064,NED,7.38999986649,-0.245475769043,-31.7053203583,304
1538769555405828608,2817,1538769555404618528,NED,7.38999986649,-0.245475769043,-31.7053203583,304
1538769555431223296,2818,1538769555429270848,NED,7.57999992371,-9.21821594238,-30.3427410126,304
1538769555504537888,2819,1538769555501204096,NED,7.76999998093,-9.21821594238,-28.9900894165,304
1538769555547007264,2820,1538769555544637984,NED,7.76999998093,-9.21821594238,-28.9900894165,304
1538769555614755296,2821,1538769555612882976,NED,7.98000001907,-18.4608459473,-27.6523303986,304
1538769555654502016,2822,1538769555645399104,NED,7.98000001907,-18.4608459473,-27.6523303986,304
1538769555687702400,2823,1538769555686842976,NED,8.1799993515,-18.4608459473,-26.339389801,304
1538769555758915904,2824,1538769555752090400,NED,8.1799993515,-18.4608459473,-26.339389801,304
1538769555825921056,2825,1538769555821749408,NED,8.38999938965,-33.5168838501,-25.041343689,303
1538769555913356000,2826,1538769555908277792,NED,8.59000015259,-33.5168838501,-23.7631530762,303
1538769555928296576,2827,1538769555923368160,NED,8.59000015259,-33.5168838501,-23.7631530762,303
1538769556019028672,2828,1538769556013785120,NED,8.78999996185,-32.1273803711,-22.5007743835,303
1538769556034278048,2829,1538769556032707072,NED,8.78999996185,-32.1273803711,-22.5007743835,303
1538769556087885792,2830,1538769556084116224,NED,8.78999996185,-32.1273803711,-22.5007743835,303
1538769556153188992,2831,1538769556149085472,NED,8.97000026703,-32.1273803711,-21.2672634125,303
1538769556208299232,2832,1538769556204458208,NED,9.14999961853,-41.8579101562,-20.0495567322,303
1538769556274447680,2833,1538769556269540192,NED,9.14999961853,-41.8579101562,-20.0495567322,303
1538769556313147904,2834,1538769556311853792,NED,9.30000019073,-41.8579101562,-18.8706493378,302
1538769556349378016,2835,1538769556347115072,NED,9.30000019073,-41.8579101562,-18.8706493378,302
1538769556417683840,2836,1538769556413201472,NED,9.44999980927,-63.7065887451,-17.7165622711,302
1538769556441575840,2837,1538769556438956864,NED,9.44999980927,-63.7065887451,-17.7165622711,302
1538769556487990496,2838,1538769556486393568,NED,9.44999980927,-63.7065887451,-17.7165622711,302
1538769556529327488,2839,1538769556524480288,NED,9.57999992371,-63.7065887451,-16.5913391113,302
1538769556616270624,2840,1538769556610646112,NED,9.57999992371,-63.7065887451,-16.5913391113,302
1538769556655197888,2841,1538769556652938016,NED,9.69999980927,-81.0361862183,-15.4959039688,301
1538769556693035456,2842,1538769556689027744,NED,9.69999980927,-81.0361862183,-15.4959039688,301
1538769556758474848,2843,1538769556754178464,NED,9.80999946594,-81.0361862183,-14.4383430481,301
1538769556797943424,2844,1538769556797188576,NED,9.80999946594,-81.0361862183,-14.4383430481,301
1538769556840990816,2845,1538769556833348128,NED,9.9299993515,-104.143714905,-13.4006385803,301
1538769556884488544,2846,1538769556883325888,NED,9.9299993515,-104.143714905,-13.4006385803,301
1538769556923696768,2847,1538769556922588416,NED,10.0500001907,-104.143714905,-12.4057760239,300
1538769557012389856,2848,1538769557007455456,NED,10.0500001907,-104.143714905,-12.4057760239,300
1538769557060407232,2849,1538769557057468448,NED,10.1700000763,-116.206359863,-11.4307689667,300
1538769557086347520,2850,1538769557084292928,NED,10.1700000763,-116.206359863,-11.4307689667,300
1538769557159993184,2851,1538769557157029632,NED,10.279999733,-116.206359863,-10.5125780106,299
1538769557200421792,2852,1538769557199259808,NED,10.279999733,-116.206359863,-10.5125780106,299
1538769557223761760,2853,1538769557221829312,NED,10.3800001144,-126.314163208,-9.62417030334,299
1538769557288495360,2854,1538769557287339712,NED,10.4600000381,-126.314163208,-8.80158805847,298
1538769557322614304,2855,1538769557319761088,NED,10.4600000381,-126.314163208,-8.80158805847,298
1538769557415645888,2856,1538769557413653248,NED,10.5399999619,-145.25680542,-8.03085708618,297
1538769557455904384,2857,1538769557439594176,NED,10.5399999619,-145.25680542,-8.03085708618,297
1538769557481484832,2858,1538769557480454560,NED,10.5399999619,-145.25680542,-8.03085708618,297
1538769557554417248,2859,1538769557547102016,NED,10.5999994278,-145.25680542,-7.31289577484,297
1538769557613606976,2860,1538769557604217248,NED,10.5999994278,-145.25680542,-7.31289577484,297
1538769557633047296,2861,1538769557632022272,NED,10.6499996185,-158.628463745,-6.6247177124,296
1538769557697723872,2862,1538769557693580448,NED,10.6499996185,-158.628463745,-6.6247177124,296
1538769557724596064,2863,1538769557720268192,NED,10.6799993515,-158.628463745,-29.1014308929,295
1538769557797866720,2864,1538769557796936448,NED,10.6999998093,-152.218811035,-27.2914524078,294
1538769557842090208,2865,1538769557837640672,NED,10.6999998093,-152.218811035,-27.2914524078,294
1538769557918298176,2866,1538769557913934240,NED,10.6899995804,-152.218811035,-25.5202522278,294
1538769557927989856,2867,1538769557926376736,NED,10.6899995804,-152.218811035,-25.5202522278,294
1538769558016512064,2868,1538769558011692992,NED,10.6799993515,-151.142883301,-23.7469463348,293
1538769558041392992,2869,1538769558040355360,NED,10.6799993515,-151.142883301,-23.7469463348,293
1538769558108706880,2870,1538769558105153792,NED,10.6499996185,-151.142883301,-22.0124206543,292
1538769558122745952,2871,1538769558121540288,NED,10.6499996185,-151.142883301,-22.0124206543,292
1538769558212806784,2872,1538769558211719264,NED,10.6300001144,-161.054046631,-20.2994670868,291
1538769558243999776,2873,1538769558239881408,NED,10.6300001144,-161.054046631,-20.2994670868,291
1538769558326675360,2874,1538769558325158240,NED,10.5999994278,-161.054046631,-18.6231479645,290
1538769558399871808,2875,1538769558395560736,NED,10.5999994278,-161.054046631,-18.6231479645,290
1538769558432109632,2876,1538769558429218304,NED,10.5799999237,-156.117431641,-16.9705505371,289
1538769558477928768,2877,1538769558472501120,NED,10.5799999237,-156.117431641,-16.9705505371,289
1538769558526669472,2878,1538769558523571264,NED,10.5599994659,-156.117431641,-15.352440834,288
1538769558600087104,2879,1538769558598909216,NED,10.5699996948,-150.158309937,-13.7666702271,287
1538769558655174944,2880,1538769558650445664,NED,10.5699996948,-150.158309937,-13.7666702271,287
1538769558686717184,2881,1538769558684848160,NED,10.5699996948,-150.158309937,-13.7666702271,287
1538769558723452288,2882,1538769558721855488,NED,10.5799999237,-150.158309937,-12.2412157059,286
1538769558836654528,2883,1538769558834919200,NED,10.5999994278,-150.158309937,-10.7330446243,285
1538769558884503200,2884,1538769558883383328,NED,10.5999994278,-150.158309937,-10.7330446243,285
1538769558936871040,2885,1538769558931172960,NED,10.6099996567,-154.769515991,-9.28518772125,284
1538769558994169024,2886,1538769558993016992,NED,10.6099996567,-154.769515991,-9.28518772125,284
1538769559051273920,2887,1538769559045311840,NED,10.6300001144,-154.769515991,-7.88691616058,283
1538769559119161280,2888,1538769559115662208,NED,10.6399993896,-117.26436615,-6.55972480774,282
1538769559141707488,2889,1538769559136490368,NED,10.6399993896,-117.26436615,-6.55972480774,282
1538769559200913312,2890,1538769559197093952,NED,10.6399993896,-117.26436615,-6.55972480774,282
1538769559260941248,2891,1538769559247992672,NED,10.6399993896,-117.26436615,-5.28426599503,280
1538769559273645600,2892,1538769559272852256,NED,10.6399993896,-117.26436615,-5.28426599503,280
1538769559344315360,2893,1538769559342580608,NED,10.6399993896,-132.249633789,-4.07988786697,279
1538769559463577120,2894,1538769559459015840,NED,10.6300001144,-141.479873657,-2.94229888916,278
1538769559491722848,2895,1538769559486417312,NED,10.6300001144,-141.479873657,-2.94229888916,278
1538769559530218176,2896,1538769559527593312,NED,10.6099996567,-141.479873657,-1.87150025368,276
1538769559579493152,2897,1538769559573779552,NED,10.6099996567,-141.479873657,-1.87150025368,276
1538769559631362592,2898,1538769559627380800,NED,10.5900001526,-141.479873657,-0.845957100391,275
1538769559683274304,2899,1538769559680521792,NED,10.5900001526,-141.479873657,-0.845957100391,275
1538769559724906656,2900,1538769559722774368,NED,10.5399999619,-148.118209839,74.2670059204,273
1538769559785348320,2901,1538769559777802784,NED,10.5399999619,-148.118209839,74.2670059204,273
1538769559808490272,2902,1538769559806836864,NED,10.4899997711,-158.963592529,75.2211303711,272
1538769559874622080,2903,1538769559870691936,NED,10.4899997711,-158.963592529,75.2211303711,272
1538769559930089728,2904,1538769559929315200,NED,10.4399995804,-158.963592529,76.0932388306,270
1538769560021777088,2905,1538769560017904256,NED,10.4099998474,-166.007614136,76.9256591797,269
1538769560131056768,2906,1538769560127605600,NED,10.3800001144,-166.007614136,77.6734237671,267
1538769560178653344,2907,1538769560177494240,NED,10.3800001144,-166.007614136,77.6734237671,267
1538769560234907808,2908,1538769560233547872,NED,10.3599996567,-163.767623901,78.3709487915,265
1538769560270334496,2909,1538769560269286528,NED,10.3599996567,-163.767623901,78.3709487915,265
1538769560322827968,2910,1538769560318243616,NED,10.3499994278,-163.767623901,78.9891433716,264
1538769560411020800,2911,1538769560404723680,NED,10.3499994278,-163.767623901,78.9891433716,264
1538769560420493472,2912,1538769560417294656,NED,10.3599996567,-203.18031311,79.5438537598,262
1538769560481628672,2913,1538769560477475264,NED,10.3599996567,-203.18031311,79.5438537598,262
1538769560519824192,2914,1538769560515581216,NED,10.3699998856,-203.18031311,80.0324478149,260
1538769560568732896,2915,1538769560566349664,NED,10.3699998856,-203.18031311,80.0324478149,260
1538769560672325888,2916,1538769560671251040,NED,10.3899993896,-213.568695068,80.4469985962,259
1538769560698774848,2917,1538769560698060064,NED,10.4200000763,-213.568695068,80.7796096802,257
1538769560753274112,2918,1538769560751776352,NED,10.4200000763,-213.568695068,80.7796096802,257
1538769560806717024,2919,1538769560802967776,NED,10.4499998093,-217.354400635,81.04347229,255
1538769560838921088,2920,1538769560831438496,NED,10.4499998093,-217.354400635,81.04347229,255
1538769560908142208,2921,1538769560907378016,NED,10.4899997711,-217.354400635,81.2306976318,253
1538769560921364576,2922,1538769560920622976,NED,10.4899997711,-217.354400635,81.2306976318,253
1538769561012348416,2923,1538769561010601952,NED,10.5199995041,-214.608001709,81.3438720703,252
1538769561048976736,2924,1538769561046093952,NED,10.5199995041,-214.608001709,81.3438720703,252
1538769561108379840,2925,1538769561104653312,NED,10.529999733,-214.608001709,81.3592758179,250
1538769561124323232,2926,1538769561121808064,NED,10.529999733,-214.608001709,81.3592758179,250
1538769561239995680,2927,1538769561238058880,NED,10.5100002289,-214.375488281,81.3033065796,248
1538769561282438752,2928,1538769561281402016,NED,10.5100002289,-214.375488281,81.3033065796,248
1538769561339378240,2929,1538769561337007520,NED,10.4699993134,-214.375488281,81.1627655029,247
1538769561395613696,2930,1538769561394062240,NED,10.4699993134,-214.375488281,81.1627655029,247
1538769561442095936,2931,1538769561437626240,NED,10.3999996185,-229.652984619,80.9535522461,245
1538769561494038496,2932,1538769561491435232,NED,10.3999996185,-229.652984619,80.9535522461,245
1538769561535184800,2933,1538769561534519776,NED,10.3099994659,-229.652984619,80.6862411499,243
1538769561604032192,2934,1538769561603112320,NED,10.1999998093,-219.897842407,80.3713607788,242
1538769561640241856,2935,1538769561639160480,NED,10.1999998093,-219.897842407,80.3713607788,242
1538769561692431008,2936,1538769561690526112,NED,10.1999998093,-219.897842407,80.3713607788,242
1538769561726022048,2937,1538769561723223008,NED,10.0699996948,-219.897842407,80.0115814209,240
1538769561808367904,2938,1538769561799587392,NED,10.0699996948,-219.897842407,80.0115814209,240
1538769561824546368,2939,1538769561824028000,NED,9.9299993515,-203.34262085,79.6095504761,238
1538769561886431648,2940,1538769561882731744,NED,9.9299993515,-203.34262085,79.6095504761,238
1538769561923748256,2941,1538769561922840704,NED,9.76999950409,-203.34262085,79.1890563965,237
1538769562010288960,2942,1538769562007436864,NED,9.60999965668,-201.285736084,78.7395248413,235
1538769562029442208,2943,1538769562026833632,NED,9.60999965668,-201.285736084,78.7395248413,235
1538769562096162912,2944,1538769562093271424,NED,9.43999958038,-201.285736084,78.2715072632,234
1538769562128441600,2945,1538769562126459392,NED,9.43999958038,-201.285736084,78.2715072632,234
1538769562212828288,2946,1538769562212095008,NED,9.26999950409,-201.285736084,77.798248291,232
1538769562228818528,2947,1538769562227891808,NED,9.26999950409,-201.285736084,77.798248291,232
1538769562312253760,2948,1538769562311055072,NED,9.0999994278,-180.45425415,77.3091430664,230
1538769562321602496,2949,1538769562320762528,NED,9.0999994278,-180.45425415,77.3091430664,230
1538769562455045920,2950,1538769562453973664,NED,8.92000007629,-180.45425415,76.8147888184,229
1538769562525626944,2951,1538769562524950144,NED,8.73999977112,-162.875946045,76.3151550293,227
1538769562605673632,2952,1538769562604635264,NED,8.56999969482,-141.541107178,75.8287353516,226
1538769562626904736,2953,1538769562625873280,NED,8.56999969482,-141.541107178,75.8287353516,226
1538769562708041824,2954,1538769562705703136,NED,8.38999938965,-141.541107178,75.3502807617,224
1538769562719669088,2955,1538769562718787424,NED,8.38999938965,-141.541107178,75.3502807617,224
1538769562815876192,2956,1538769562811076384,NED,8.21000003815,-141.541107178,74.8770828247,223
1538769562842415808,2957,1538769562838736928,NED,8.21000003815,-141.541107178,74.8770828247,223
1538769562874757760,2958,1538769562870880960,NED,8.21000003815,-141.541107178,74.8770828247,223
1538769562956614752,2959,1538769562951975744,NED,8.03999996185,-118.811607361,74.4303588867,222
1538769562989478560,2960,1538769562983721216,NED,8.03999996185,-118.811607361,74.4303588867,222
1538769563037604544,2961,1538769563035536704,NED,7.8799996376,-118.811607361,73.9994812012,220
1538769563061031520,2962,1538769563060086784,NED,7.8799996376,-118.811607361,73.9994812012,220
1538769563131220704,2963,1538769563130482016,NED,7.75,-109.738540649,73.5765533447,219
1538769563162597344,2964,1538769563161737888,NED,7.75,-109.738540649,73.5765533447,219
1538769563244472352,2965,1538769563240912864,NED,7.63999986649,-109.738540649,73.15625,217
1538769563278568672,2966,1538769563274307296,NED,7.63999986649,-109.738540649,73.15625,217
1538769563321545792,2967,1538769563318749984,NED,7.57999992371,-87.1120452881,72.7438964844,216
1538769563359812352,2968,1538769563358275040,NED,7.57999992371,-87.1120452881,72.7438964844,216
1538769563457396416,2969,1538769563455391392,NED,7.52999973297,-87.1120452881,72.342124939,214
1538769563499443808,2970,1538769563493555648,NED,7.52999973297,-87.1120452881,72.342124939,214
1538769563536498048,2971,1538769563532290976,NED,7.50999975204,-83.1966400146,71.937713623,213
1538769563564097408,2972,1538769563562782368,NED,7.50999975204,-83.1966400146,71.937713623,213
1538769563637448992,2973,1538769563634604928,NED,7.5,-83.1966400146,71.5491638184,211
1538769563663886336,2974,1538769563662318336,NED,7.5,-83.1966400146,71.5491638184,211
1538769563704340416,2975,1538769563703554944,NED,7.50999975204,-70.8246231079,71.1579742432,210
1538769563800935872,2976,1538769563799957824,NED,7.52999973297,-70.8246231079,70.7931976318,208
1538769563841014848,2977,1538769563840135584,NED,7.52999973297,-70.8246231079,70.7931976318,208
1538769563880321184,2978,1538769563875157344,NED,7.52999973297,-70.8246231079,70.7931976318,208
1538769563903009152,2979,1538769563901907072,NED,7.55999994278,-64.7300720215,70.4284286499,207
1538769564013513088,2980,1538769564011705952,NED,7.59999990463,-57.6692581177,70.0742263794,205
1538769564037946752,2981,1538769564036243680,NED,7.59999990463,-57.6692581177,70.0742263794,205
1538769564155780480,2982,1538769564154298720,NED,7.65999984741,-57.6692581177,69.7279129028,204
1538769564205940704,2983,1538769564201555136,NED,7.65999984741,-57.6692581177,69.7279129028,204
1538769564227651936,2984,1538769564226432544,NED,7.73000001907,-57.6692581177,69.3922042847,202
1538769564292446976,2985,1538769564288676128,NED,7.82999992371,-53.581237793,69.0538406372,201
1538769564309995136,2986,1538769564308424064,NED,7.82999992371,-53.581237793,69.0538406372,201
1538769564365073952,2987,1538769564363658912,NED,7.82999992371,-53.581237793,69.0538406372,201
1538769564434468128,2988,1538769564433426848,NED,7.92999982834,-53.581237793,68.7392654419,200
1538769564452317440,2989,1538769564451212320,NED,7.92999982834,-53.581237793,68.7392654419,200
1538769564502086272,2990,1538769564498644480,NED,8.05000019073,-50.089263916,68.4141159058,198
1538769564557942048,2991,1538769564556191904,NED,8.05000019073,-50.089263916,68.4141159058,198
1538769564598040640,2992,1538769564596471136,NED,8.15999984741,-50.089263916,68.0942382812,197
1538769564630036320,2993,1538769564628272224,NED,8.15999984741,-50.089263916,68.0942382812,197
1538769564693423264,2994,1538769564692676256,NED,8.26999950409,-53.6329269409,67.7769699097,195
1538769564733740896,2995,1538769564733155424,NED,8.26999950409,-53.6329269409,67.7769699097,195
1538769564761355232,2996,1538769564758975936,NED,8.26999950409,-53.6329269409,67.7769699097,195
1538769564834084640,2997,1538769564833110752,NED,8.35999965668,-53.6329269409,67.4702835083,194
1538769564862985888,2998,1538769564862205824,NED,8.35999965668,-53.6329269409,67.4702835083,194
1538769564935015808,2999,1538769564934232512,NED,8.4299993515,-56.7659378052,67.1557159424,192
1538769564989856256,3000,1538769564988990432,NED,8.4299993515,-56.7659378052,67.1557159424,192
1538769565054458080,3001,1538769565052193824,NED,8.48999977112,-56.7659378052,66.843711853,191
1538769565084037536,3002,1538769565081024928,NED,8.48999977112,-56.7659378052,66.843711853,191
1538769565129065920,3003,1538769565128387744,NED,8.51999950409,-63.3476257324,66.5370407104,189
1538769565176951776,3004,1538769565172828224,NED,8.51999950409,-63.3476257324,66.5370407104,189
1538769565229303840,3005,1538769565228755296,NED,8.55999946594,-63.4923934937,66.2277297974,188
1538769565268761632,3006,1538769565265362976,NED,8.55999946594,-63.4923934937,66.2277297974,188
1538769565297532288,3007,1538769565295407936,NED,8.59000015259,-63.4923934937,65.9236755371,186
1538769565367890720,3008,1538769565364277728,NED,8.59000015259,-63.4923934937,65.9236755371,186
1538769565423109568,3009,1538769565422375456,NED,8.61999988556,-68.3506011963,65.6222610474,185
1538769565474717888,3010,1538769565471605312,NED,8.61999988556,-68.3506011963,65.6222610474,185
1538769565509001440,3011,1538769565503688544,NED,8.65999984741,-68.3506011963,65.3154983521,183
1538769565555515296,3012,1538769565554770080,NED,8.65999984741,-68.3506011963,65.3154983521,183
1538769565632192448,3013,1538769565629572928,NED,8.68999958038,-68.3506011963,65.0114593506,182
1538769565659411328,3014,1538769565656760736,NED,8.68999958038,-68.3506011963,65.0114593506,182
1538769565673061632,3015,1538769565671087904,NED,8.68999958038,-68.3506011963,65.0114593506,182
1538769565756422080,3016,1538769565755647968,NED,8.72000026703,-71.4454650879,64.6968154907,180
1538769565830736224,3017,1538769565829377760,NED,8.71000003815,-71.4454650879,64.3848190308,179
1538769565851521888,3018,1538769565850473376,NED,8.71000003815,-71.4454650879,64.3848190308,179
1538769565889948672,3019,1538769565886879840,NED,8.67000007629,-74.6675491333,64.0596084595,177
1538769565927232448,3020,1538769565926434144,NED,8.67000007629,-74.6675491333,64.0596084595,177
1538769566033070176,3021,1538769566032209120,NED,8.63000011444,-74.6675491333,63.7370262146,176
1538769566066577248,3022,1538769566064899168,NED,8.63000011444,-74.6675491333,63.7370262146,176
1538769566120000832,3023,1538769566119397568,NED,8.56999969482,-82.5296401978,63.4091758728,174
1538769566193890528,3024,1538769566189079712,NED,8.56999969482,-82.5296401978,63.4091758728,174
1538769566236480288,3025,1538769566235656608,NED,8.51000022888,-82.5296401978,63.0865974426,173
1538769566277219072,3026,1538769566274857920,NED,8.51000022888,-82.5296401978,63.0865974426,173
1538769566309343136,3027,1538769566307977344,NED,8.46000003815,-81.1780929565,62.7587661743,171
1538769566402542848,3028,1538769566400674048,NED,8.46000003815,-81.1780929565,62.7587661743,171
1538769566441284416,3029,1538769566439838176,NED,8.42000007629,-81.1780929565,62.4335479736,170
1538769566502217920,3030,1538769566501690880,NED,8.42000007629,-80.9850692749,62.1162948608,168
1538769566599858048,3031,1538769566598461408,NED,8.42000007629,-80.9850692749,61.8016433716,167
1538769566639868768,3032,1538769566636428832,NED,8.42000007629,-80.9850692749,61.8016433716,167
1538769566688741248,3033,1538769566685895488,NED,8.42000007629,-80.9850692749,61.8016433716,167
1538769566697501920,3034,1538769566696760768,NED,8.46000003815,-78.9875030518,61.4949760437,165
1538769566764687616,3035,1538769566762855904,NED,8.46000003815,-78.9875030518,61.4949760437,165
1538769566801104736,3036,1538769566800052000,NED,8.5,-78.9875030518,61.1935501099,164
1538769566847385024,3037,1538769566843250560,NED,8.5,-78.9875030518,61.1935501099,164
1538769566900262080,3038,1538769566898053568,NED,8.56999969482,-82.2021484375,60.9027137756,162
1538769566952787232,3039,1538769566951539360,NED,8.56999969482,-82.2021484375,60.9027137756,162
1538769567032970912,3040,1538769567030902816,NED,8.63999938965,-82.2021484375,60.611869812,161
1538769567091183008,3041,1538769567090666208,NED,8.63999938965,-82.2021484375,60.611869812,161
1538769567125406656,3042,1538769567123749472,NED,8.72999954224,-76.5745162964,60.3342247009,159
1538769567236306016,3043,1538769567235189312,NED,8.80999946594,-76.5745162964,60.0486412048,158
1538769567288893120,3044,1538769567287993088,NED,8.89999961853,-83.5708618164,59.7789573669,156
1538769567328415040,3045,1538769567327586176,NED,8.89999961853,-83.5708618164,59.7789573669,156
1538769567413895776,3046,1538769567409808800,NED,8.98999977112,-83.5708618164,59.496006012,155
1538769567436707104,3047,1538769567433627424,NED,8.98999977112,-83.5708618164,59.496006012,155
1538769567464364288,3048,1538769567462368288,NED,8.98999977112,-83.5708618164,59.496006012,155
1538769567557145504,3049,1538769567555092480,NED,9.07999992371,-85.4772567749,59.2130470276,153
1538769567645732736,3050,1538769567643736480,NED,9.17000007629,-85.4772567749,58.9300918579,152
1538769567694190432,3051,1538769567693426368,NED,9.26999950409,-87.9682540894,58.6497650146,150
1538769567765485184,3052,1538769567764822848,NED,9.26999950409,-87.9682540894,58.6497650146,150
1538769567800073152,3053,1538769567798429664,NED,9.36999988556,-102.042579651,58.3694381714,149
1538769567832612192,3054,1538769567831755552,NED,9.36999988556,-102.042579651,58.3694381714,149
1538769567893383168,3055,1538769567892236160,NED,9.36999988556,-102.042579651,58.3694381714,149
1538769567939851296,3056,1538769567938303936,NED,9.47999954224,-102.042579651,58.0811653137,147
1538769568011858208,3057,1538769568010579680,NED,9.59000015259,-102.042579651,57.7849311829,146
1538769568078004576,3058,1538769568077520800,NED,9.59000015259,-102.042579651,57.7849311829,146
1538769568130410688,3059,1538769568129832000,NED,9.68999958038,-107.284355164,57.4860725403,144
1538769568190940032,3060,1538769568189712544,NED,9.80000019073,-107.284355164,57.1898384094,143
1538769568241954560,3061,1538769568237929376,NED,9.80000019073,-107.284355164,57.1898384094,143
1538769568288655264,3062,1538769568286701888,NED,9.90999984741,-119.718933105,56.8830337524,141
1538769568324687840,3063,1538769568323367488,NED,9.90999984741,-119.718933105,56.8830337524,141
1538769568431448064,3064,1538769568421960224,NED,10.0100002289,-119.718933105,56.5762214661,139
1538769568447159840,3065,1538769568442520960,NED,10.0100002289,-119.718933105,56.5762214661,139
1538769568504892608,3066,1538769568502988384,NED,10.1300001144,-126.91822052,56.2694168091,138
1538769568524227424,3067,1538769568521222624,NED,10.1300001144,-126.91822052,56.2694168091,138
1538769568588455200,3068,1538769568581236960,NED,10.1300001144,-126.91822052,56.2694168091,138
1538769568638365792,3069,1538769568635939936,NED,10.2399997711,-126.91822052,55.962600708,136
1538769568683992384,3070,1538769568681806528,NED,10.2399997711,-126.91822052,55.962600708,136
1538769568753619136,3071,1538769568753055104,NED,10.3400001526,-135.760314941,55.6425857544,135
1538769568766181664,3072,1538769568764860640,NED,10.3400001526,-135.760314941,55.6425857544,135
1538769568800740416,3073,1538769568799558624,NED,10.4299993515,-135.760314941,55.3198776245,133
1538769568873688864,3074,1538769568870914880,NED,10.4299993515,-135.760314941,55.3198776245,133
1538769568903091648,3075,1538769568902035264,NED,10.5,-140.74420166,55.0051193237,132
1538769568956264896,3076,1538769568955170464,NED,10.5,-140.74420166,55.0051193237,132
1538769569019162016,3077,1538769569017494080,NED,10.5500001907,-149.840362549,54.6877326965,130
1538769569066059264,3078,1538769569063294400,NED,10.5500001907,-149.840362549,54.6877326965,130
1538769569126510368,3079,1538769569125487744,NED,10.5799999237,-149.840362549,54.3570671082,129
1538769569169824032,3080,1538769569166434400,NED,10.5799999237,-149.840362549,54.3570671082,129
1538769569214939232,3081,1538769569213733920,NED,10.5999994278,-148.025131226,54.0291061401,127
1538769569267086272,3082,1538769569264492096,NED,10.5999994278,-148.025131226,54.0291061401,127
1538769569313496576,3083,1538769569312752128,NED,10.5999994278,-148.025131226,53.7142753601,126
1538769569368878080,3084,1538769569364887840,NED,10.5999994278,-148.025131226,53.7142753601,126
1538769569419788736,3085,1538769569417220512,NED,10.5999994278,-145.992095947,53.3968849182,124
1538769569473717760,3086,1538769569471314304,NED,10.5999994278,-145.992095947,53.3968849182,124
1538769569499179616,3087,1538769569498339296,NED,10.5799999237,-145.992095947,53.087387085,123
1538769569591552608,3088,1538769569589882560,NED,10.5799999237,-145.992095947,53.087387085,123
1538769569636961824,3089,1538769569629649248,NED,10.5599994659,-147.661209106,52.7752532959,121
1538769569663927552,3090,1538769569662943808,NED,10.5599994659,-147.661209106,52.7752532959,121
1538769569717082048,3091,1538769569715605408,NED,10.5399999619,-147.661209106,52.4763298035,120
1538769569764431424,3092,1538769569763364512,NED,10.5399999619,-147.661209106,52.4763298035,120
1538769569810708448,3093,1538769569809898400,NED,10.5199995041,-141.257095337,52.177406311,118
1538769569846330208,3094,1538769569844989600,NED,10.5199995041,-141.257095337,52.177406311,118
1538769569879688544,3095,1538769569878124736,NED,10.5199995041,-141.257095337,52.177406311,118
1538769569948854752,3096,1538769569948253952,NED,10.5,-141.257095337,51.8996505737,117
1538769570012829152,3097,1538769570009563840,NED,10.4699993134,-140.681274414,51.6086807251,115
1538769570060314176,3098,1538769570057835584,NED,10.4699993134,-140.681274414,51.6086807251,115
1538769570089057088,3099,1538769570085033856,NED,10.4699993134,-140.681274414,51.6086807251,115
1538769570140677248,3100,1538769570137877088,NED,10.4299993515,-140.681274414,51.330909729,114
1538769570255186016,3101,1538769570254462912,NED,10.3999996185,-131.412124634,51.0531539917,112
1538769570288115104,3102,1538769570286110336,NED,10.3999996185,-131.412124634,51.0531539917,112
1538769570317144384,3103,1538769570315850912,NED,10.3599996567,-131.412124634,50.7833442688,110
1538769570437413856,3104,1538769570435859424,NED,10.3199996948,-132.007980347,50.502948761,109
1538769570471928992,3105,1538769570471506688,NED,10.3199996948,-132.007980347,50.502948761,109
1538769570515685760,3106,1538769570513691520,NED,10.279999733,-132.007980347,50.2199249268,108
1538769570608510720,3107,1538769570607302272,NED,10.2399997711,-128.023345947,49.9369087219,106
1538769570623284512,3108,1538769570619532736,NED,10.2399997711,-128.023345947,49.9369087219,106
1538769570683015424,3109,1538769570682050816,NED,10.2399997711,-128.023345947,49.9369087219,106
1538769570715589312,3110,1538769570714475936,NED,10.1999998093,-128.023345947,49.6644668579,105
1538769570809653376,3111,1538769570808704640,NED,10.1700000763,-120.767593384,49.378818512,103
1538769570838391072,3112,1538769570834989216,NED,10.1700000763,-120.767593384,49.378818512,103
1538769570914760608,3113,1538769570914077728,NED,10.1399993896,-120.767593384,49.0958023071,102
1538769570933092032,3114,1538769570930451808,NED,10.1399993896,-120.767593384,49.0958023071,102
1538769571014297408,3115,1538769571009333632,NED,10.1199998856,-121.724319458,48.820728302,100
1538769571042628544,3116,1538769571040545152,NED,10.1199998856,-121.724319458,48.820728302,100
1538769571096634848,3117,1538769571096030752,NED,10.1199998856,-121.724319458,48.820728302,100
1538769571126254496,3118,1538769571121560320,NED,10.0999994278,-121.724319458,48.5350761414,99
1538769571195384224,3119,1538769571191398368,NED,10.0999994278,-121.724319458,48.5350761414,99
1538769571228810752,3120,1538769571227792544,NED,10.0900001526,-121.963310242,48.2626419067,97
1538769571289213600,3121,1538769571286754688,NED,10.0900001526,-121.963310242,48.2626419067,97
1538769571313143264,3122,1538769571309835552,NED,10.0900001526,-121.963310242,47.9875717163,96
1538769571404540992,3123,1538769571401418944,NED,10.0999994278,-126.334190369,196.258361816,94
1538769571446985920,3124,1538769571444073312,NED,10.0999994278,-126.334190369,196.258361816,94
1538769571486797216,3125,1538769571481923552,NED,10.0999994278,-126.334190369,196.258361816,94
1538769571526974048,3126,1538769571524687968,NED,10.1099996567,-126.334190369,194.792419434,93
1538769571607926240,3127,1538769571604283488,NED,10.1399993896,-119.076919556,193.326431274,91
1538769571671219808,3128,1538769571670666560,NED,10.1399993896,-119.076919556,193.326431274,91
1538769571688095840,3129,1538769571684632160,NED,10.1599998474,-119.076919556,191.869903564,90
1538769571732155648,3130,1538769571731394848,NED,10.1599998474,-119.076919556,191.869903564,90
1538769571802329728,3131,1538769571799364736,NED,10.1599998474,-119.076919556,191.869903564,90
1538769571843525760,3132,1538769571842831072,NED,10.1899995804,-124.048423767,190.379684448,89
1538769571899476896,3133,1538769571896309920,NED,10.1899995804,-124.048423767,190.379684448,89
1538769571947929376,3134,1538769571946788096,NED,10.2199993134,-124.048423767,188.884063721,87
1538769572024894496,3135,1538769572017327744,NED,10.25,-127.282905579,187.373657227,86
1538769572113243104,3136,1538769572106908064,NED,10.2899999619,-127.282905579,185.834564209,84
1538769572121114240,3137,1538769572120622464,NED,10.2899999619,-127.282905579,185.834564209,84
1538769572208229696,3138,1538769572206929920,NED,10.2899999619,-127.282905579,185.834564209,84
1538769572234594368,3139,1538769572232629728,NED,10.3400001526,-125.69770813,184.272247314,83
1538769572285897312,3140,1538769572282433248,NED,10.3400001526,-125.69770813,184.272247314,83
1538769572327905376,3141,1538769572327259552,NED,10.4099998474,-125.69770813,182.67388916,81
1538769572388585184,3142,1538769572387183168,NED,10.4099998474,-125.69770813,182.67388916,81
1538769572441214208,3143,1538769572439759104,NED,10.4899997711,-132.864196777,181.063735962,79
1538769572479024320,3144,1538769572477268736,NED,10.4899997711,-132.864196777,181.063735962,79
1538769572558724736,3145,1538769572555156640,NED,10.5799999237,-132.864196777,179.400665283,78
1538769572578234208,3146,1538769572577391296,NED,10.5799999237,-132.864196777,179.400665283,78
1538769572603028544,3147,1538769572600620384,NED,10.6700000763,-153.121948242,177.716400146,76
1538769572668869472,3148,1538769572667994720,NED,10.6700000763,-153.121948242,177.716400146,76
1538769572705389344,3149,1538769572704549824,NED,10.779999733,-153.121948242,175.9896698,74
1538769572773631648,3150,1538769572768873472,NED,10.779999733,-153.121948242,175.9896698,74
1538769572814424608,3151,1538769572812682688,NED,10.9099998474,-159.019470215,174.242736816,73
1538769572890973728,3152,1538769572887286944,NED,10.9099998474,-159.019470215,174.242736816,73
1538769572898238304,3153,1538769572896408288,NED,11.0500001907,-159.019470215,172.471160889,71
1538769572978906304,3154,1538769572973967552,NED,11.0500001907,-159.019470215,172.471160889,71
1538769573025068992,3155,1538769573023803968,NED,11.1999998093,-165.554992676,170.679382324,69
1538769573075004128,3156,1538769573071026720,NED,11.1999998093,-165.554992676,170.679382324,69
1538769573101364800,3157,1538769573100449728,NED,11.3699998856,-165.554992676,168.865005493,67
1538769573168257408,3158,1538769573167547136,NED,11.3699998856,-165.554992676,168.865005493,67
1538769573204348192,3159,1538769573202507712,NED,11.5500001907,-188.891220093,167.039825439,65
1538769573269369056,3160,1538769573268155488,NED,11.5500001907,-188.891220093,167.039825439,65
1538769573311881056,3161,1538769573310210080,NED,11.7299995422,-188.891220093,165.201477051,64
1538769573404574304,3162,1538769573403774400,NED,11.7299995422,-188.891220093,165.201477051,64
1538769573422444864,3163,1538769573419587936,NED,11.9200000763,-191.836929321,163.354370117,62
1538769573475156416,3164,1538769573468630496,NED,11.9200000763,-191.836929321,163.354370117,62
1538769573508959072,3165,1538769573507323968,NED,12.0999994278,-191.836929321,161.511917114,60
1538769573569836032,3166,1538769573567394016,NED,12.0999994278,-191.836929321,161.511917114,60
1538769573616142400,3167,1538769573614296448,NED,12.2899999619,-219.308654785,159.67855835,58
1538769573700043136,3168,1538769573698134240,NED,12.4799995422,-219.308654785,157.866668701,56
1538769573787651616,3169,1538769573786687520,NED,12.4799995422,-219.308654785,157.866668701,56
1538769573837939616,3170,1538769573836469088,NED,12.6599998474,-244.673538208,156.074295044,54
1538769573869038912,3171,1538769573864234656,NED,12.6599998474,-244.673538208,156.074295044,54
1538769573932434080,3172,1538769573931713024,NED,12.8400001526,-244.673538208,154.337127686,52
1538769573970193952,3173,1538769573967204768,NED,12.8400001526,-244.673538208,154.337127686,52
1538769574022162144,3174,1538769574021295904,NED,13.0099992752,-280.992706299,152.635253906,51
1538769574053831840,3175,1538769574050329920,NED,13.0099992752,-280.992706299,152.635253906,51
1538769574110506368,3176,1538769574105542208,NED,13.1499996185,-280.992706299,151.006439209,49
1538769574123667840,3177,1538769574120151264,NED,13.1499996185,-280.992706299,151.006439209,49
1538769574238807872,3178,1538769574236427040,NED,13.279999733,-287.179199219,149.436157227,48
1538769574275192960,3179,1538769574274102720,NED,13.279999733,-287.179199219,149.436157227,48
1538769574336239392,3180,1538769574332054016,NED,13.3699998856,-287.179199219,147.943344116,46
1538769574364815744,3181,1538769574360876512,NED,13.3699998856,-287.179199219,147.943344116,46
1538769574458290304,3182,1538769574456761408,NED,13.4299993515,-319.53793335,146.515457153,45
1538769574502130944,3183,1538769574499279008,NED,13.4299993515,-319.53793335,146.515457153,45
1538769574525070656,3184,1538769574520966752,NED,13.4499998093,-319.53793335,145.171432495,44
1538769574589529696,3185,1538769574588397216,NED,13.4499998093,-319.53793335,145.171432495,44
1538769574635195040,3186,1538769574633333600,NED,13.4200000763,-311.903961182,143.880905151,43
1538769574689076352,3187,1538769574688131360,NED,13.4200000763,-311.903961182,143.880905151,43
1538769574758497056,3188,1538769574757768512,NED,13.3299999237,-311.903961182,142.660766602,42
1538769574792156192,3189,1538769574790790432,NED,13.3299999237,-311.903961182,142.660766602,42
1538769574819355456,3190,1538769574818187072,NED,13.1799993515,-300.186523438,141.485733032,41
1538769574910100032,3191,1538769574907684960,NED,12.9600000381,-300.186523438,140.360229492,41
1538769574948428672,3192,1538769574947509024,NED,12.9600000381,-300.186523438,140.360229492,41
1538769575017201728,3193,1538769575014066816,NED,12.6799993515,-279.585083008,139.268386841,41
1538769575075380960,3194,1538769575074225664,NED,12.6799993515,-279.585083008,139.268386841,41
1538769575097791424,3195,1538769575095680384,NED,12.6799993515,-279.585083008,139.268386841,41
1538769575113500096,3196,1538769575110264480,NED,12.3400001526,-279.585083008,138.191345215,40
1538769575207111072,3197,1538769575204653696,NED,11.9899997711,-247.578613281,137.130157471,40
1538769575255376448,3198,1538769575246331712,NED,11.9899997711,-247.578613281,137.130157471,40
1538769575313186272,3199,1538769575307438336,NED,11.5999994278,-247.578613281,136.066955566,40
1538769575318618784,3200,1538769575316475424,NED,11.5999994278,-247.578613281,136.066955566,40
1538769575409114432,3201,1538769575407847840,NED,11.5999994278,-247.578613281,136.066955566,40
1538769575433241056,3202,1538769575432257952,NED,11.1999998093,-255.094528198,135.000717163,40
1538769575482406304,3203,1538769575481201984,NED,11.1999998093,-255.094528198,135.000717163,40
1538769575546908000,3204,1538769575545907008,NED,10.8099994659,-255.094528198,133.930450439,40
1538769575611183424,3205,1538769575607771840,NED,10.4099998474,-227.930267334,132.851776123,41
1538769575646052704,3206,1538769575643674272,NED,10.4099998474,-227.930267334,132.851776123,41
1538769575699917376,3207,1538769575693666016,NED,10.0,-227.930267334,131.737411499,41
1538769575739898784,3208,1538769575738973440,NED,10.0,-227.930267334,131.737411499,41
1538769575843445856,3209,1538769575842573632,NED,9.60999965668,-201.387405396,130.628448486,41
1538769575910932576,3210,1538769575910142240,NED,9.22999954224,-201.387405396,129.491195679,42
1538769575920452000,3211,1538769575919675392,NED,9.22999954224,-201.387405396,129.491195679,42
1538769576002791520,3212,1538769576001795008,NED,9.22999954224,-201.387405396,129.491195679,42
1538769576030749472,3213,1538769576026890720,NED,8.88999938965,-177.731323242,128.344528198,42
1538769576114095616,3214,1538769576113159104,NED,8.59000015259,-177.731323242,127.185409546,43
1538769576153889152,3215,1538769576152946048,NED,8.59000015259,-177.731323242,127.185409546,43
1538769576277828832,3216,1538769576276018688,NED,8.32999992371,-162.75692749,126.001029968,43
1538769576313986464,3217,1538769576313256000,NED,8.11999988556,-162.75692749,124.807220459,44
1538769576342801024,3218,1538769576342298560,NED,8.11999988556,-162.75692749,124.807220459,44
1538769576391857312,3219,1538769576390607232,NED,8.11999988556,-162.75692749,124.807220459,44
1538769576444098848,3220,1538769576440248992,NED,7.94999980927,-153.133972168,123.604003906,45
1538769576493271456,3221,1538769576492430048,NED,7.94999980927,-153.133972168,123.604003906,45
1538769576530583456,3222,1538769576529237728,NED,7.82999992371,-153.133972168,122.391349792,45
1538769576601740416,3223,1538769576600601120,NED,7.73999977112,-153.133972168,121.177696228,46
1538769576639646976,3224,1538769576637718816,NED,7.73999977112,-153.133972168,121.177696228,46
1538769576670832384,3225,1538769576668546624,NED,7.73999977112,-153.133972168,121.177696228,46
1538769576703733792,3226,1538769576702275232,NED,7.69999980927,-90.5195236206,119.9451828,47
1538769576793191968,3227,1538769576789252800,NED,7.69999980927,-90.5195236206,119.9451828,47
1538769576869533504,3228,1538769576862170656,NED,7.69000005722,-82.0875167847,118.704246521,48
1538769576956541888,3229,1538769576954077184,NED,7.73000001907,-82.0875167847,117.443458557,49
1538769576970542848,3230,1538769576969773792,NED,7.73000001907,-82.0875167847,117.443458557,49
1538769577007851328,3231,1538769577004481184,NED,7.78999996185,-80.0680160522,116.174255371,50
1538769577084807200,3232,1538769577083424704,NED,7.78999996185,-80.0680160522,116.174255371,50
1538769577155185856,3233,1538769577153074464,NED,7.85999965668,-80.0680160522,107.003952026,51
1538769577167260288,3234,1538769577166449920,NED,7.85999965668,-80.0680160522,107.003952026,51
1538769577212773056,3235,1538769577212175360,NED,7.92999982834,-84.059715271,105.575187683,52
1538769577276675808,3236,1538769577271036992,NED,7.92999982834,-84.059715271,105.575187683,52
1538769577306027488,3237,1538769577304462848,NED,7.98999977112,-84.059715271,104.129524231,53
1538769577369022048,3238,1538769577367781856,NED,7.98999977112,-84.059715271,104.129524231,53
1538769577402890944,3239,1538769577401439296,NED,8.05999946594,-87.8381729126,102.67539978,54
1538769577488770208,3240,1538769577488070432,NED,8.11999988556,-87.8381729126,101.21282959,55
1538769577556529472,3241,1538769577554336288,NED,8.11999988556,-87.8381729126,101.21282959,55
1538769577610506976,3242,1538769577606337568,NED,8.1799993515,-89.1222000122,99.7587127686,56
1538769577655883616,3243,1538769577652295744,NED,8.1799993515,-89.1222000122,99.7587127686,56
1538769577678486016,3244,1538769577677715840,NED,8.1799993515,-89.1222000122,99.7587127686,56
1538769577721208864,3245,1538769577720000800,NED,8.23999977112,-89.1222000122,98.2961349487,58
1538769577828752000,3246,1538769577824639520,NED,8.30999946594,-89.2335891724,96.842010498,59
1538769577837124512,3247,1538769577834532224,NED,8.30999946594,-89.2335891724,96.842010498,59
1538769577920956256,3248,1538769577916490976,NED,8.38999938965,-89.2335891724,95.3878860474,60
1538769577967274080,3249,1538769577964539744,NED,8.38999938965,-89.2335891724,95.3878860474,60
1538769578014497856,3250,1538769578013715808,NED,8.47000026703,-98.4449386597,93.9506759644,62
1538769578039134272,3251,1538769578037312992,NED,8.47000026703,-98.4449386597,93.9506759644,62
1538769578102711008,3252,1538769578099361952,NED,8.55999946594,-98.4449386597,92.5049972534,63
1538769578135013696,3253,1538769578133812224,NED,8.55999946594,-98.4449386597,92.5049972534,63
1538769578189344704,3254,1538769578187718848,NED,8.55999946594,-98.4449386597,92.5049972534,63
1538769578230637696,3255,1538769578229959232,NED,8.64999961853,-99.986076355,91.0677719116,64
1538769578330343296,3256,1538769578327182528,NED,8.73999977112,-99.986076355,89.6390151978,66
1538769578409790880,3257,1538769578408488032,NED,8.81999969482,-104.870986938,88.2186965942,67
1538769578447082976,3258,1538769578445037664,NED,8.81999969482,-104.870986938,88.2186965942,67
1538769578507154880,3259,1538769578504735008,NED,8.88999938965,-104.870986938,86.7983703613,69
1538769578531585280,3260,1538769578528181696,NED,8.88999938965,-104.870986938,86.7983703613,69
1538769578599902432,3261,1538769578598437216,NED,8.88999938965,-104.870986938,86.7983703613,69
1538769578631051808,3262,1538769578627275072,NED,8.94999980927,-104.870986938,85.3949661255,71
1538769578718674752,3263,1538769578717181920,NED,9.0,-107.744026184,84.0,72
1538769578740154080,3264,1538769578734459648,NED,9.0,-107.744026184,84.0,72
1538769578819187328,3265,1538769578814212256,NED,9.05999946594,-107.744026184,82.6219482422,74
1538769578872053600,3266,1538769578870804064,NED,9.05999946594,-107.744026184,82.6219482422,74
1538769578938689184,3267,1538769578935004864,NED,9.10999965668,-105.712509155,81.2607955933,75
1538769578955791200,3268,1538769578951118720,NED,9.10999965668,-105.712509155,81.2607955933,75
1538769579010463456,3269,1538769579004293152,NED,9.10999965668,-105.712509155,81.2607955933,75
1538769579046831744,3270,1538769579045419072,NED,9.15999984741,-105.179977417,79.9250030518,77
1538769579092245504,3271,1538769579090606944,NED,9.15999984741,-105.179977417,79.9250030518,77
1538769579149855520,3272,1538769579145294336,NED,9.21000003815,-105.179977417,78.5807495117,79
1538769579199881088,3273,1538769579196324864,NED,9.21000003815,-105.179977417,78.5807495117,79
1538769579295633408,3274,1538769579294372544,NED,9.26000022888,-107.006454468,77.25340271,80
1538769579352417984,3275,1538769579351297280,NED,9.30000019073,-107.006454468,75.9176025391,82
1538769579410151168,3276,1538769579408447040,NED,9.34000015259,-101.759529114,74.6240692139,84
1538769579429979136,3277,1538769579427818016,NED,9.34000015259,-101.759529114,74.6240692139,84
1538769579495336608,3278,1538769579490988128,NED,9.38000011444,-101.759529114,73.313621521,86
1538769579526675520,3279,1538769579523901088,NED,9.38000011444,-101.759529114,73.313621521,86
1538769579600536512,3280,1538769579599544864,NED,9.38000011444,-101.759529114,73.313621521,86
1538769579631948256,3281,1538769579627823392,NED,9.39999961853,-104.285621643,72.0369949341,88
1538769579684786560,3282,1538769579683896704,NED,9.39999961853,-104.285621643,72.0369949341,88
1538769579724627744,3283,1538769579724034976,NED,9.42000007629,-104.285621643,70.7519073486,89
1538769579797892576,3284,1538769579793691424,NED,9.42000007629,-104.285621643,70.7519073486,89
1538769579838197312,3285,1538769579835379648,NED,9.43999958038,-97.5957870483,69.4752731323,91
1538769579923528224,3286,1538769579922744576,NED,9.46999931335,-97.5957870483,68.2070922852,93
1538769580002561248,3287,1538769580001621664,NED,9.46999931335,-97.5957870483,68.2070922852,93
1538769580039789856,3288,1538769580038838304,NED,9.48999977112,-99.0568161011,66.9473648071,95
1538769580099680000,3289,1538769580098012832,NED,9.48999977112,-99.0568161011,66.9473648071,95
1538769580132066080,3290,1538769580130434880,NED,9.51000022888,-99.0568161011,65.6960906982,97
1538769580215430496,3291,1538769580214110368,NED,9.52999973297,-95.86353302,64.4363555908,99
1538769580248816128,3292,1538769580245360640,NED,9.52999973297,-95.86353302,64.4363555908,99
1538769580293326496,3293,1538769580292501280,NED,9.55000019073,-95.86353302,63.1935310364,100
1538769580350287776,3294,1538769580349131936,NED,9.55000019073,-95.86353302,63.1935310364,100
1538769580420316384,3295,1538769580418915200,NED,9.56999969482,-91.4747238159,61.9507141113,102
1538769580432416000,3296,1538769580431268704,NED,9.56999969482,-91.4747238159,61.9507141113,102
1538769580509400992,3297,1538769580506836800,NED,9.5999994278,-91.4747238159,60.7163352966,104
1538769580546360992,3298,1538769580544718976,NED,9.5999994278,-91.4747238159,60.7163352966,104
1538769580602483008,3299,1538769580600702688,NED,9.63000011444,-87.8107070923,59.4735145569,106
1538769580629912416,3300,1538769580628881600,NED,9.63000011444,-87.8107070923,59.4735145569,106
1538769580694618752,3301,1538769580693732864,NED,9.67000007629,-87.8107070923,58.247592926,108
1538769580726217408,3302,1538769580723383072,NED,9.67000007629,-87.8107070923,58.247592926,108
1538769580811177952,3303,1538769580806850720,NED,9.68999958038,-87.1957778931,57.0385856628,110
1538769580873867968,3304,1538769580869419680,NED,9.68999958038,-87.1957778931,57.0385856628,110
1538769580906279072,3305,1538769580904300320,NED,9.69999980927,-87.1957778931,55.8211250305,112
1538769580947100576,3306,1538769580946503520,NED,9.69999980927,-87.1957778931,55.8211250305,112
1538769580987330112,3307,1538769580985170048,NED,9.69999980927,-87.1957778931,55.8211250305,112
1538769581024702464,3308,1538769581021339488,NED,9.69999980927,-81.8983078003,54.595199585,113
1538769581081763840,3309,1538769581080517248,NED,9.69999980927,-81.8983078003,54.595199585,113
1538769581178987360,3310,1538769581175373056,NED,9.67000007629,-81.8983078003,53.3777351379,115
1538769581210714336,3311,1538769581206524704,NED,9.64999961853,-81.1407089233,52.1518173218,117
1538769581254577856,3312,1538769581253614048,NED,9.64999961853,-81.1407089233,52.1518173218,117
