%time,field.header.seq,field.header.stamp,field.header.frame_id,field.commanded,field.measured
1538769532902286496,2391,1538769532901722112,NED,38.8400001526,0.44890448451
1538769532931923616,2392,1538769532929111424,NED,40.4399986267,0.44890448451
1538769533008599936,2393,1538769533008109088,NED,40.4399986267,0.44890448451
1538769533050468512,2394,1538769533049369280,NED,41.9300003052,0.44890448451
1538769533129830400,2395,1538769533128785280,NED,42.8099975586,0.44890448451
1538769533223159488,2396,1538769533222457376,NED,-43.6599998474,22.3982887268
1538769533253279456,2397,1538769533252278368,NED,-43.6599998474,22.3982887268
1538769533289044480,2398,1538769533288479008,NED,-43.6599998474,22.3982887268
1538769533319445664,2399,1538769533318776832,NED,-44.6399993896,22.3982887268
1538769533416294752,2400,1538769533413721888,NED,-44.6399993896,22.3982887268
1538769533434118016,2401,1538769533433172576,NED,-44.9899978638,22.3982887268
1538769533491824384,2402,1538769533490340192,NED,-44.9899978638,22.3982887268
1538769533547141824,2403,1538769533544476192,NED,-44.9899978638,22.3982887268
1538769533609337856,2404,1538769533608870976,NED,-44.9899978638,6.85272741318
1538769533650446080,2405,1538769533649513664,NED,-44.9899978638,6.85272741318
1538769533728199008,2406,1538769533724180928,NED,-44.969997406,6.85272741318
1538769533814720800,2407,1538769533813716320,NED,-44.9199981689,6.85272741318
1538769533830204064,2408,1538769533829758208,NED,-44.9099998474,6.85272741318
1538769533904554976,2409,1538769533902231136,NED,-44.8699989319,6.85272741318
1538769533922559008,2410,1538769533920849600,NED,-44.8299980164,6.85272741318
1538769533992415616,2411,1538769533991789536,NED,-44.7799987793,6.85272741318
1538769534021398624,2412,1538769534021119264,NED,-44.5900001526,-21.9371337891
1538769534119221568,2413,1538769534118452832,NED,-43.9500007629,-21.9371337891
1538769534237598816,2414,1538769534236594048,NED,-43.3299980164,-21.9371337891
1538769534292708960,2415,1538769534292076000,NED,-43.25,-21.9371337891
1538769534391973408,2416,1538769534388860320,NED,-42.5499992371,-21.9371337891
1538769534435666944,2417,1538769534434595360,NED,-41.8299980164,-21.9371337891
1538769534499138880,2418,1538769534498481344,NED,-41.719997406,-32.6312522888
1538769534552045440,2419,1538769534549821216,NED,-40.7399978638,-32.6312522888
1538769534606477920,2420,1538769534605225408,NED,-39.5599975586,-32.6312522888
1538769534698069376,2421,1538769534697386400,NED,-39.3999977112,-32.6312522888
1538769534782489504,2422,1538769534779856416,NED,-38.1699981689,-32.6312522888
1538769534820925120,2423,1538769534820483712,NED,-38.1399993896,-32.6312522888
1538769534844341888,2424,1538769534841509728,NED,-36.8600006104,-33.7463302612
1538769534926086784,2425,1538769534924647168,NED,-35.3299980164,-33.7463302612
1538769535015445440,2426,1538769535013149152,NED,-33.75,-33.7463302612
1538769535030434688,2427,1538769535028168416,NED,-33.7299995422,-33.7463302612
1538769535099841984,2428,1538769535099174496,NED,-33.6699981689,-33.7463302612
1538769535121438560,2429,1538769535120657600,NED,-32.1399993896,-33.7463302612
1538769535217967808,2430,1538769535216459008,NED,-30.5199985504,-33.7463302612
1538769535256725824,2431,1538769535254434464,NED,-30.4799995422,-33.7463302612
1538769535304644672,2432,1538769535303511968,NED,-30.4499988556,-34.0546913147
1538769535329812128,2433,1538769535329025056,NED,-28.7699985504,-34.0546913147
1538769535393749664,2434,1538769535393177216,NED,-28.7099990845,-34.0546913147
1538769535408280928,2435,1538769535405208448,NED,-26.9399986267,-34.0546913147
1538769535486052288,2436,1538769535485068384,NED,-26.8699989319,-34.0546913147
1538769535556979168,2437,1538769535551680352,NED,-25.0100002289,-34.0546913147
1538769535620364320,2438,1538769535618497184,NED,-23.2899990082,-34.0546913147
1538769535635302496,2439,1538769535634694784,NED,-23.2699985504,-34.0546913147
1538769535711192832,2440,1538769535706798016,NED,-21.2899990082,-34.0546913147
1538769535755117536,2441,1538769535754104192,NED,-21.2799987793,-29.7602443695
1538769535785698976,2442,1538769535784167008,NED,-21.2600002289,-29.7602443695
1538769535828667072,2443,1538769535827561696,NED,-19.3199996948,-29.7602443695
1538769535909318336,2444,1538769535908554976,NED,-17.1499996185,-29.7602443695
1538769535923955168,2445,1538769535923211616,NED,-17.1599998474,-29.7602443695
1538769536001211168,2446,1538769535997568928,NED,-17.1700000763,-25.7453727722
1538769536014849440,2447,1538769536013054400,NED,-15.0599994659,-25.7453727722
1538769536089784896,2448,1538769536089102304,NED,-15.0899991989,-25.7453727722
1538769536138241280,2449,1538769536137435968,NED,-12.6999998093,-25.7453727722
1538769536226849408,2450,1538769536225276096,NED,-10.4399995804,-25.7453727722
1538769536308900576,2451,1538769536307300832,NED,-10.4799995422,-25.7453727722
1538769536332187744,2452,1538769536329784352,NED,-8.14999961853,-25.7453727722
1538769536401038880,2453,1538769536397671584,NED,-8.1799993515,-25.7453727722
1538769536425783616,2454,1538769536425123648,NED,-6.07999992371,-16.8632049561
1538769536505465120,2455,1538769536504778016,NED,-4.0,-16.8632049561
1538769536546157696,2456,1538769536543340992,NED,-4.00999975204,-16.8632049561
1538769536615680160,2457,1538769536608480960,NED,-4.01999998093,-16.8632049561
1538769536627365536,2458,1538769536626813152,NED,-2.28999996185,-16.8632049561
1538769536717725504,2459,1538769536709385984,NED,-0.42999997735,-16.8632049561
1538769536817476544,2460,1538769536813779136,NED,1.61000001431,-12.195646286
1538769536853175552,2461,1538769536852446208,NED,1.61000001431,-12.195646286
1538769536888454016,2462,1538769536887743392,NED,1.61000001431,-12.195646286
1538769536921132896,2463,1538769536920664704,NED,3.53999996185,-12.195646286
1538769537021555168,2464,1538769537016206272,NED,5.0499997139,-12.195646286
1538769537048392576,2465,1538769537047496320,NED,5.05999994278,-12.195646286
1538769537116990816,2466,1538769537116079200,NED,6.30999994278,-12.195646286
1538769537136455872,2467,1538769537135407360,NED,6.31999969482,-12.195646286
1538769537219565152,2468,1538769537218989696,NED,7.28999996185,-4.45132446289
1538769537294310208,2469,1538769537293646848,NED,7.30999994278,-4.45132446289
1538769537320426048,2470,1538769537319898336,NED,15.2699995041,-4.45132446289
1538769537417424256,2471,1538769537412195808,NED,15.279999733,-4.45132446289
1538769537440275776,2472,1538769537437721344,NED,15.9299993515,-4.45132446289
1538769537488597984,2473,1538769537487232224,NED,15.9399995804,-4.45132446289
1538769537554171808,2474,1538769537553506464,NED,16.5399990082,-4.45132446289
1538769537600903904,2475,1538769537599753536,NED,16.5499992371,2.47460007668
1538769537639902080,2476,1538769537639164704,NED,16.8699989319,2.47460007668
1538769537687400288,2477,1538769537685850656,NED,16.8699989319,2.47460007668
1538769537747106816,2478,1538769537743723328,NED,16.9899997711,2.47460007668
1538769537815774560,2479,1538769537814441728,NED,16.9200000763,2.47460007668
1538769537836176256,2480,1538769537835285120,NED,16.9200000763,2.47460007668
1538769537865016832,2481,1538769537864343936,NED,16.9200000763,2.47460007668
1538769537900345248,2482,1538769537899677536,NED,16.7099990845,2.47460007668
1538769537969615744,2483,1538769537964460832,NED,16.6999988556,2.47460007668
1538769538029072800,2484,1538769538024985824,NED,16.2600002289,8.68047904968
1538769538077380800,2485,1538769538076688384,NED,16.2600002289,8.68047904968
1538769538124374848,2486,1538769538124020672,NED,15.6799993515,8.68047904968
1538769538174354720,2487,1538769538173607680,NED,15.6799993515,8.68047904968
1538769538224646656,2488,1538769538223750656,NED,14.9499998093,8.68047904968
1538769538293521696,2489,1538769538290067264,NED,14.9499998093,8.68047904968
1538769538330196320,2490,1538769538329365312,NED,14.1300001144,12.2602481842
1538769538394101408,2491,1538769538393440384,NED,14.1300001144,12.2602481842
1538769538408952640,2492,1538769538408096960,NED,13.2599992752,12.2602481842
1538769538441232544,2493,1538769538440683904,NED,13.2599992752,12.2602481842
1538769538506013600,2494,1538769538503185632,NED,12.4499998093,12.2602481842
1538769538549331968,2495,1538769538548823296,NED,12.4499998093,12.2602481842
1538769538623705088,2496,1538769538622369152,NED,11.5999994278,12.2602481842
1538769538682716288,2497,1538769538681466208,NED,11.5999994278,12.2602481842
1538769538727080448,2498,1538769538725120640,NED,10.8899993896,12.2602481842
1538769538793558496,2499,1538769538792833184,NED,10.8899993896,14.0553808212
1538769538892452128,2500,1538769538891686944,NED,10.1999998093,14.0553808212
1538769538963011008,2501,1538769538957930624,NED,9.53999996185,14.0553808212
1538769539018517856,2502,1538769539013588864,NED,9.53999996185,14.0553808212
1538769539040242400,2503,1538769539038955488,NED,8.8499994278,14.0553808212
1538769539112570816,2504,1538769539110978880,NED,8.15999984741,14.0553808212
1538769539129460320,2505,1538769539127761952,NED,8.15999984741,14.0553808212
1538769539217393920,2506,1538769539216565184,NED,7.46999979019,14.0553808212
1538769539245968512,2507,1538769539244020288,NED,7.46999979019,12.7898597717
1538769539316950080,2508,1538769539316356768,NED,6.75999975204,12.7898597717
1538769539335518720,2509,1538769539334642272,NED,6.75999975204,12.7898597717
1538769539416211360,2510,1538769539412014528,NED,5.98999977112,12.7898597717
1538769539468631584,2511,1538769539467717216,NED,5.98999977112,12.7898597717
1538769539509473600,2512,1538769539507082048,NED,5.98999977112,12.7898597717
1538769539537754048,2513,1538769539536745632,NED,5.21000003815,12.7898597717
1538769539605058624,2514,1538769539604129920,NED,4.65000009537,12.7898597717
1538769539639560992,2515,1538769539636637952,NED,4.65000009537,12.7898597717
1538769539668201472,2516,1538769539667596224,NED,4.65000009537,11.3346948624
1538769539727308640,2517,1538769539725464448,NED,4.25999975204,11.3346948624
1538769539812422208,2518,1538769539809906208,NED,3.94999980927,11.3346948624
1538769539868141344,2519,1538769539867675680,NED,3.94999980927,11.3346948624
1538769539928886176,2520,1538769539928141408,NED,3.80999994278,11.3346948624
1538769540004151648,2521,1538769540000716160,NED,3.80999994278,11.3346948624
1538769540027130112,2522,1538769540026472480,NED,3.77999997139,11.3346948624
1538769540079798784,2523,1538769540077759520,NED,3.77999997139,11.3346948624
1538769540122728960,2524,1538769540122214720,NED,3.90999984741,6.41844272614
1538769540164020096,2525,1538769540160796352,NED,3.90999984741,6.41844272614
1538769540213785280,2526,1538769540212963744,NED,4.03999996185,6.41844272614
1538769540266016704,2527,1538769540265337824,NED,4.03999996185,6.41844272614
1538769540359689952,2528,1538769540355579680,NED,4.07999992371,6.41844272614
1538769540440424288,2529,1538769540439069984,NED,4.02999973297,6.41844272614
1538769540460696064,2530,1538769540460155232,NED,4.02999973297,6.41844272614
1538769540488185984,2531,1538769540487559040,NED,4.02999973297,5.53847742081
1538769540519033952,2532,1538769540518300128,NED,3.88999986649,5.53847742081
1538769540604232736,2533,1538769540603268832,NED,3.88999986649,5.53847742081
1538769540652899520,2534,1538769540650310880,NED,3.61999988556,5.53847742081
1538769540684416096,2535,1538769540681965632,NED,3.61999988556,5.53847742081
1538769540755631840,2536,1538769540754390016,NED,3.41999983788,5.53847742081
1538769540802065184,2537,1538769540800898976,NED,3.41999983788,5.53847742081
1538769540872216960,2538,1538769540871314464,NED,3.25999999046,6.36699581146
1538769540914674752,2539,1538769540913865888,NED,3.11999988556,6.36699581146
1538769540934211328,2540,1538769540933526208,NED,3.11999988556,6.36699581146
1538769541008409504,2541,1538769541004942336,NED,2.9399998188,6.36699581146
1538769541051689568,2542,1538769541051051200,NED,2.9399998188,6.36699581146
1538769541093794752,2543,1538769541090476512,NED,2.9399998188,6.36699581146
1538769541122569952,2544,1538769541121510976,NED,2.90999984741,6.36699581146
1538769541210054656,2545,1538769541208647776,NED,2.90999984741,5.92498064041
1538769541228791616,2546,1538769541228212096,NED,2.88999986649,5.92498064041
1538769541294330912,2547,1538769541293707744,NED,2.88999986649,5.92498064041
1538769541356164736,2548,1538769541355049600,NED,2.88999986649,5.92498064041
1538769541410254656,2549,1538769541409235584,NED,2.8599998951,5.92498064041
1538769541437601120,2550,1538769541436675456,NED,2.8599998951,5.92498064041
1538769541494163904,2551,1538769541492811648,NED,2.8599998951,5.92498064041
1538769541530949952,2552,1538769541530392864,NED,2.80999994278,5.92498064041
1538769541598645792,2553,1538769541596535168,NED,2.80999994278,5.62507486343
1538769541668772288,2554,1538769541668239488,NED,2.76999998093,5.62507486343
1538769541713190336,2555,1538769541710772480,NED,2.71000003815,5.62507486343
1538769541741395008,2556,1538769541736898848,NED,2.71000003815,5.62507486343
1538769541808286912,2557,1538769541806270848,NED,2.73000001907,5.62507486343
1538769541876287840,2558,1538769541875789504,NED,2.73000001907,5.62507486343
1538769541899265248,2559,1538769541897519392,NED,2.73000001907,5.62507486343
1538769541953519200,2560,1538769541952362560,NED,2.76999998093,5.62507486343
1538769542008946912,2561,1538769542008603072,NED,2.76999998093,5.62507486343
1538769542050777696,2562,1538769542050068512,NED,2.79999995232,5.62507486343
1538769542105805056,2563,1538769542104559008,NED,2.79999995232,4.35196208954
1538769542125185920,2564,1538769542124310624,NED,2.79999995232,4.35196208954
1538769542197056512,2565,1538769542195414304,NED,2.79999995232,4.35196208954
1538769542278751808,2566,1538769542278135680,NED,2.89999985695,4.35196208954
1538769542302275712,2567,1538769542300066432,NED,2.89999985695,4.35196208954
1538769542330382688,2568,1538769542329207232,NED,3.03999996185,4.35196208954
1538769542407889632,2569,1538769542405608320,NED,3.03999996185,4.35196208954
1538769542425063648,2570,1538769542424250496,NED,3.24000000954,2.03953194618
1538769542503583904,2571,1538769542502637696,NED,3.24000000954,2.03953194618
1538769542525596576,2572,1538769542521817888,NED,3.51999998093,2.03953194618
1538769542616485760,2573,1538769542612609248,NED,3.88999986649,2.03953194618
1538769542627074496,2574,1538769542625869472,NED,3.88999986649,2.03953194618
1538769542717373984,2575,1538769542716541216,NED,4.28999996185,2.03953194618
1538769542735015072,2576,1538769542734145280,NED,4.28999996185,2.03953194618
1538769542808029344,2577,1538769542803138336,NED,4.71000003815,2.03953194618
1538769542841334368,2578,1538769542838560384,NED,4.71000003815,2.03953194618
1538769542964039808,2579,1538769542963752512,NED,5.17999982834,0.690637946129
1538769543004060864,2580,1538769543003277920,NED,5.17999982834,0.690637946129
1538769543049471264,2581,1538769543049027136,NED,5.59999990463,0.690637946129
1538769543085574112,2582,1538769543083259904,NED,5.59999990463,0.690637946129
1538769543127094912,2583,1538769543124363328,NED,6.01999998093,0.690637946129
1538769543236530560,2584,1538769543234743936,NED,6.42000007629,1.23625910282
1538769543286964896,2585,1538769543284452224,NED,6.42000007629,1.23625910282
1538769543321271616,2586,1538769543320817376,NED,6.78999996185,1.23625910282
1538769543434743648,2587,1538769543434117856,NED,7.00999975204,1.23625910282
1538769543489038848,2588,1538769543488431264,NED,7.00999975204,3.55064129829
1538769543528176544,2589,1538769543523147776,NED,7.14999961853,3.55064129829
1538769543587073792,2590,1538769543585813120,NED,7.14999961853,3.55064129829
1538769543643763840,2591,1538769543642992160,NED,7.26999998093,3.55064129829
1538769543690680832,2592,1538769543689173888,NED,7.26999998093,3.55064129829
1538769543719198560,2593,1538769543716094528,NED,7.46000003815,3.55064129829
1538769543814194816,2594,1538769543812705536,NED,7.6299996376,3.55064129829
1538769543834581920,2595,1538769543831725536,NED,7.6299996376,3.55064129829
1538769543889113920,2596,1538769543887384608,NED,7.6299996376,3.55064129829
1538769543941838912,2597,1538769543938889280,NED,7.8799996376,3.55064129829
1538769544013621088,2598,1538769544012660640,NED,7.8799996376,5.60083055496
1538769544030364608,2599,1538769544029653152,NED,8.02999973297,5.60083055496
1538769544087501984,2600,1538769544086875520,NED,8.02999973297,5.60083055496
1538769544109486720,2601,1538769544108693504,NED,8.15999984741,5.60083055496
1538769544216175328,2602,1538769544214567136,NED,8.27999973297,5.60083055496
1538769544246286304,2603,1538769544244667040,NED,8.27999973297,5.60083055496
1538769544311253408,2604,1538769544310697856,NED,8.40999984741,5.60083055496
1538769544332982464,2605,1538769544332190432,NED,8.40999984741,5.60083055496
1538769544415849376,2606,1538769544413914944,NED,8.51999950409,5.60083055496
1538769544445677984,2607,1538769544445081888,NED,8.51999950409,6.97881174088
1538769544493977312,2608,1538769544493394848,NED,8.51999950409,6.97881174088
1538769544552556864,2609,1538769544547104000,NED,8.65999984741,6.97881174088
1538769544620614624,2610,1538769544612193216,NED,8.76999950409,6.97881174088
1538769544635413120,2611,1538769544634357984,NED,8.76999950409,6.97881174088
1538769544706565888,2612,1538769544705535840,NED,8.85999965668,6.97881174088
1538769544801765952,2613,1538769544800754976,NED,8.85999965668,6.97881174088
1538769544836636256,2614,1538769544833101760,NED,8.81999969482,6.56410074234
1538769544869678176,2615,1538769544868866496,NED,8.81999969482,6.56410074234
1538769544901747840,2616,1538769544901233664,NED,8.88000011444,6.56410074234
1538769544961968512,2617,1538769544960778240,NED,8.88000011444,6.56410074234
1538769545015601504,2618,1538769545014191680,NED,8.86999988556,6.56410074234
1538769545069203456,2619,1538769545065549344,NED,8.86999988556,6.56410074234
1538769545089918816,2620,1538769545089201696,NED,8.86999988556,6.56410074234
1538769545149565248,2621,1538769545148834976,NED,8.8499994278,7.81670427322
1538769545198473120,2622,1538769545196906592,NED,8.8499994278,7.81670427322
1538769545250922240,2623,1538769545250256512,NED,8.76000022888,7.81670427322
1538769545285752832,2624,1538769545285274240,NED,8.76000022888,7.81670427322
1538769545338539360,2625,1538769545334537984,NED,8.56999969482,7.81670427322
1538769545482345312,2626,1538769545481196608,NED,8.48999977112,7.81670427322
1538769545517328896,2627,1538769545516737056,NED,9.90999984741,7.81670427322
1538769545532735712,2628,1538769545530090624,NED,9.90999984741,7.81670427322
1538769545600191296,2629,1538769545598972736,NED,11.4799995422,7.94462823868
1538769545637779328,2630,1538769545637369792,NED,11.4799995422,7.94462823868
1538769545707306560,2631,1538769545705829664,NED,13.029999733,7.94462823868
1538769545740991136,2632,1538769545739670848,NED,13.029999733,7.94462823868
1538769545798701920,2633,1538769545798381216,NED,13.029999733,7.94462823868
1538769545835022112,2634,1538769545834324928,NED,14.529999733,7.94462823868
1538769545868155712,2635,1538769545867286016,NED,14.529999733,7.94462823868
1538769545919909376,2636,1538769545918683648,NED,16.0299987793,7.61865663528
1538769546023021888,2637,1538769546022145760,NED,17.3799991608,7.61865663528
1538769546091238880,2638,1538769546089333696,NED,17.3799991608,7.61865663528
1538769546119208992,2639,1538769546118458016,NED,18.6000003815,7.61865663528
1538769546207403008,2640,1538769546205349632,NED,19.6299991608,7.61865663528
1538769546231330944,2641,1538769546229889536,NED,19.6299991608,7.61865663528
1538769546318452448,2642,1538769546315253920,NED,20.5799999237,7.61865663528
1538769546340728288,2643,1538769546336751584,NED,20.5799999237,12.0013151169
1538769546417619456,2644,1538769546412955040,NED,21.4300003052,12.0013151169
1538769546452460960,2645,1538769546451107680,NED,21.4300003052,12.0013151169
1538769546488003232,2646,1538769546486907616,NED,21.4300003052,12.0013151169
1538769546524231776,2647,1538769546520997760,NED,22.1700000763,12.0013151169
1538769546622872512,2648,1538769546622358080,NED,22.8099994659,12.0013151169
1538769546694389600,2649,1538769546693709280,NED,22.8099994659,16.9015846252
1538769546724732800,2650,1538769546722112192,NED,23.3299999237,16.9015846252
1538769546806507168,2651,1538769546804763040,NED,23.3299999237,16.9015846252
1538769546831772128,2652,1538769546829305568,NED,23.6700000763,16.9015846252
1538769546894133408,2653,1538769546893559552,NED,23.6700000763,16.9015846252
1538769546932358400,2654,1538769546931685440,NED,23.9599990845,16.9015846252
1538769547014410656,2655,1538769547013374208,NED,24.1599998474,16.9015846252
1538769547074461440,2656,1538769547070382624,NED,24.1599998474,20.811170578
1538769547090575328,2657,1538769547089664448,NED,24.1599998474,20.811170578
1538769547119842144,2658,1538769547119392576,NED,24.359998703,20.811170578
1538769547213608736,2659,1538769547211111680,NED,24.5699996948,20.811170578
1538769547231956736,2660,1538769547231258560,NED,24.5699996948,20.811170578
1538769547297036960,2661,1538769547290169056,NED,24.5699996948,20.811170578
1538769547319756256,2662,1538769547319110048,NED,24.7999992371,22.1390895844
1538769547430767424,2663,1538769547426783904,NED,25.0299987793,22.1390895844
1538769547524053856,2664,1538769547523093152,NED,25.1800003052,22.1390895844
1538769547603876832,2665,1538769547601904064,NED,25.1800003052,22.1390895844
1538769547632695680,2666,1538769547632241632,NED,25.2399997711,22.76587677
1538769547699168544,2667,1538769547698214688,NED,25.2399997711,22.76587677
1538769547721756960,2668,1538769547719971424,NED,25.2199993134,22.76587677
1538769547814853984,2669,1538769547812150656,NED,25.2199993134,22.76587677
1538769547848622400,2670,1538769547846355648,NED,40.5299987793,22.76587677
1538769547895264928,2671,1538769547893802944,NED,40.5299987793,22.76587677
1538769547954083904,2672,1538769547952290688,NED,41.0400009155,24.9690418243
1538769548004976224,2673,1538769548003686784,NED,41.0400009155,24.9690418243
1538769548102225280,2674,1538769548096639648,NED,41.4399986267,24.9690418243
1538769548132837536,2675,1538769548132203456,NED,41.719997406,24.9690418243
1538769548225980960,2676,1538769548224460096,NED,41.9300003052,24.9690418243
1538769548240120800,2677,1538769548239622592,NED,41.9300003052,24.9690418243
1538769548309571840,2678,1538769548309037600,NED,42.0,33.8416290283
1538769548320991360,2679,1538769548319898080,NED,42.0,33.8416290283
1538769548400254400,2680,1538769548394474912,NED,42.0099983215,33.8416290283
1538769548437701024,2681,1538769548437050464,NED,42.0,33.8416290283
1538769548481318560,2682,1538769548480352480,NED,42.0,33.8416290283
1538769548533244992,2683,1538769548530853632,NED,41.9300003052,33.8416290283
1538769548608234336,2684,1538769548607291904,NED,42.7900009155,33.8416290283
1538769548674626080,2685,1538769548673909728,NED,42.7900009155,36.6867103577
1538769548689702144,2686,1538769548688723520,NED,42.7900009155,36.6867103577
1538769548727690528,2687,1538769548726853344,NED,42.7999992371,36.6867103577
1538769548811144000,2688,1538769548810742944,NED,42.7999992371,36.6867103577
1538769548846338432,2689,1538769548845494944,NED,42.7999992371,36.6867103577
1538769548899292064,2690,1538769548898095616,NED,42.7999992371,36.6867103577
1538769548931150336,2691,1538769548930430624,NED,42.7999992371,36.6867103577
1538769549026299136,2692,1538769549025438208,NED,42.7999992371,39.4491500854
1538769549124046048,2693,1538769549123175904,NED,42.7999992371,39.4491500854
1538769549202918624,2694,1538769549200197728,NED,42.7999992371,39.4491500854
1538769549242839072,2695,1538769549242479200,NED,42.7999992371,39.4491500854
1538769549307686368,2696,1538769549307069024,NED,42.8099975586,39.4491500854
1538769549323946208,2697,1538769549320805280,NED,42.8099975586,39.4491500854
1538769549403764704,2698,1538769549401573568,NED,42.8099975586,39.4491500854
1538769549435712864,2699,1538769549435069984,NED,42.8099975586,40.8684539795
1538769549506233600,2700,1538769549505099872,NED,42.8099975586,40.8684539795
1538769549521330816,2701,1538769549520513728,NED,42.8099975586,40.8684539795
1538769549595704448,2702,1538769549593558080,NED,42.8099975586,40.8684539795
1538769549633410304,2703,1538769549632274912,NED,42.8099975586,40.8684539795
1538769549709678688,2704,1538769549709241216,NED,42.8099975586,40.8684539795
1538769549729950304,2705,1538769549729509408,NED,42.8099975586,40.8684539795
1538769549792533152,2706,1538769549792103840,NED,42.8099975586,40.8684539795
1538769549831545600,2707,1538769549828125152,NED,42.8099975586,41.8256149292
1538769549864736288,2708,1538769549864273952,NED,42.8099975586,41.8256149292
1538769549953347616,2709,1538769549952285152,NED,42.8099975586,41.8256149292
1538769550004901760,2710,1538769550003778208,NED,42.8099975586,41.8256149292
1538769550033401792,2711,1538769550031217056,NED,42.8099975586,41.8256149292
1538769550109153280,2712,1538769550104898944,NED,42.8099975586,41.8256149292
1538769550139276576,2713,1538769550135945888,NED,42.8099975586,41.8256149292
1538769550201107712,2714,1538769550200729280,NED,42.8099975586,41.8256149292
1538769550236883488,2715,1538769550235643872,NED,42.8099975586,41.8256149292
1538769550307510240,2716,1538769550303708352,NED,42.8099975586,42.3562965393
1538769550339913440,2717,1538769550339533856,NED,42.8099975586,42.3562965393
1538769550406069600,2718,1538769550404637248,NED,42.8099975586,42.3562965393
1538769550443585504,2719,1538769550443071168,NED,42.8099975586,42.3562965393
1538769550474666912,2720,1538769550473969600,NED,42.8099975586,42.3562965393
1538769550538295808,2721,1538769550531089344,NED,42.8099975586,42.3562965393
1538769550587560928,2722,1538769550587018688,NED,42.8099975586,42.3562965393
1538769550647178592,2723,1538769550645268160,NED,42.8099975586,42.3562965393
1538769550687376960,2724,1538769550687003296,NED,42.8099975586,42.3562965393
1538769550749479104,2725,1538769550748831168,NED,42.8099975586,42.5638542175
1538769550790767616,2726,1538769550790379776,NED,42.7999992371,42.5638542175
1538769550846868992,2727,1538769550845103168,NED,42.7999992371,42.5638542175
1538769550891269408,2728,1538769550890944832,NED,42.7900009155,42.5638542175
1538769550935950368,2729,1538769550935132992,NED,41.0799980164,42.5638542175
1538769550993571424,2730,1538769550992836352,NED,41.0699996948,42.5638542175
1538769551019907008,2731,1538769551016294720,NED,41.0699996948,42.5638542175
1538769551075856416,2732,1538769551075265728,NED,39.2299995422,44.5770187378
1538769551133478240,2733,1538769551130732576,NED,37.0499992371,44.5770187378
1538769551201123552,2734,1538769551198990304,NED,37.0299987793,44.5770187378
1538769551207556480,2735,1538769551206828480,NED,34.7299995422,44.5770187378
1538769551281613920,2736,1538769551280934976,NED,34.719997406,44.5770187378
1538769551336012576,2737,1538769551335016832,NED,31.8199996948,44.4686431885
1538769551365417120,2738,1538769551364309056,NED,31.8199996948,44.4686431885
1538769551407419104,2739,1538769551406619328,NED,28.6800003052,44.4686431885
1538769551444118048,2740,1538769551443536576,NED,28.6800003052,44.4686431885
1538769551498546624,2741,1538769551495383904,NED,28.6700000763,44.4686431885
1538769551553678560,2742,1538769551552886592,NED,25.4300003052,44.4686431885
1538769551609400448,2743,1538769551608881728,NED,22.3799991608,44.4686431885
1538769551648709568,2744,1538769551645322272,NED,22.3799991608,44.4686431885
1538769551678826912,2745,1538769551678267872,NED,22.3799991608,44.4686431885
1538769551733138432,2746,1538769551731842240,NED,19.359998703,39.9996566772
1538769551791455136,2747,1538769551791000736,NED,19.359998703,39.9996566772
1538769551843449312,2748,1538769551843090528,NED,16.5,39.9996566772
1538769551889870432,2749,1538769551889509280,NED,16.5100002289,39.9996566772
1538769551939792480,2750,1538769551939084416,NED,13.4899997711,39.9996566772
1538769552002994176,2751,1538769552002263424,NED,13.5,39.9996566772
1538769552074362880,2752,1538769552073420864,NED,11.1899995804,39.9996566772
1538769552092779584,2753,1538769552092310784,NED,11.1899995804,39.9996566772
1538769552178801216,2754,1538769552178001408,NED,8.63999938965,31.729839325
1538769552204186816,2755,1538769552203061792,NED,6.19999980927,31.729839325
1538769552259598880,2756,1538769552251254400,NED,6.19999980927,31.729839325
1538769552293671840,2757,1538769552290787872,NED,6.19999980927,31.729839325
1538769552327700096,2758,1538769552324426944,NED,4.01999998093,31.729839325
1538769552399169600,2759,1538769552398783200,NED,4.01999998093,31.729839325
1538769552446425344,2760,1538769552445903264,NED,2.01999998093,31.729839325
1538769552464034144,2761,1538769552463327584,NED,2.01999998093,31.729839325
1538769552519198304,2762,1538769552518225728,NED,0.019999999553,20.9372959137
1538769552589287488,2763,1538769552588658880,NED,0.019999999553,20.9372959137
1538769552646472128,2764,1538769552645975648,NED,-1.52999997139,20.9372959137
1538769552686918496,2765,1538769552686059392,NED,-1.52999997139,20.9372959137
1538769552723720320,2766,1538769552723067840,NED,-2.70000004768,20.9372959137
1538769552803370080,2767,1538769552801132320,NED,-2.70000004768,20.9372959137
1538769552851753344,2768,1538769552851219584,NED,-3.63999986649,20.9372959137
1538769552910867584,2769,1538769552908830464,NED,-4.46999979019,10.310133934
1538769552949937056,2770,1538769552949248352,NED,-4.46999979019,10.310133934
1538769553004484704,2771,1538769553003917664,NED,-4.46999979019,10.310133934
1538769553038797696,2772,1538769553037747872,NED,-5.13999986649,10.310133934
1538769553106186080,2773,1538769553105274944,NED,-5.65000009537,10.310133934
1538769553122464640,2774,1538769553120230848,NED,-5.65000009537,10.310133934
1538769553198218400,2775,1538769553197570016,NED,-5.90000009537,10.310133934
1538769553244908768,2776,1538769553244268992,NED,-5.90000009537,10.310133934
1538769553284340192,2777,1538769553283283456,NED,-5.90000009537,10.310133934
1538769553324258624,2778,1538769553320586016,NED,-5.94999980927,10.310133934
1538769553414402880,2779,1538769553411286688,NED,-5.90000009537,-0.842243671417
1538769553439301856,2780,1538769553438220256,NED,-5.90000009537,-0.842243671417
1538769553523301792,2781,1538769553522288416,NED,-5.75999975204,-0.842243671417
1538769553537760544,2782,1538769553536745376,NED,-5.75999975204,-0.842243671417
1538769553616577824,2783,1538769553616179648,NED,-5.56999969482,-0.842243671417
1538769553635799232,2784,1538769553634124160,NED,-5.56999969482,-0.842243671417
1538769553687522336,2785,1538769553685157824,NED,-5.56999969482,-0.842243671417
1538769553750310016,2786,1538769553749857312,NED,-5.25,-4.02726364136
1538769553806376640,2787,1538769553804420256,NED,-5.25,-4.02726364136
1538769553830409600,2788,1538769553828277312,NED,-4.90999984741,-4.02726364136
1538769553881724608,2789,1538769553881099776,NED,-4.90999984741,-4.02726364136
1538769553952479968,2790,1538769553950414528,NED,-4.50999975204,-4.02726364136
1538769554001350784,2791,1538769554000948960,NED,-4.50999975204,-4.02726364136
1538769554048895968,2792,1538769554048488128,NED,-4.05999994278,-4.02726364136
1538769554097024800,2793,1538769554095863840,NED,-4.05999994278,-4.02726364136
1538769554141200736,2794,1538769554140164384,NED,-3.47000002861,-4.99964475632
1538769554194922272,2795,1538769554193811872,NED,-3.47000002861,-4.99964475632
1538769554275937600,2796,1538769554275389472,NED,15.7100000381,-4.99964475632
1538769554290303616,2797,1538769554289830208,NED,15.7100000381,-4.99964475632
1538769554323304800,2798,1538769554322685248,NED,16.6900005341,-4.99964475632
1538769554392093888,2799,1538769554391603712,NED,16.6900005341,-4.99964475632
1538769554444453824,2800,1538769554443289504,NED,17.5900001526,-4.99964475632
1538769554487509120,2801,1538769554486869472,NED,17.5900001526,-4.99964475632
1538769554521398144,2802,1538769554520859584,NED,18.359998703,-0.399100750685
1538769554611436096,2803,1538769554610797760,NED,18.9099998474,-0.399100750685
1538769554644286048,2804,1538769554643317152,NED,18.8999996185,-0.399100750685
1538769554727943104,2805,1538769554725589696,NED,19.2799987793,-0.399100750685
1538769554808410944,2806,1538769554807562688,NED,19.2700004578,-0.399100750685
1538769554830261344,2807,1538769554829978720,NED,19.609998703,-0.399100750685
1538769554905378112,2808,1538769554902862272,NED,20.0399990082,-0.399100750685
1538769554957421792,2809,1538769554956252416,NED,20.0299987793,-0.399100750685
1538769555004777536,2810,1538769555002636544,NED,20.0299987793,8.22430229187
1538769555075655552,2811,1538769555074968480,NED,20.5100002289,8.22430229187
1538769555104273184,2812,1538769555102597280,NED,20.9499988556,8.22430229187
1538769555137579232,2813,1538769555136492608,NED,20.9499988556,8.22430229187
1538769555249635680,2814,1538769555247401728,NED,21.9499988556,8.22430229187
1538769555286512160,2815,1538769555285980832,NED,21.9499988556,8.22430229187
1538769555325967872,2816,1538769555324582848,NED,23.609998703,8.22430229187
1538769555405162400,2817,1538769555404627136,NED,23.6000003815,8.22430229187
1538769555431125248,2818,1538769555429279232,NED,25.0299987793,13.490814209
1538769555504418432,2819,1538769555501214304,NED,26.1599998474,13.490814209
1538769555546692704,2820,1538769555544650240,NED,26.1599998474,13.490814209
1538769555613283936,2821,1538769555612891616,NED,26.1599998474,13.490814209
1538769555654412704,2822,1538769555645414592,NED,27.1299991608,13.490814209
1538769555687421888,2823,1538769555686852864,NED,27.1399993896,13.490814209
1538769555755737824,2824,1538769555752100768,NED,27.8699989319,13.490814209
1538769555825476064,2825,1538769555821764736,NED,28.5499992371,13.490814209
1538769555913146464,2826,1538769555908289888,NED,29.0900001526,20.4597816467
1538769555924571904,2827,1538769555923380608,NED,29.0900001526,20.4597816467
1538769556017716608,2828,1538769556013797088,NED,29.109998703,20.4597816467
1538769556033856320,2829,1538769556032716480,NED,29.5100002289,20.4597816467
1538769556084903616,2830,1538769556084126432,NED,29.5100002289,20.4597816467
1538769556149857824,2831,1538769556149097376,NED,29.7299995422,20.4597816467
1538769556205524768,2832,1538769556204471360,NED,29.7399997711,20.4597816467
1538769556274375456,2833,1538769556269549696,NED,29.8499984741,23.1767959595
1538769556312909504,2834,1538769556311864736,NED,29.7999992371,23.1767959595
1538769556347990080,2835,1538769556347128960,NED,29.8099994659,23.1767959595
1538769556413849824,2836,1538769556413213568,NED,29.8199996948,23.1767959595
1538769556440949280,2837,1538769556438968672,NED,29.8199996948,23.1767959595
1538769556487838624,2838,1538769556486404704,NED,29.8199996948,23.1767959595
1538769556525745472,2839,1538769556524491808,NED,29.7399997711,23.1767959595
1538769556613519680,2840,1538769556610658624,NED,29.7399997711,23.1767959595
1538769556655033984,2841,1538769556652949984,NED,29.5999984741,23.1767959595
1538769556692804352,2842,1538769556689038976,NED,29.5999984741,26.2948303223
1538769556754835008,2843,1538769556754189536,NED,29.4399986267,26.2948303223
1538769556797620320,2844,1538769556797199200,NED,29.4399986267,26.2948303223
1538769556840880512,2845,1538769556833360736,NED,29.2299995422,26.2948303223
1538769556884346816,2846,1538769556883336768,NED,29.2299995422,26.2948303223
1538769556923284736,2847,1538769556922600512,NED,28.8699989319,26.2948303223
1538769557012186944,2848,1538769557007559328,NED,28.8699989319,26.2948303223
1538769557060315968,2849,1538769557057480000,NED,28.3400001526,26.2948303223
1538769557084760128,2850,1538769557084301280,NED,28.3400001526,28.3533611298
1538769557159913728,2851,1538769557157039872,NED,27.5,28.3533611298
1538769557200270368,2852,1538769557199270400,NED,27.5100002289,28.3533611298
1538769557223166688,2853,1538769557221840928,NED,26.5,28.3533611298
1538769557288131296,2854,1538769557287350912,NED,26.5100002289,28.3533611298
1538769557322383232,2855,1538769557319772512,NED,25.3099994659,28.3533611298
1538769557414636480,2856,1538769557413665952,NED,25.3099994659,28.3533611298
1538769557444919072,2857,1538769557439606464,NED,24.109998703,27.8817634583
1538769557481322784,2858,1538769557480462880,NED,24.1199989319,27.8817634583
1538769557554181248,2859,1538769557547119904,NED,22.8500003815,27.8817634583
1538769557610322080,2860,1538769557604228960,NED,22.8500003815,27.8817634583
1538769557632482144,2861,1538769557632033984,NED,21.609998703,27.8817634583
1538769557694024960,2862,1538769557693591424,NED,21.609998703,27.8817634583
1538769557724457184,2863,1538769557720279360,NED,42.8099975586,27.8817634583
1538769557797735424,2864,1538769557796945440,NED,42.7999992371,25.3771247864
1538769557839071456,2865,1538769557837653728,NED,42.7999992371,25.3771247864
1538769557915629056,2866,1538769557913949472,NED,42.7999992371,25.3771247864
1538769557927919680,2867,1538769557926388672,NED,42.7999992371,25.3771247864
1538769558016322176,2868,1538769558011704768,NED,42.7999992371,25.3771247864
1538769558041113632,2869,1538769558040366720,NED,42.7999992371,25.3771247864
1538769558106492160,2870,1538769558105166400,NED,42.7999992371,25.3771247864
1538769558122339552,2871,1538769558121551904,NED,42.7999992371,25.3771247864
1538769558212603040,2872,1538769558211730400,NED,42.7999992371,25.3771247864
1538769558242791808,2873,1538769558239894272,NED,42.7999992371,33.5699272156
1538769558326580224,2874,1538769558325170112,NED,42.7999992371,33.5699272156
1538769558396284288,2875,1538769558395572192,NED,42.8099975586,33.5699272156
1538769558430748448,2876,1538769558429231712,NED,42.8099975586,33.5699272156
1538769558475635008,2877,1538769558472512928,NED,42.8099975586,33.5699272156
1538769558526389312,2878,1538769558523584256,NED,42.8099975586,33.5699272156
1538769558599573952,2879,1538769558598922208,NED,42.8099975586,38.070766449
1538769558651191136,2880,1538769558650458496,NED,42.8099975586,38.070766449
1538769558686601920,2881,1538769558684856960,NED,42.8099975586,38.070766449
1538769558722527680,2882,1538769558721867488,NED,42.8099975586,38.070766449
1538769558836075360,2883,1538769558834935328,NED,42.8099975586,38.070766449
1538769558884184864,2884,1538769558883393952,NED,42.8099975586,38.070766449
1538769558932874592,2885,1538769558931185760,NED,42.8099975586,38.070766449
1538769558993765120,2886,1538769558993028768,NED,42.8099975586,38.070766449
1538769559050819232,2887,1538769559045325184,NED,42.8099975586,40.9562149048
1538769559119047648,2888,1538769559115673408,NED,42.8099975586,40.9562149048
1538769559141395616,2889,1538769559136500448,NED,42.8099975586,40.9562149048
1538769559198384128,2890,1538769559197105696,NED,42.8099975586,40.9562149048
1538769559260396992,2891,1538769559248005056,NED,42.8099975586,40.9562149048
1538769559273553472,2892,1538769559272861376,NED,42.8099975586,40.9562149048
1538769559344138496,2893,1538769559342593984,NED,42.8099975586,40.9562149048
1538769559463114752,2894,1538769559459027936,NED,42.5999984741,40.9562149048
1538769559491601664,2895,1538769559486427840,NED,42.5999984741,40.9562149048
1538769559528570592,2896,1538769559527604544,NED,41.3699989319,41.1703262329
1538769559576059104,2897,1538769559573791616,NED,41.3699989319,41.1703262329
1538769559628572192,2898,1538769559627390304,NED,40.0,41.1703262329
1538769559681110656,2899,1538769559680532224,NED,40.0,41.1703262329
1538769559723531520,2900,1538769559722786048,NED,42.7999992371,41.1703262329
1538769559778816960,2901,1538769559777814720,NED,42.7999992371,41.1703262329
1538769559808184384,2902,1538769559806846016,NED,42.7999992371,41.1703262329
1538769559871301088,2903,1538769559870703232,NED,42.7999992371,41.1703262329
1538769559929920384,2904,1538769559929325248,NED,42.7999992371,42.2491874695
1538769560018710560,2905,1538769560017914848,NED,42.7999992371,42.2491874695
1538769560129070176,2906,1538769560127617216,NED,42.7999992371,42.2491874695
1538769560178346624,2907,1538769560177506624,NED,42.7999992371,42.2491874695
1538769560234760640,2908,1538769560233559808,NED,42.1800003052,42.2491874695
1538769560269932128,2909,1538769560269294976,NED,42.1800003052,43.3599624634
1538769560319017888,2910,1538769560318255776,NED,40.5400009155,43.3599624634
1538769560406823616,2911,1538769560404735936,NED,40.5400009155,43.3599624634
1538769560417863744,2912,1538769560417305184,NED,38.7799987793,43.3599624634
1538769560480470912,2913,1538769560477488640,NED,38.7799987793,43.3599624634
1538769560516277952,2914,1538769560515591616,NED,36.8099975586,43.3599624634
1538769560568066208,2915,1538769560566513408,NED,36.8099975586,43.2619132996
1538769560672181088,2916,1538769560671261120,NED,34.7000007629,43.2619132996
1538769560698584672,2917,1538769560698069056,NED,32.3400001526,43.2619132996
1538769560752816448,2918,1538769560751786176,NED,32.3400001526,43.2619132996
1538769560805176000,2919,1538769560802977920,NED,32.3400001526,43.2619132996
1538769560834494528,2920,1538769560831450976,NED,29.9799995422,43.2619132996
1538769560908046048,2921,1538769560907387904,NED,27.1199989319,40.8839035034
1538769560921257600,2922,1538769560920633760,NED,27.1199989319,40.8839035034
1538769561011589152,2923,1538769561010612160,NED,27.1199989319,40.8839035034
1538769561048558048,2924,1538769561046107104,NED,23.8099994659,40.8839035034
1538769561105796544,2925,1538769561104701376,NED,20.2600002289,40.8839035034
1538769561123420224,2926,1538769561121820032,NED,20.2600002289,40.8839035034
1538769561239775136,2927,1538769561238072032,NED,16.7799987793,40.8839035034
1538769561282373408,2928,1538769561281411776,NED,16.7799987793,40.8839035034
1538769561337860224,2929,1538769561337018944,NED,13.2399997711,40.8839035034
1538769561395559488,2930,1538769561394074400,NED,13.2399997711,33.3399925232
1538769561439346848,2931,1538769561437635744,NED,10.0999994278,33.3399925232
1538769561491924768,2932,1538769561491444800,NED,10.0999994278,33.3399925232
1538769561534933568,2933,1538769561534528800,NED,7.08999967575,33.3399925232
1538769561603890144,2934,1538769561603122368,NED,4.25,33.3399925232
1538769561639650816,2935,1538769561639169696,NED,4.25,33.3399925232
1538769561692376608,2936,1538769561690535104,NED,4.25,33.3399925232
1538769561725534752,2937,1538769561723233312,NED,1.7199999094,25.9882316589
1538769561804983136,2938,1538769561799599104,NED,1.7199999094,25.9882316589
1538769561824492928,2939,1538769561824035936,NED,-0.379999995232,25.9882316589
1538769561886399264,2940,1538769561882739968,NED,-0.379999995232,25.9882316589
1538769561923233376,2941,1538769561922850784,NED,-2.08999991417,25.9882316589
1538769562010001344,2942,1538769562007446976,NED,-2.08999991417,25.9882316589
1538769562029260992,2943,1538769562026842016,NED,-3.51999998093,25.9882316589
1538769562094799776,2944,1538769562093280544,NED,-3.51999998093,25.9882316589
1538769562128321792,2945,1538769562126469888,NED,-4.75,14.557305336
1538769562212724800,2946,1538769562212105184,NED,-5.7999997139,14.557305336
1538769562228215232,2947,1538769562227900544,NED,-5.7999997139,14.557305336
1538769562311808224,2948,1538769562311065728,NED,-6.67999982834,14.557305336
1538769562321485152,2949,1538769562320772032,NED,-6.67999982834,14.557305336
1538769562454959424,2950,1538769562453986784,NED,-7.15999984741,7.64781665802
1538769562525590528,2951,1538769562524958976,NED,-7.23999977112,7.64781665802
1538769562605593728,2952,1538769562604646048,NED,-7.08999967575,7.64781665802
1538769562626595008,2953,1538769562625882080,NED,-7.08999967575,7.64781665802
1538769562707164672,2954,1538769562705714688,NED,-6.69000005722,7.64781665802
1538769562719536768,2955,1538769562718798080,NED,-6.69000005722,7.64781665802
1538769562815826016,2956,1538769562811085824,NED,-6.15999984741,7.64781665802
1538769562839575648,2957,1538769562838750144,NED,-6.15999984741,7.64781665802
1538769562872203200,2958,1538769562870893504,NED,-6.15999984741,7.64781665802
1538769562952596128,2959,1538769562951986080,NED,-5.59999990463,-2.81391358376
1538769562984724736,2960,1538769562983734688,NED,-5.59999990463,-2.81391358376
1538769563036922720,2961,1538769563035549760,NED,-5.05999994278,-2.81391358376
1538769563060630304,2962,1538769563060097568,NED,-5.05999994278,-2.81391358376
1538769563130972800,2963,1538769563130493472,NED,-4.65999984741,-2.81391358376
1538769563162411680,2964,1538769563161748672,NED,-4.65999984741,-2.81391358376
1538769563243721856,2965,1538769563240923936,NED,-4.33999967575,-2.81391358376
1538769563274983776,2966,1538769563274317504,NED,-4.33999967575,-2.81391358376
1538769563319372512,2967,1538769563318760448,NED,-3.99000000954,-2.81391358376
1538769563359621216,2968,1538769563358286624,NED,-3.99000000954,-3.35411930084
1538769563457241280,2969,1538769563455404960,NED,-3.54999995232,-3.35411930084
1538769563496117568,2970,1538769563493566752,NED,-3.54999995232,-3.35411930084
1538769563533534016,2971,1538769563532302432,NED,-3.1099998951,-3.35411930084
1538769563563376896,2972,1538769563562792448,NED,-3.1099998951,-3.35411930084
1538769563635555904,2973,1538769563634615872,NED,-2.6099998951,-3.35411930084
1538769563663158624,2974,1538769563662330656,NED,-2.6099998951,-3.35411930084
1538769563704280256,2975,1538769563703565344,NED,-2.04999995232,-3.35411930084
1538769563800855104,2976,1538769563799970432,NED,-2.04999995232,-3.35411930084
1538769563840702208,2977,1538769563840147040,NED,-1.43999993801,-3.94524407387
1538769563880092864,2978,1538769563875168160,NED,-1.43999993801,-3.94524407387
1538769563902855424,2979,1538769563901916992,NED,-0.879999995232,-3.94524407387
1538769564012992544,2980,1538769564011717728,NED,-0.879999995232,-3.94524407387
1538769564037327968,2981,1538769564036255904,NED,-0.370000004768,-3.94524407387
1538769564155138496,2982,1538769564154312736,NED,0.109999999404,-3.94524407387
1538769564202362400,2983,1538769564201568896,NED,0.109999999404,-3.23232865334
1538769564227007808,2984,1538769564226442976,NED,0.620000004768,-3.23232865334
1538769564289420192,2985,1538769564288686912,NED,0.620000004768,-3.23232865334
1538769564309199648,2986,1538769564308433440,NED,1.04999995232,-3.23232865334
1538769564364709824,2987,1538769564363671200,NED,1.04999995232,-3.23232865334
1538769564434113440,2988,1538769564433439648,NED,1.31999993324,-3.23232865334
1538769564452131328,2989,1538769564451222656,NED,1.31999993324,-3.23232865334
1538769564501269536,2990,1538769564498657344,NED,1.66999995708,-3.23232865334
1538769564556878656,2991,1538769564556203456,NED,1.66999995708,-3.23232865334
1538769564597906752,2992,1538769564596481280,NED,1.66999995708,-3.23232865334
1538769564628580832,2993,1538769564628281632,NED,1.97999989986,-3.23232865334
1538769564693372512,2994,1538769564692684512,NED,1.97999989986,-0.637084782124
1538769564733690112,2995,1538769564733164384,NED,2.28999996185,-0.637084782124
1538769564760850592,2996,1538769564758987232,NED,2.28999996185,-0.637084782124
1538769564833568896,2997,1538769564833119808,NED,2.49000000954,-0.637084782124
1538769564862708256,2998,1538769564862214656,NED,2.49000000954,-0.637084782124
1538769564934710720,2999,1538769564934242592,NED,2.57999992371,-0.637084782124
1538769564989560832,3000,1538769564989001920,NED,2.57999992371,-0.637084782124
1538769565054372288,3001,1538769565052203968,NED,2.66999983788,-0.637084782124
1538769565081559488,3002,1538769565081032576,NED,2.66999983788,-0.637084782124
1538769565128980768,3003,1538769565128396960,NED,2.78999996185,2.28418755531
1538769565176161344,3004,1538769565172839360,NED,2.78999996185,2.28418755531
1538769565229206208,3005,1538769565228764288,NED,2.96000003815,2.28418755531
1538769565268655296,3006,1538769565265371328,NED,2.96000003815,2.28418755531
1538769565297439328,3007,1538769565295415616,NED,3.07999992371,2.28418755531
1538769565367740832,3008,1538769565364288608,NED,3.07999992371,2.28418755531
1538769565423078816,3009,1538769565422386464,NED,3.14999985695,2.28418755531
1538769565472119584,3010,1538769565471614976,NED,3.14999985695,2.28418755531
1538769565508736160,3011,1538769565503696896,NED,3.17999982834,2.75005602837
1538769565555379008,3012,1538769565554779616,NED,3.17999982834,2.75005602837
1538769565630305920,3013,1538769565629581728,NED,3.11999988556,2.75005602837
1538769565659282944,3014,1538769565656769120,NED,3.11999988556,2.75005602837
1538769565672978592,3015,1538769565671096288,NED,3.11999988556,2.75005602837
1538769565756283936,3016,1538769565755657280,NED,2.81999993324,2.75005602837
1538769565830590592,3017,1538769565829388032,NED,2.53999996185,2.75005602837
1538769565851344384,3018,1538769565850481824,NED,2.53999996185,5.30419540405
1538769565889791840,3019,1538769565886887680,NED,2.53999996185,5.30419540405
1538769565926921536,3020,1538769565926443360,NED,2.31999993324,5.30419540405
1538769566032963840,3021,1538769566032217984,NED,2.20000004768,5.30419540405
1538769566066485152,3022,1538769566064908800,NED,2.20000004768,5.30419540405
1538769566119952992,3023,1538769566119406208,NED,2.20000004768,5.30419540405
1538769566189808032,3024,1538769566189090688,NED,2.20000004768,5.30419540405
1538769566236179712,3025,1538769566235665632,NED,2.15999984741,5.30419540405
1538769566276713664,3026,1538769566274866432,NED,2.15999984741,5.30419540405
1538769566308702304,3027,1538769566307986560,NED,2.07999992371,2.98465275764
1538769566401650176,3028,1538769566400686336,NED,2.07999992371,2.98465275764
1538769566440719808,3029,1538769566439847072,NED,2.13999986649,2.98465275764
1538769566502155680,3030,1538769566501699296,NED,2.31999993324,2.98465275764
1538769566599709024,3031,1538769566598472320,NED,2.31999993324,2.98465275764
1538769566638601984,3032,1538769566636438304,NED,2.59999990463,2.98465275764
1538769566688629440,3033,1538769566685904576,NED,2.59999990463,2.98465275764
1538769566697493248,3034,1538769566696770880,NED,2.95000004768,2.98465275764
1538769566764660224,3035,1538769566762865216,NED,2.95000004768,-0.790141761303
1538769566800866496,3036,1538769566800061952,NED,3.37999987602,-0.790141761303
1538769566843907680,3037,1538769566843259680,NED,3.37999987602,-0.790141761303
1538769566900167136,3038,1538769566898062880,NED,3.80999994278,-0.790141761303
1538769566952623776,3039,1538769566951550592,NED,3.80999994278,-0.790141761303
1538769567031363808,3040,1538769567030912352,NED,4.15999984741,-0.790141761303
1538769567091143136,3041,1538769567090674816,NED,4.15999984741,0.999333500862
1538769567124297216,3042,1538769567123760448,NED,4.40000009537,0.999333500862
1538769567236200320,3043,1538769567235200352,NED,4.55999994278,0.999333500862
1538769567288746624,3044,1538769567288003520,NED,4.55999994278,0.999333500862
1538769567328315168,3045,1538769567327595424,NED,4.65999984741,0.999333500862
1538769567410298144,3046,1538769567409819488,NED,4.71999979019,0.999333500862
1538769567436573792,3047,1538769567433638048,NED,4.71999979019,0.999333500862
1538769567462877824,3048,1538769567462377472,NED,4.71999979019,0.999333500862
1538769567555638784,3049,1538769567555102304,NED,4.76999998093,3.8361954689
1538769567645511776,3050,1538769567643745920,NED,4.81999969482,3.8361954689
1538769567693843744,3051,1538769567693436032,NED,4.84999990463,3.8361954689
1538769567765369152,3052,1538769567764833056,NED,4.84999990463,3.8361954689
1538769567799374784,3053,1538769567798440704,NED,4.76999998093,3.8361954689
1538769567832558592,3054,1538769567831764480,NED,4.76999998093,3.8361954689
1538769567893268384,3055,1538769567892245088,NED,4.76999998093,4.78007507324
1538769567939696992,3056,1538769567938313728,NED,4.67000007629,4.78007507324
1538769568011401760,3057,1538769568010591968,NED,4.67000007629,4.78007507324
1538769568077787520,3058,1538769568077528384,NED,4.61000013351,4.78007507324
1538769568130362720,3059,1538769568129841376,NED,4.51999998093,4.78007507324
1538769568190692576,3060,1538769568189723136,NED,4.51999998093,4.78007507324
1538769568239710144,3061,1538769568237938752,NED,4.42000007629,4.94499731064
1538769568287842176,3062,1538769568286709408,NED,4.42000007629,4.94499731064
1538769568324067232,3063,1538769568323376832,NED,4.2999997139,4.94499731064
1538769568423011232,3064,1538769568421974208,NED,4.23999977112,4.94499731064
1538769568443202560,3065,1538769568442531168,NED,4.23999977112,4.94499731064
1538769568504735712,3066,1538769568502997536,NED,4.17000007629,4.94499731064
1538769568521897216,3067,1538769568521230944,NED,4.17000007629,4.94499731064
1538769568583012256,3068,1538769568581249824,NED,4.17999982834,4.94499731064
1538769568636539200,3069,1538769568635949216,NED,4.05999994278,4.94499731064
1538769568682320352,3070,1538769568681815168,NED,4.05999994278,4.22449111938
1538769568753482688,3071,1538769568753066048,NED,3.9399998188,4.22449111938
1538769568766154784,3072,1538769568764869344,NED,3.9399998188,4.22449111938
1538769568800483456,3073,1538769568799570208,NED,3.76999998093,4.22449111938
1538769568873596128,3074,1538769568870923456,NED,3.76999998093,4.22449111938
1538769568902845216,3075,1538769568902043776,NED,3.63999986649,4.22449111938
1538769568955682400,3076,1538769568955179552,NED,3.63999986649,4.22449111938
1538769569018993056,3077,1538769569017506656,NED,3.54999995232,4.2371969223
1538769569063974592,3078,1538769569063302816,NED,3.54999995232,4.2371969223
1538769569126429600,3079,1538769569125498080,NED,3.51999998093,4.2371969223
1538769569169612672,3080,1538769569166444832,NED,3.51999998093,4.2371969223
1538769569214668032,3081,1538769569213744320,NED,3.52999997139,4.2371969223
1538769569267051584,3082,1538769569264500864,NED,3.52999997139,4.2371969223
1538769569313408288,3083,1538769569312761344,NED,3.6099998951,4.2371969223
1538769569365373472,3084,1538769569364897088,NED,3.6099998951,4.2371969223
1538769569419659680,3085,1538769569417232128,NED,3.75999999046,3.28362369537
1538769569471981664,3086,1538769569471322944,NED,3.75999999046,3.28362369537
1538769569499068512,3087,1538769569498348672,NED,3.97000002861,3.28362369537
1538769569590626496,3088,1538769569589893632,NED,3.97000002861,3.28362369537
1538769569631532128,3089,1538769569629660832,NED,4.21999979019,3.28362369537
1538769569663839232,3090,1538769569662953760,NED,4.21999979019,3.28362369537
1538769569716904768,3091,1538769569715615456,NED,4.5,3.28362369537
1538769569763963360,3092,1538769569763373376,NED,4.5,2.90372157097
1538769569810635456,3093,1538769569809908960,NED,4.73999977112,2.90372157097
1538769569846289760,3094,1538769569844998912,NED,4.73999977112,2.90372157097
1538769569878651328,3095,1538769569878133120,NED,4.73999977112,2.90372157097
1538769569948794816,3096,1538769569948263072,NED,4.98000001907,2.90372157097
1538769570010332576,3097,1538769570009576352,NED,4.98000001907,2.90372157097
1538769570058657696,3098,1538769570057843808,NED,5.17999982834,2.90372157097
1538769570088949824,3099,1538769570085042624,NED,5.17999982834,2.90372157097
1538769570138299552,3100,1538769570137887520,NED,5.38999986649,2.90372157097
1538769570255056960,3101,1538769570254471840,NED,5.48999977112,2.62311577797
1538769570286721888,3102,1538769570286118688,NED,5.48999977112,2.62311577797
1538769570316591808,3103,1538769570315860128,NED,5.5499997139,2.62311577797
1538769570437359840,3104,1538769570435870560,NED,5.59999990463,2.62311577797
1538769570471886400,3105,1538769570471515168,NED,5.59999990463,2.62311577797
1538769570515095168,3106,1538769570513700352,NED,5.58999967575,2.62311577797
1538769570608368896,3107,1538769570607313408,NED,5.58999967575,4.83406257629
1538769570622813408,3108,1538769570619543968,NED,5.56999969482,4.83406257629
1538769570682770720,3109,1538769570682059232,NED,5.56999969482,4.83406257629
1538769570715219360,3110,1538769570714485152,NED,5.61999988556,4.83406257629
1538769570809280064,3111,1538769570808714624,NED,5.61999988556,4.83406257629
1538769570837931520,3112,1538769570834999424,NED,5.67999982834,4.83406257629
1538769570914579872,3113,1538769570914086528,NED,5.80999994278,4.83406257629
1538769570930801504,3114,1538769570930460256,NED,5.80999994278,4.96861362457
1538769571013819456,3115,1538769571009344256,NED,5.98999977112,4.96861362457
1538769571041445312,3116,1538769571040555232,NED,5.98999977112,4.96861362457
1538769571096590816,3117,1538769571096038656,NED,5.98999977112,4.96861362457
1538769571122303552,3118,1538769571121588800,NED,6.10999965668,4.96861362457
1538769571195260064,3119,1538769571191407904,NED,6.10999965668,4.96861362457
1538769571228601312,3120,1538769571227803904,NED,6.21000003815,4.96861362457
1538769571287509216,3121,1538769571286762784,NED,6.21000003815,4.90576648712
1538769571311592064,3122,1538769571309845504,NED,6.35999965668,4.90576648712
1538769571404192480,3123,1538769571401430048,NED,-44.9899978638,4.90576648712
1538769571444582560,3124,1538769571444084864,NED,-44.9899978638,4.90576648712
1538769571484227360,3125,1538769571481931200,NED,-44.9899978638,4.90576648712
1538769571526943872,3126,1538769571524697088,NED,-44.9899978638,4.90576648712
1538769571607760640,3127,1538769571604294432,NED,-44.9899978638,4.90576648712
1538769571671166880,3128,1538769571670675392,NED,-44.9899978638,4.90576648712
1538769571684984960,3129,1538769571684640608,NED,-44.9899978638,4.90576648712
1538769571731900288,3130,1538769571731402976,NED,-44.9899978638,-6.79691696167
1538769571802201952,3131,1538769571799373952,NED,-44.9899978638,-6.79691696167
1538769571843328480,3132,1538769571842841888,NED,-44.9899978638,-6.79691696167
1538769571896800704,3133,1538769571896317920,NED,-44.9899978638,-6.79691696167
1538769571947220224,3134,1538769571946798912,NED,-44.9899978638,-6.79691696167
1538769572020772224,3135,1538769572017340480,NED,-44.9899978638,-6.79691696167
1538769572113043264,3136,1538769572106916736,NED,-44.9899978638,-6.79691696167
1538769572120930112,3137,1538769572120630944,NED,-44.9899978638,-6.79691696167
1538769572208056288,3138,1538769572206941984,NED,-44.9899978638,-28.817855835
1538769572234518528,3139,1538769572232641728,NED,-44.9899978638,-28.817855835
1538769572284171552,3140,1538769572282441792,NED,-44.9899978638,-28.817855835
1538769572327824992,3141,1538769572327267808,NED,-44.9899978638,-28.817855835
1538769572388280672,3142,1538769572387193792,NED,-44.9899978638,-28.817855835
1538769572440379744,3143,1538769572439771232,NED,-44.9899978638,-28.817855835
1538769572477665088,3144,1538769572477277600,NED,-44.9899978638,-28.817855835
1538769572558118592,3145,1538769572555166432,NED,-44.9899978638,-28.817855835
1538769572578159136,3146,1538769572577401056,NED,-44.9899978638,-28.817855835
1538769572600919552,3147,1538769572600629536,NED,-44.9899978638,-37.502456665
1538769572668823008,3148,1538769572668004608,NED,-44.9899978638,-37.502456665
1538769572705229920,3149,1538769572704557920,NED,-44.9899978638,-37.502456665
1538769572771345440,3150,1538769572768882784,NED,-44.9899978638,-37.502456665
1538769572813664320,3151,1538769572812693216,NED,-44.9899978638,-37.502456665
1538769572888975264,3152,1538769572887295040,NED,-44.9899978638,-37.502456665
1538769572897780768,3153,1538769572896416384,NED,-44.9899978638,-37.502456665
1538769572974514592,3154,1538769572973976576,NED,-44.9899978638,-37.502456665
1538769573024358336,3155,1538769573023815488,NED,-44.9899978638,-42.6018676758
1538769573072825120,3156,1538769573071035744,NED,-44.9899978638,-42.6018676758
1538769573101318496,3157,1538769573100458208,NED,-44.9899978638,-42.6018676758
1538769573168209440,3158,1538769573167556992,NED,-44.9899978638,-42.6018676758
1538769573203430976,3159,1538769573202517920,NED,-44.9899978638,-42.6018676758
1538769573268798176,3160,1538769573268164416,NED,-44.9899978638,-42.6018676758
1538769573310863200,3161,1538769573310218944,NED,-44.8600006104,-42.6018676758
1538769573404374976,3162,1538769573403785920,NED,-44.8699989319,-42.6018676758
1538769573422315808,3163,1538769573419597472,NED,-42.6599998474,-42.6018676758
1538769573474959872,3164,1538769573468639136,NED,-42.6599998474,-47.2792015076
1538769573508933504,3165,1538769573507331392,NED,-40.1100006104,-47.2792015076
1538769573569014912,3166,1538769573567404256,NED,-40.1100006104,-47.2792015076
1538769573615874080,3167,1538769573614306016,NED,-37.0299987793,-47.2792015076
1538769573699697952,3168,1538769573698147680,NED,-33.2900009155,-47.2792015076
1538769573787169056,3169,1538769573786696768,NED,-33.2900009155,-47.2792015076
1538769573837188416,3170,1538769573836480800,NED,-28.8299999237,-47.2792015076
1538769573867861664,3171,1538769573864246784,NED,-28.8299999237,-47.2792015076
1538769573932307040,3172,1538769573931722624,NED,-23.8799991608,-47.0490684509
1538769573967845792,3173,1538769573967216768,NED,-23.8799991608,-47.0490684509
1538769574021832288,3174,1538769574021307616,NED,-18.3400001526,-47.0490684509
1538769574053670560,3175,1538769574050341632,NED,-18.3400001526,-47.0490684509
1538769574110352032,3176,1538769574105552608,NED,-12.1700000763,-47.0490684509
1538769574120797024,3177,1538769574120160608,NED,-12.1700000763,-47.0490684509
1538769574237577984,3178,1538769574236441056,NED,-6.17000007629,-47.0490684509
1538769574274700640,3179,1538769574274112672,NED,-6.17000007629,-47.0490684509
1538769574332715968,3180,1538769574332063968,NED,-0.219999998808,-36.6919555664
1538769574361732352,3181,1538769574360887200,NED,-0.219999998808,-36.6919555664
1538769574457592992,3182,1538769574456774720,NED,5.05999994278,-36.6919555664
1538769574501197632,3183,1538769574499288800,NED,5.05999994278,-36.6919555664
1538769574521712832,3184,1538769574520977216,NED,9.6799993515,-36.6919555664
1538769574588983968,3185,1538769574588406976,NED,9.65999984741,-25.3552093506
1538769574633968864,3186,1538769574633346848,NED,13.4699993134,-25.3552093506
1538769574688582688,3187,1538769574688139744,NED,13.4600000381,-25.3552093506
1538769574758072736,3188,1538769574757777024,NED,16.6599998474,-25.3552093506
1538769574792060640,3189,1538769574790798976,NED,16.6399993896,-25.3552093506
1538769574818849760,3190,1538769574818197664,NED,19.0900001526,-25.3552093506
1538769574909904320,3191,1538769574907696256,NED,20.859998703,-11.8022489548
1538769574948181504,3192,1538769574947518880,NED,20.8400001526,-11.8022489548
1538769575014488864,3193,1538769575014076160,NED,21.9099998474,-11.8022489548
1538769575075075744,3194,1538769575074235520,NED,21.8999996185,-11.8022489548
1538769575096017696,3195,1538769575095689472,NED,21.8899993896,-11.8022489548
1538769575112913280,3196,1538769575110273344,NED,22.4200000763,-11.8022489548
1538769575207035328,3197,1538769575204665792,NED,22.6000003815,-11.8022489548
1538769575255073440,3198,1538769575246344288,NED,22.609998703,-11.8022489548
1538769575312679680,3199,1538769575307447904,NED,22.4799995422,-11.8022489548
1538769575317592736,3200,1538769575316483392,NED,22.4799995422,-11.8022489548
1538769575408359584,3201,1538769575407856576,NED,22.4899997711,4.91116952896
1538769575433185792,3202,1538769575432267328,NED,22.0900001526,4.91116952896
1538769575481927936,3203,1538769575481210240,NED,22.109998703,4.91116952896
1538769575546830528,3204,1538769575545916032,NED,21.4599990845,4.91116952896
1538769575608787552,3205,1538769575607782016,NED,21.4699993134,4.91116952896
1538769575644502304,3206,1538769575643687488,NED,20.6499996185,4.91116952896
1538769575696881280,3207,1538769575693675488,NED,20.6700000763,4.91116952896
1538769575739783712,3208,1538769575738982112,NED,19.6899986267,4.91116952896
1538769575842996192,3209,1538769575842583072,NED,18.6399993896,16.8179664612
1538769575910710784,3210,1538769575910152224,NED,17.2999992371,16.8179664612
1538769575919980448,3211,1538769575919683776,NED,17.2999992371,16.8179664612
1538769576002678560,3212,1538769576001805472,NED,17.3299999237,16.8179664612
1538769576027567904,3213,1538769576026900768,NED,16.0900001526,16.8179664612
1538769576113651328,3214,1538769576113167552,NED,15.0999994278,16.8179664612
1538769576153383840,3215,1538769576152955680,NED,15.1099996567,16.8179664612
1538769576276945568,3216,1538769576276028640,NED,14.1499996185,21.3547534943
1538769576313873920,3217,1538769576313265664,NED,13.3099994659,21.3547534943
1538769576342700064,3218,1538769576342308256,NED,13.3199996948,21.3547534943
1538769576391665408,3219,1538769576390617056,NED,13.3199996948,21.3547534943
1538769576441084576,3220,1538769576440261408,NED,12.4799995422,21.3547534943
1538769576492892704,3221,1538769576492437952,NED,12.4899997711,21.3547534943
1538769576529994080,3222,1538769576529246560,NED,11.4600000381,20.1012630463
1538769576601650240,3223,1538769576600640256,NED,11.4600000381,20.1012630463
1538769576639576608,3224,1538769576637729312,NED,10.4200000763,20.1012630463
1538769576668989984,3225,1538769576668556288,NED,10.4200000763,20.1012630463
1538769576702582656,3226,1538769576702283808,NED,9.28999996185,20.1012630463
1538769576792625760,3227,1538769576789262464,NED,9.27999973297,20.1012630463
1538769576868943808,3228,1538769576862183968,NED,8.31999969482,19.9230079651
1538769576954525600,3229,1538769576954088416,NED,7.08999967575,19.9230079651
1538769576970313408,3230,1538769576969782784,NED,7.08999967575,19.9230079651
1538769577007350048,3231,1538769577004491008,NED,5.75,19.9230079651
1538769577084499904,3232,1538769577083434816,NED,5.75,19.9230079651
1538769577155006816,3233,1538769577153084256,NED,-4.55999994278,19.9230079651
1538769577166783936,3234,1538769577166459584,NED,-4.55999994278,19.9230079651
1538769577212601664,3235,1538769577212183296,NED,-5.78999996185,19.9230079651
1538769577276580704,3236,1538769577271047520,NED,-5.78999996185,19.9230079651
1538769577304906912,3237,1538769577304471616,NED,-6.69000005722,19.9230079651
1538769577368637760,3238,1538769577367793184,NED,-6.69000005722,11.5579538345
1538769577402373088,3239,1538769577401451328,NED,-7.32999992371,11.5579538345
1538769577488535456,3240,1538769577488079200,NED,-7.32999992371,11.5579538345
1538769577555824416,3241,1538769577554345760,NED,-7.85999965668,11.5579538345
1538769577608244224,3242,1538769577606348000,NED,-7.85999965668,11.5579538345
1538769577653673248,3243,1538769577652306688,NED,-8.13000011444,11.5579538345
1538769577678439104,3244,1538769577677725472,NED,-8.13000011444,11.5579538345
1538769577721093440,3245,1538769577720010816,NED,-8.14999961853,11.5579538345
1538769577826192768,3246,1538769577824652416,NED,-7.98999977112,1.19108641148
1538769577836883840,3247,1538769577834542144,NED,-7.98999977112,1.19108641148
1538769577920388096,3248,1538769577916500768,NED,-7.78999996185,1.19108641148
1538769577967126592,3249,1538769577964550368,NED,-7.78999996185,1.19108641148
1538769578014431552,3250,1538769578013726944,NED,-7.78999996185,1.19108641148
1538769578038467232,3251,1538769578037324320,NED,-7.53999996185,1.19108641148
1538769578100846816,3252,1538769578099376672,NED,-7.19999980927,1.19108641148
1538769578134656448,3253,1538769578133820480,NED,-7.19999980927,1.19108641148
1538769578189079552,3254,1538769578187731392,NED,-7.19999980927,1.19108641148
1538769578230301248,3255,1538769578229968928,NED,-6.84999990463,1.19108641148
1538769578329747904,3256,1538769578327193248,NED,-6.44000005722,-2.83798956871
1538769578409704800,3257,1538769578408498912,NED,-5.92999982834,-2.83798956871
1538769578446835840,3258,1538769578445048960,NED,-5.94000005722,-2.83798956871
1538769578507048448,3259,1538769578504750112,NED,-5.2999997139,-2.83798956871
1538769578528875040,3260,1538769578528191840,NED,-5.2999997139,-2.83798956871
1538769578599347104,3261,1538769578598451680,NED,-5.2999997139,-2.83798956871
1538769578627923616,3262,1538769578627285088,NED,-4.59999990463,-4.4245057106
1538769578718581728,3263,1538769578717196000,NED,-3.76999998093,-4.4245057106
1538769578735157088,3264,1538769578734469920,NED,-3.76999998093,-4.4245057106
1538769578818653120,3265,1538769578814222752,NED,-2.96000003815,-4.4245057106
1538769578871289792,3266,1538769578870815872,NED,-2.96000003815,-4.4245057106
1538769578935577728,3267,1538769578935015168,NED,-2.14999985695,-5.34592151642
1538769578953174848,3268,1538769578951130016,NED,-2.14999985695,-5.34592151642
1538769579004995296,3269,1538769579004306176,NED,-2.14999985695,-5.34592151642
1538769579046661440,3270,1538769579045429312,NED,-1.33999991417,-5.34592151642
1538769579091449504,3271,1538769579090620256,NED,-1.33999991417,-5.34592151642
1538769579149537376,3272,1538769579145304864,NED,-0.5,-5.34592151642
1538769579199655712,3273,1538769579196338400,NED,-0.5,-5.34592151642
1538769579295590848,3274,1538769579294385952,NED,0.299999982119,-5.34592151642
1538769579352276608,3275,1538769579351309344,NED,1.09000003338,-5.00266742706
1538769579410051008,3276,1538769579408458752,NED,1.81999993324,-5.00266742706
1538769579429171616,3277,1538769579427827584,NED,1.81999993324,-5.00266742706
1538769579495200320,3278,1538769579491001280,NED,1.81999993324,-5.00266742706
1538769579526515232,3279,1538769579523912128,NED,2.50999999046,-5.00266742706
1538769579600031264,3280,1538769579599555584,NED,2.50999999046,-5.00266742706
1538769579628621376,3281,1538769579627833600,NED,3.15999984741,-5.00266742706
1538769579684675616,3282,1538769579683906784,NED,3.15999984741,-5.00266742706
1538769579724286080,3283,1538769579724042848,NED,3.74000000954,-5.00266742706
1538769579795666176,3284,1538769579793702816,NED,3.74000000954,-1.87997972965
1538769579836920608,3285,1538769579835389056,NED,4.19000005722,-1.87997972965
1538769579923137440,3286,1538769579922753088,NED,4.61999988556,-1.87997972965
1538769580002421632,3287,1538769580001632288,NED,4.61999988556,-1.87997972965
1538769580039250176,3288,1538769580038847520,NED,4.98999977112,-1.87997972965
1538769580098321376,3289,1538769580098021536,NED,4.98999977112,-1.87997972965
1538769580130866432,3290,1538769580130443424,NED,5.2999997139,0.177317500114
1538769580215370432,3291,1538769580214120832,NED,5.58999967575,0.177317500114
1538769580248685600,3292,1538769580245368992,NED,5.58999967575,0.177317500114
1538769580293280192,3293,1538769580292509568,NED,5.58999967575,0.177317500114
1538769580349539936,3294,1538769580349140896,NED,5.83999967575,0.177317500114
1538769580420175616,3295,1538769580418926560,NED,6.06999969482,0.177317500114
1538769580431929056,3296,1538769580431278528,NED,6.06999969482,0.177317500114
1538769580509345696,3297,1538769580506844512,NED,6.27999973297,0.177317500114
1538769580546113184,3298,1538769580544728320,NED,6.27999973297,2.20405435562
1538769580602008736,3299,1538769580600713056,NED,6.5,2.20405435562
1538769580629859264,3300,1538769580628889760,NED,6.5,2.20405435562
1538769580694036992,3301,1538769580693741344,NED,6.5,2.20405435562
1538769580723933216,3302,1538769580723391808,NED,6.73000001907,2.20405435562
1538769580810389536,3303,1538769580806861280,NED,6.83999967575,2.20405435562
1538769580873681056,3304,1538769580869432928,NED,6.83999967575,2.20405435562
1538769580905022944,3305,1538769580904310656,NED,6.80999994278,2.20405435562
1538769580947002208,3306,1538769580946514080,NED,6.80999994278,3.96566462517
1538769580987092512,3307,1538769580985181312,NED,6.80999994278,3.96566462517
1538769581024346240,3308,1538769581021351648,NED,6.73000001907,3.96566462517
1538769581081405920,3309,1538769581080529536,NED,6.73000001907,3.96566462517
1538769581177516448,3310,1538769581175387680,NED,6.77999973297,3.96566462517
1538769581210335040,3311,1538769581206535392,NED,6.96999979019,3.96566462517
1538769581254384416,3312,1538769581253624576,NED,6.96999979019,3.96566462517
