%time,field.header.seq,field.header.stamp,field.header.frame_id,field.voltage,field.current,field.charge,field.capacity,field.design_capacity,field.percentage,field.power_supply_status,field.power_supply_health,field.power_supply_technology,field.present,field.location,field.serial_number
1536691717791705144,10247,1536691717787566904,,0.0,0.00999999977648,nan,nan,nan,-0.00999999977648,2,0,0,1,,
1536691717846078648,10248,1536691717845597432,,0.0,0.00999999977648,nan,nan,nan,-0.00999999977648,2,0,0,1,,
1536691717888089752,10249,1536691717886660344,,0.0,0.00999999977648,nan,nan,nan,-0.00999999977648,2,0,0,1,,
1536691717907558008,10250,1536691717907025720,,0.0,0.00999999977648,nan,nan,nan,-0.00999999977648,2,0,0,1,,
1536691717969918200,10251,1536691717969705752,,0.0,0.00999999977648,nan,nan,nan,-0.00999999977648,2,0,0,1,,
1536691718024625048,10252,1536691718024276984,,0.0,0.00999999977648,nan,nan,nan,-0.00999999977648,2,0,0,1,,
1536691718046748888,10253,1536691718046313400,,0.0,0.00999999977648,nan,nan,nan,-0.00999999977648,2,0,0,1,,
1536691718079628920,10254,1536691718079385432,,0.0,0.00999999977648,nan,nan,nan,-0.00999999977648,2,0,0,1,,
1536691718125579576,10255,1536691718125174168,,0.0,0.00999999977648,nan,nan,nan,-0.00999999977648,2,0,0,1,,
1536691718147105048,10256,1536691718146918552,,0.0,0.00999999977648,nan,nan,nan,-0.00999999977648,2,0,0,1,,
1536691718206617912,10257,1536691718206337944,,0.0,0.00999999977648,nan,nan,nan,-0.00999999977648,2,0,0,1,,
1536691718288075704,10258,1536691718287776888,,0.0,0.00999999977648,nan,nan,nan,-0.00999999977648,2,0,0,1,,
1536691718342051896,10259,1536691718341767608,,0.0,0.00999999977648,nan,nan,nan,-0.00999999977648,2,0,0,1,,
1536691718362906200,10260,1536691718362719928,,0.0,0.00999999977648,nan,nan,nan,-0.00999999977648,2,0,0,1,,
1536691718424474680,10261,1536691718424231928,,0.0,0.00999999977648,nan,nan,nan,-0.00999999977648,2,0,0,1,,
1536691718448003640,10262,1536691718447608632,,0.0,0.00999999977648,nan,nan,nan,-0.00999999977648,2,0,0,1,,
1536691718507800728,10263,1536691718507591704,,0.0,0.00999999977648,nan,nan,nan,-0.00999999977648,2,0,0,1,,
1536691718577152600,10264,1536691718576914616,,0.0,0.00999999977648,nan,nan,nan,-0.00999999977648,2,0,0,1,,
1536691718625407384,10265,1536691718625112440,,0.0,0.00999999977648,nan,nan,nan,-0.00999999977648,2,0,0,1,,
1536691718666988280,10266,1536691718666621560,,0.0,0.00999999977648,nan,nan,nan,-0.00999999977648,2,0,0,1,,
1536691718721093304,10267,1536691718720894360,,0.0,0.00999999977648,nan,nan,nan,-0.00999999977648,2,0,0,1,,
1536691718757714968,10268,1536691718756076120,,0.0,0.00999999977648,nan,nan,nan,-0.00999999977648,2,0,0,1,,
1536691718808624248,10269,1536691718808408088,,0.0,0.00999999977648,nan,nan,nan,-0.00999999977648,2,0,0,1,,
1536691718880987320,10270,1536691718880516024,,0.0,0.00999999977648,nan,nan,nan,-0.00999999977648,2,0,0,1,,
1536691718925523864,10271,1536691718925290104,,0.0,0.00999999977648,nan,nan,nan,-0.00999999977648,2,0,0,1,,
1536691718952788728,10272,1536691718952547672,,0.0,0.00999999977648,nan,nan,nan,-0.00999999977648,2,0,0,1,,
1536691719006521240,10273,1536691719006279928,,0.0,0.00999999977648,nan,nan,nan,-0.00999999977648,2,0,0,1,,
1536691719088833912,10274,1536691719088060248,,0.0,0.00999999977648,nan,nan,nan,-0.00999999977648,2,0,0,1,,
1536691719129543032,10275,1536691719129247608,,0.0,0.00999999977648,nan,nan,nan,-0.00999999977648,2,0,0,1,,
1536691719168545816,10276,1536691719168327192,,0.0,0.00999999977648,nan,nan,nan,-0.00999999977648,2,0,0,1,,
1536691719226774328,10277,1536691719225657240,,0.0,0.00999999977648,nan,nan,nan,-0.00999999977648,2,0,0,1,,
1536691719267816696,10278,1536691719267407192,,0.0,0.00999999977648,nan,nan,nan,-0.00999999977648,2,0,0,1,,
1536691719299255000,10279,1536691719298851736,,0.0,0.00999999977648,nan,nan,nan,-0.00999999977648,2,0,0,1,,
1536691719337154296,10280,1536691719336910104,,0.0,0.00999999977648,nan,nan,nan,-0.00999999977648,2,0,0,1,,
1536691719407767064,10281,1536691719407508568,,0.0,0.00999999977648,nan,nan,nan,-0.00999999977648,2,0,0,1,,
1536691719481764888,10282,1536691719480664632,,0.0,0.00999999977648,nan,nan,nan,-0.00999999977648,2,0,0,1,,
1536691719501989112,10283,1536691719500928088,,0.0,0.00999999977648,nan,nan,nan,-0.00999999977648,2,0,0,1,,
1536691719583579032,10284,1536691719583221016,,0.0,0.00999999977648,nan,nan,nan,-0.00999999977648,2,0,0,1,,
1536691719615986264,10285,1536691719615654008,,0.0,0.00999999977648,nan,nan,nan,-0.00999999977648,2,0,0,1,,
1536691719677204280,10286,1536691719676974872,,0.0,0.00999999977648,nan,nan,nan,-0.00999999977648,2,0,0,1,,
1536691719723007640,10287,1536691719722805368,,0.0,0.00999999977648,nan,nan,nan,-0.00999999977648,2,0,0,1,,
1536691719732237848,10288,1536691719731985336,,0.0,0.00999999977648,nan,nan,nan,-0.00999999977648,2,0,0,1,,
1536691719761064344,10289,1536691719760823416,,0.0,0.00999999977648,nan,nan,nan,-0.00999999977648,2,0,0,1,,
1536691719828834840,10290,1536691719828588824,,0.0,0.00999999977648,nan,nan,nan,-0.00999999977648,2,0,0,1,,
1536691719847420344,10291,1536691719847092664,,0.0,0.00999999977648,nan,nan,nan,-0.00999999977648,2,0,0,1,,
1536691719907519736,10292,1536691719907286168,,0.0,0.00999999977648,nan,nan,nan,-0.00999999977648,2,0,0,1,,
1536691719948052536,10293,1536691719947839480,,0.0,0.00999999977648,nan,nan,nan,-0.00999999977648,2,0,0,1,,
1536691720008656152,10294,1536691720008428824,,0.0,0.00999999977648,nan,nan,nan,-0.00999999977648,2,0,0,1,,
1536691720063949624,10295,1536691720062651864,,0.0,0.00999999977648,nan,nan,nan,-0.00999999977648,2,0,0,1,,
1536691720107258520,10296,1536691720107007512,,0.0,0.00999999977648,nan,nan,nan,-0.00999999977648,2,0,0,1,,
1536691720159329432,10297,1536691720159140376,,0.0,0.00999999977648,nan,nan,nan,-0.00999999977648,2,0,0,1,,
1536691720215851224,10298,1536691720215612216,,0.0,0.00999999977648,nan,nan,nan,-0.00999999977648,2,0,0,1,,
1536691720272512248,10299,1536691720272013176,,0.0,0.00999999977648,nan,nan,nan,-0.00999999977648,2,0,0,1,,
1536691720323868248,10300,1536691720323648312,,0.0,0.00999999977648,nan,nan,nan,-0.00999999977648,2,0,0,1,,
1536691720341928792,10301,1536691720341720696,,0.0,0.00999999977648,nan,nan,nan,-0.00999999977648,2,0,0,1,,
1536691720369935704,10302,1536691720369680312,,0.0,0.00999999977648,nan,nan,nan,-0.00999999977648,2,0,0,1,,
1536691720438152024,10303,1536691720437764440,,0.0,0.00999999977648,nan,nan,nan,-0.00999999977648,2,0,0,1,,
1536691720492288024,10304,1536691720491849176,,0.0,0.00999999977648,nan,nan,nan,-0.00999999977648,2,0,0,1,,
1536691720553538936,10305,1536691720553258904,,0.0,0.00999999977648,nan,nan,nan,-0.00999999977648,2,0,0,1,,
1536691720586546776,10306,1536691720586332280,,0.0,0.00999999977648,nan,nan,nan,-0.00999999977648,2,0,0,1,,
1536691720646787672,10307,1536691720646483448,,0.0,0.00999999977648,nan,nan,nan,-0.00999999977648,2,0,0,1,,
1536691720695475128,10308,1536691720695138680,,0.0,0.00999999977648,nan,nan,nan,-0.00999999977648,2,0,0,1,,
1536691720744381208,10309,1536691720744135992,,0.0,0.00999999977648,nan,nan,nan,-0.00999999977648,2,0,0,1,,
1536691720791879544,10310,1536691720791404888,,0.0,0.00999999977648,nan,nan,nan,-0.00999999977648,2,0,0,1,,
1536691720849833432,10311,1536691720849190456,,0.0,0.00999999977648,nan,nan,nan,-0.00999999977648,2,0,0,1,,
1536691720884903064,10312,1536691720882512120,,0.0,0.00999999977648,nan,nan,nan,-0.00999999977648,2,0,0,1,,
1536691720923207064,10313,1536691720922963512,,0.0,0.00999999977648,nan,nan,nan,-0.00999999977648,2,0,0,1,,
1536691720965561528,10314,1536691720965288248,,0.0,0.00999999977648,nan,nan,nan,-0.00999999977648,2,0,0,1,,
1536691721006001080,10315,1536691721005696984,,0.0,0.00999999977648,nan,nan,nan,-0.00999999977648,2,0,0,1,,
1536691721089914200,10316,1536691721089602296,,0.0,0.00999999977648,nan,nan,nan,-0.00999999977648,2,0,0,1,,
1536691721128500344,10317,1536691721128277080,,0.0,0.00999999977648,nan,nan,nan,-0.00999999977648,2,0,0,1,,
1536691721156934616,10318,1536691721155537688,,0.0,0.00999999977648,nan,nan,nan,-0.00999999977648,2,0,0,1,,
1536691721195402040,10319,1536691721195105048,,0.0,0.00999999977648,nan,nan,nan,-0.00999999977648,2,0,0,1,,
1536691721276708856,10320,1536691721268394584,,0.0,0.00999999977648,nan,nan,nan,-0.00999999977648,2,0,0,1,,
1536691721317516216,10321,1536691721317054648,,0.0,0.00999999977648,nan,nan,nan,-0.00999999977648,2,0,0,1,,
1536691721352683224,10322,1536691721352228376,,0.0,0.00999999977648,nan,nan,nan,-0.00999999977648,2,0,0,1,,
1536691721409999736,10323,1536691721409766488,,0.0,0.00999999977648,nan,nan,nan,-0.00999999977648,2,0,0,1,,
1536691721427300248,10324,1536691721426928280,,0.0,0.00999999977648,nan,nan,nan,-0.00999999977648,2,0,0,1,,
1536691721489162040,10325,1536691721486180152,,0.0,0.00999999977648,nan,nan,nan,-0.00999999977648,2,0,0,1,,
1536691721507974552,10326,1536691721507632600,,0.0,0.00999999977648,nan,nan,nan,-0.00999999977648,2,0,0,1,,
1536691721563664600,10327,1536691721563375896,,0.0,0.00999999977648,nan,nan,nan,-0.00999999977648,2,0,0,1,,
1536691721628926456,10328,1536691721628683928,,0.0,0.00999999977648,nan,nan,nan,-0.00999999977648,2,0,0,1,,
1536691721680669848,10329,1536691721680403800,,0.0,0.00999999977648,nan,nan,nan,-0.00999999977648,2,0,0,1,,
1536691721716130136,10330,1536691721715690552,,0.0,0.00999999977648,nan,nan,nan,-0.00999999977648,2,0,0,1,,
1536691721773111864,10331,1536691721772873272,,0.0,0.00999999977648,nan,nan,nan,-0.00999999977648,2,0,0,1,,
1536691721826982424,10332,1536691721826673144,,0.0,0.00999999977648,nan,nan,nan,-0.00999999977648,2,0,0,1,,
1536691721891910808,10333,1536691721891664184,,0.0,0.00999999977648,nan,nan,nan,-0.00999999977648,2,0,0,1,,
1536691721927276344,10334,1536691721926907416,,0.0,0.00999999977648,nan,nan,nan,-0.00999999977648,2,0,0,1,,
1536691721947984024,10335,1536691721947798264,,0.0,0.00999999977648,nan,nan,nan,-0.00999999977648,2,0,0,1,,
1536691722011669080,10336,1536691722011439960,,0.0,0.00999999977648,nan,nan,nan,-0.00999999977648,2,0,0,1,,
1536691722067566040,10337,1536691722067267640,,0.0,0.00999999977648,nan,nan,nan,-0.00999999977648,2,0,0,1,,
1536691722124836600,10338,1536691722124631896,,0.0,0.00999999977648,nan,nan,nan,-0.00999999977648,2,0,0,1,,
1536691722188223736,10339,1536691722187989048,,0.0,0.00999999977648,nan,nan,nan,-0.00999999977648,2,0,0,1,,
1536691722226877304,10340,1536691722226619416,,0.0,0.00999999977648,nan,nan,nan,-0.00999999977648,2,0,0,1,,
1536691722250005656,10341,1536691722249668536,,0.0,0.00999999977648,nan,nan,nan,-0.00999999977648,2,0,0,1,,
1536691722297972088,10342,1536691722297246488,,0.0,0.00999999977648,nan,nan,nan,-0.00999999977648,2,0,0,1,,
1536691722332535832,10343,1536691722332313144,,0.0,0.00999999977648,nan,nan,nan,-0.00999999977648,2,0,0,1,,
1536691722391464728,10344,1536691722391252984,,0.0,0.00999999977648,nan,nan,nan,-0.00999999977648,2,0,0,1,,
1536691722431804184,10345,1536691722431564504,,0.0,0.00999999977648,nan,nan,nan,-0.00999999977648,2,0,0,1,,
1536691722507270136,10346,1536691722506682488,,0.0,0.00999999977648,nan,nan,nan,-0.00999999977648,2,0,0,1,,
1536691722514677976,10347,1536691722513682584,,0.0,0.00999999977648,nan,nan,nan,-0.00999999977648,2,0,0,1,,
1536691722568519768,10348,1536691722568293048,,0.0,0.00999999977648,nan,nan,nan,-0.00999999977648,2,0,0,1,,
1536691722627457688,10349,1536691722627232376,,0.0,0.00999999977648,nan,nan,nan,-0.00999999977648,2,0,0,1,,
1536691722695792664,10350,1536691722693145048,,0.0,0.00999999977648,nan,nan,nan,-0.00999999977648,2,0,0,1,,
1536691722717033784,10351,1536691722716358072,,0.0,0.00999999977648,nan,nan,nan,-0.00999999977648,2,0,0,1,,
1536691722770511800,10352,1536691722770334040,,0.0,0.00999999977648,nan,nan,nan,-0.00999999977648,2,0,0,1,,
1536691722818166424,10353,1536691722809630680,,0.0,0.00999999977648,nan,nan,nan,-0.00999999977648,2,0,0,1,,
1536691722865191224,10354,1536691722864958360,,0.0,0.00999999977648,nan,nan,nan,-0.00999999977648,2,0,0,1,,
1536691722914420536,10355,1536691722911651224,,0.0,0.00999999977648,nan,nan,nan,-0.00999999977648,2,0,0,1,,
1536691722976805336,10356,1536691722976567992,,0.0,0.00999999977648,nan,nan,nan,-0.00999999977648,2,0,0,1,,
1536691722996685624,10357,1536691722996219736,,0.0,0.00999999977648,nan,nan,nan,-0.00999999977648,2,0,0,1,,
1536691723066818168,10358,1536691723066375000,,0.0,0.00999999977648,nan,nan,nan,-0.00999999977648,2,0,0,1,,
1536691723100609176,10359,1536691723100394456,,0.0,0.00999999977648,nan,nan,nan,-0.00999999977648,2,0,0,1,,
1536691723147875192,10360,1536691723147636856,,0.0,0.00999999977648,nan,nan,nan,-0.00999999977648,2,0,0,1,,
1536691723220797848,10361,1536691723209233624,,0.0,0.00999999977648,nan,nan,nan,-0.00999999977648,2,0,0,1,,
1536691723264046232,10362,1536691723263850968,,0.0,0.00999999977648,nan,nan,nan,-0.00999999977648,2,0,0,1,,
1536691723292871224,10363,1536691723291772792,,0.0,0.00999999977648,nan,nan,nan,-0.00999999977648,2,0,0,1,,
1536691723355105720,10364,1536691723354890424,,0.0,0.00999999977648,nan,nan,nan,-0.00999999977648,2,0,0,1,,
1536691723400461496,10365,1536691723400243320,,0.0,0.00999999977648,nan,nan,nan,-0.00999999977648,2,0,0,1,,
1536691723425276312,10366,1536691723425061400,,0.0,0.00999999977648,nan,nan,nan,-0.00999999977648,2,0,0,1,,
1536691723492654328,10367,1536691723492342808,,0.0,0.00999999977648,nan,nan,nan,-0.00999999977648,2,0,0,1,,
1536691723515517176,10368,1536691723515284152,,0.0,0.00999999977648,nan,nan,nan,-0.00999999977648,2,0,0,1,,
1536691723570320280,10369,1536691723570121816,,0.0,0.00999999977648,nan,nan,nan,-0.00999999977648,2,0,0,1,,
1536691723606571320,10370,1536691723606341432,,0.0,0.00999999977648,nan,nan,nan,-0.00999999977648,2,0,0,1,,
1536691723673216664,10371,1536691723673026296,,0.0,0.00999999977648,nan,nan,nan,-0.00999999977648,2,0,0,1,,
1536691723691038904,10372,1536691723688832536,,0.0,0.00999999977648,nan,nan,nan,-0.00999999977648,2,0,0,1,,
1536691723754189784,10373,1536691723753947608,,0.0,0.00999999977648,nan,nan,nan,-0.00999999977648,2,0,0,1,,
1536691723789859544,10374,1536691723789616952,,0.0,0.00999999977648,nan,nan,nan,-0.00999999977648,2,0,0,1,,
1536691723852368952,10375,1536691723852133464,,0.0,0.00999999977648,nan,nan,nan,-0.00999999977648,2,0,0,1,,
1536691723898896248,10376,1536691723898733720,,0.0,0.00999999977648,nan,nan,nan,-0.00999999977648,2,0,0,1,,
1536691723964165304,10377,1536691723963797368,,0.0,0.00999999977648,nan,nan,nan,-0.00999999977648,2,0,0,1,,
1536691724016958680,10378,1536691724016692120,,0.0,0.00999999977648,nan,nan,nan,-0.00999999977648,2,0,0,1,,
1536691724066517720,10379,1536691724066250968,,0.0,0.00999999977648,nan,nan,nan,-0.00999999977648,2,0,0,1,,
1536691724109905144,10380,1536691724109563736,,0.0,0.00999999977648,nan,nan,nan,-0.00999999977648,2,0,0,1,,
1536691724170853112,10381,1536691724170546200,,0.0,0.00999999977648,nan,nan,nan,-0.00999999977648,2,0,0,1,,
1536691724217955192,10382,1536691724217564888,,0.0,0.00999999977648,nan,nan,nan,-0.00999999977648,2,0,0,1,,
1536691724270058072,10383,1536691724269762936,,0.0,0.00999999977648,nan,nan,nan,-0.00999999977648,2,0,0,1,,
1536691724295457624,10384,1536691724294736664,,0.0,0.00999999977648,nan,nan,nan,-0.00999999977648,2,0,0,1,,
1536691724373773048,10385,1536691724373502008,,0.0,0.00999999977648,nan,nan,nan,-0.00999999977648,2,0,0,1,,
1536691724406140632,10386,1536691724405440248,,0.0,0.00999999977648,nan,nan,nan,-0.00999999977648,2,0,0,1,,
1536691724484618232,10387,1536691724484173208,,0.0,0.00999999977648,nan,nan,nan,-0.00999999977648,2,0,0,1,,
1536691724524435512,10388,1536691724524202552,,0.0,0.00999999977648,nan,nan,nan,-0.00999999977648,2,0,0,1,,
1536691724554991992,10389,1536691724554720120,,0.0,0.00999999977648,nan,nan,nan,-0.00999999977648,2,0,0,1,,
1536691724586505528,10390,1536691724586194200,,0.0,0.00999999977648,nan,nan,nan,-0.00999999977648,2,0,0,1,,
1536691724663886776,10391,1536691724663595128,,0.0,0.00999999977648,nan,nan,nan,-0.00999999977648,2,0,0,1,,
1536691724710960120,10392,1536691724710297336,,0.0,0.00999999977648,nan,nan,nan,-0.00999999977648,2,0,0,1,,
1536691724746842168,10393,1536691724746696312,,0.0,0.00999999977648,nan,nan,nan,-0.00999999977648,2,0,0,1,,
1536691724786446712,10394,1536691724786240280,,0.0,0.00999999977648,nan,nan,nan,-0.00999999977648,2,0,0,1,,
1536691724841250520,10395,1536691724840894392,,0.0,0.00999999977648,nan,nan,nan,-0.00999999977648,2,0,0,1,,
1536691724872874616,10396,1536691724872634776,,0.0,0.00999999977648,nan,nan,nan,-0.00999999977648,2,0,0,1,,
1536691724947805944,10397,1536691724947515576,,0.0,0.00999999977648,nan,nan,nan,-0.00999999977648,2,0,0,1,,
1536691725023981752,10398,1536691725023718104,,0.0,0.00999999977648,nan,nan,nan,-0.00999999977648,2,0,0,1,,
1536691725039069496,10399,1536691725038722840,,0.0,0.00999999977648,nan,nan,nan,-0.00999999977648,2,0,0,1,,
1536691725072372792,10400,1536691725072184568,,0.0,0.00999999977648,nan,nan,nan,-0.00999999977648,2,0,0,1,,
1536691725147364632,10401,1536691725147099640,,0.0,0.00999999977648,nan,nan,nan,-0.00999999977648,2,0,0,1,,
1536691725192093624,10402,1536691725191821848,,0.0,0.00999999977648,nan,nan,nan,-0.00999999977648,2,0,0,1,,
1536691725236883032,10403,1536691725236606008,,0.0,0.00999999977648,nan,nan,nan,-0.00999999977648,2,0,0,1,,
1536691725288282968,10404,1536691725287992664,,0.0,0.00999999977648,nan,nan,nan,-0.00999999977648,2,0,0,1,,
1536691725341282008,10405,1536691725340977816,,0.0,0.00999999977648,nan,nan,nan,-0.00999999977648,2,0,0,1,,
1536691725379091352,10406,1536691725378853528,,0.0,0.00999999977648,nan,nan,nan,-0.00999999977648,2,0,0,1,,
1536691725436823352,10407,1536691725436525176,,0.0,0.00999999977648,nan,nan,nan,-0.00999999977648,2,0,0,1,,
1536691725464919480,10408,1536691725464705464,,0.0,0.00999999977648,nan,nan,nan,-0.00999999977648,2,0,0,1,,
1536691725557744984,10409,1536691725557324152,,0.0,0.00999999977648,nan,nan,nan,-0.00999999977648,2,0,0,1,,
1536691725608109752,10410,1536691725607901848,,0.0,0.00999999977648,nan,nan,nan,-0.00999999977648,2,0,0,1,,
1536691725652242776,10411,1536691725651819320,,0.0,0.00999999977648,nan,nan,nan,-0.00999999977648,2,0,0,1,,
1536691725697126040,10412,1536691725696763736,,0.0,0.00999999977648,nan,nan,nan,-0.00999999977648,2,0,0,1,,
1536691725765995064,10413,1536691725765697752,,0.0,0.00999999977648,nan,nan,nan,-0.00999999977648,2,0,0,1,,
1536691725779579288,10414,1536691725779275000,,0.0,0.00999999977648,nan,nan,nan,-0.00999999977648,2,0,0,1,,
1536691725846213464,10415,1536691725845909144,,0.0,0.00999999977648,nan,nan,nan,-0.00999999977648,2,0,0,1,,
1536691725881155128,10416,1536691725880700216,,0.0,0.00999999977648,nan,nan,nan,-0.00999999977648,2,0,0,1,,
1536691725927604184,10417,1536691725927376728,,0.0,0.00999999977648,nan,nan,nan,-0.00999999977648,2,0,0,1,,
1536691726024581656,10418,1536691726024352760,,0.0,0.00999999977648,nan,nan,nan,-0.00999999977648,2,0,0,1,,
1536691726039113016,10419,1536691726038944568,,0.0,0.00999999977648,nan,nan,nan,-0.00999999977648,2,0,0,1,,
1536691726070869752,10420,1536691726070602136,,0.0,0.00999999977648,nan,nan,nan,-0.00999999977648,2,0,0,1,,
1536691726127282424,10421,1536691726126904824,,0.0,0.00999999977648,nan,nan,nan,-0.00999999977648,2,0,0,1,,
1536691726212845976,10422,1536691726212634392,,0.0,0.00999999977648,nan,nan,nan,-0.00999999977648,2,0,0,1,,
1536691726223414040,10423,1536691726223196824,,0.0,0.00999999977648,nan,nan,nan,-0.00999999977648,2,0,0,1,,
1536691726270641304,10424,1536691726270127704,,0.0,0.00999999977648,nan,nan,nan,-0.00999999977648,2,0,0,1,,
1536691726312335608,10425,1536691726304204280,,0.0,0.00999999977648,nan,nan,nan,-0.00999999977648,2,0,0,1,,
1536691726356129976,10426,1536691726355804312,,0.0,0.00999999977648,nan,nan,nan,-0.00999999977648,2,0,0,1,,
1536691726408464920,10427,1536691726408252280,,0.0,0.00999999977648,nan,nan,nan,-0.00999999977648,2,0,0,1,,
1536691726460965400,10428,1536691726460608952,,0.0,0.00999999977648,nan,nan,nan,-0.00999999977648,2,0,0,1,,
1536691726498151800,10429,1536691726496722872,,0.0,0.00999999977648,nan,nan,nan,-0.00999999977648,2,0,0,1,,
1536691726548653368,10430,1536691726548393496,,0.0,0.00999999977648,nan,nan,nan,-0.00999999977648,2,0,0,1,,
1536691726597068824,10431,1536691726596876280,,0.0,0.00999999977648,nan,nan,nan,-0.00999999977648,2,0,0,1,,
1536691726667321144,10432,1536691726667074840,,0.0,0.00999999977648,nan,nan,nan,-0.00999999977648,2,0,0,1,,
1536691726705089848,10433,1536691726702111704,,0.0,0.00999999977648,nan,nan,nan,-0.00999999977648,2,0,0,1,,
1536691726748856760,10434,1536691726748655256,,0.0,0.00999999977648,nan,nan,nan,-0.00999999977648,2,0,0,1,,
1536691726848083192,10435,1536691726847815032,,0.0,0.00999999977648,nan,nan,nan,-0.00999999977648,2,0,0,1,,
1536691726859215640,10436,1536691726859021208,,0.0,0.00999999977648,nan,nan,nan,-0.00999999977648,2,0,0,1,,
1536691726892483448,10437,1536691726887867704,,0.0,0.00999999977648,nan,nan,nan,-0.00999999977648,2,0,0,1,,
1536691726935756632,10438,1536691726935478488,,0.0,0.00999999977648,nan,nan,nan,-0.00999999977648,2,0,0,1,,
1536691726990035448,10439,1536691726989755832,,0.0,0.00999999977648,nan,nan,nan,-0.00999999977648,2,0,0,1,,
1536691727035938392,10440,1536691727035577176,,0.0,0.00999999977648,nan,nan,nan,-0.00999999977648,2,0,0,1,,
1536691727098877848,10441,1536691727098304312,,0.0,0.00999999977648,nan,nan,nan,-0.00999999977648,2,0,0,1,,
1536691727119801592,10442,1536691727119402712,,0.0,0.00999999977648,nan,nan,nan,-0.00999999977648,2,0,0,1,,
1536691727148157432,10443,1536691727147962040,,0.0,0.00999999977648,nan,nan,nan,-0.00999999977648,2,0,0,1,,
1536691727185168632,10444,1536691727184965016,,0.0,0.00999999977648,nan,nan,nan,-0.00999999977648,2,0,0,1,,
1536691727260506680,10445,1536691727260256760,,0.0,0.00999999977648,nan,nan,nan,-0.00999999977648,2,0,0,1,,
1536691727306689368,10446,1536691727306459448,,0.0,0.00999999977648,nan,nan,nan,-0.00999999977648,2,0,0,1,,
1536691727374218072,10447,1536691727374034776,,0.0,0.00999999977648,nan,nan,nan,-0.00999999977648,2,0,0,1,,
1536691727426334200,10448,1536691727425771288,,0.0,0.00999999977648,nan,nan,nan,-0.00999999977648,2,0,0,1,,
1536691727438701688,10449,1536691727438286392,,0.0,0.00999999977648,nan,nan,nan,-0.00999999977648,2,0,0,1,,
1536691727469735768,10450,1536691727469499192,,0.0,0.00999999977648,nan,nan,nan,-0.00999999977648,2,0,0,1,,
1536691727528756120,10451,1536691727527171832,,0.0,0.00999999977648,nan,nan,nan,-0.00999999977648,2,0,0,1,,
1536691727598661912,10452,1536691727598355800,,0.0,0.00999999977648,nan,nan,nan,-0.00999999977648,2,0,0,1,,
1536691727636022904,10453,1536691727635802072,,0.0,0.00999999977648,nan,nan,nan,-0.00999999977648,2,0,0,1,,
1536691727675290232,10454,1536691727675051576,,0.0,0.00999999977648,nan,nan,nan,-0.00999999977648,2,0,0,1,,
1536691727697784536,10455,1536691727697544760,,0.0,0.00999999977648,nan,nan,nan,-0.00999999977648,2,0,0,1,,
1536691727771950744,10456,1536691727771663704,,0.0,0.00999999977648,nan,nan,nan,-0.00999999977648,2,0,0,1,,
1536691727810510488,10457,1536691727810222136,,0.0,0.00999999977648,nan,nan,nan,-0.00999999977648,2,0,0,1,,
1536691727857533848,10458,1536691727857142872,,0.0,0.00999999977648,nan,nan,nan,-0.00999999977648,2,0,0,1,,
1536691727886537656,10459,1536691727886100280,,0.0,0.00999999977648,nan,nan,nan,-0.00999999977648,2,0,0,1,,
1536691727968590680,10460,1536691727968250744,,0.0,0.00999999977648,nan,nan,nan,-0.00999999977648,2,0,0,1,,
1536691728016886392,10461,1536691728016600248,,0.0,0.00999999977648,nan,nan,nan,-0.00999999977648,2,0,0,1,,
1536691728027237880,10462,1536691728026893144,,0.0,0.00999999977648,nan,nan,nan,-0.00999999977648,2,0,0,1,,
1536691728088676120,10463,1536691728088334680,,0.0,0.00999999977648,nan,nan,nan,-0.00999999977648,2,0,0,1,,
1536691728146863640,10464,1536691728146665048,,0.0,0.00999999977648,nan,nan,nan,-0.00999999977648,2,0,0,1,,
1536691728158026968,10465,1536691728157825272,,0.0,0.00999999977648,nan,nan,nan,-0.00999999977648,2,0,0,1,,
1536691728216904632,10466,1536691728216519864,,0.0,0.00999999977648,nan,nan,nan,-0.00999999977648,2,0,0,1,,
1536691728255164856,10467,1536691728254180728,,0.0,0.00999999977648,nan,nan,nan,-0.00999999977648,2,0,0,1,,
1536691728315418232,10468,1536691728314964120,,0.0,0.00999999977648,nan,nan,nan,-0.00999999977648,2,0,0,1,,
1536691728387969208,10469,1536691728387747896,,0.0,0.00999999977648,nan,nan,nan,-0.00999999977648,2,0,0,1,,
1536691728426483416,10470,1536691728425716472,,0.0,0.00999999977648,nan,nan,nan,-0.00999999977648,2,0,0,1,,
1536691728448480984,10471,1536691728448114040,,0.0,0.00999999977648,nan,nan,nan,-0.00999999977648,2,0,0,1,,
1536691728531796760,10472,1536691728529885624,,0.0,0.00999999977648,nan,nan,nan,-0.00999999977648,2,0,0,1,,
1536691728620136792,10473,1536691728619786008,,0.0,0.00999999977648,nan,nan,nan,-0.00999999977648,2,0,0,1,,
1536691728674624984,10474,1536691728674237880,,0.0,0.00999999977648,nan,nan,nan,-0.00999999977648,2,0,0,1,,
1536691728688324984,10475,1536691728687975352,,0.0,0.00999999977648,nan,nan,nan,-0.00999999977648,2,0,0,1,,
1536691728753522072,10476,1536691728753281592,,0.0,0.00999999977648,nan,nan,nan,-0.00999999977648,2,0,0,1,,
1536691728790052408,10477,1536691728789843128,,0.0,0.00999999977648,nan,nan,nan,-0.00999999977648,2,0,0,1,,
1536691728880748024,10478,1536691728880355736,,0.0,0.00999999977648,nan,nan,nan,-0.00999999977648,2,0,0,1,,
1536691728906925912,10479,1536691728906660408,,0.0,0.00999999977648,nan,nan,nan,-0.00999999977648,2,0,0,1,,
1536691728948420120,10480,1536691728948203096,,0.0,0.00999999977648,nan,nan,nan,-0.00999999977648,2,0,0,1,,
1536691729007035992,10481,1536691729006763960,,0.0,0.00999999977648,nan,nan,nan,-0.00999999977648,2,0,0,1,,
1536691729056072792,10482,1536691729055716920,,0.0,0.00999999977648,nan,nan,nan,-0.00999999977648,2,0,0,1,,
1536691729123526680,10483,1536691729123303832,,0.0,0.00999999977648,nan,nan,nan,-0.00999999977648,2,0,0,1,,
1536691729177247096,10484,1536691729177018680,,0.0,0.00999999977648,nan,nan,nan,-0.00999999977648,2,0,0,1,,
1536691729192386712,10485,1536691729192222776,,0.0,0.00999999977648,nan,nan,nan,-0.00999999977648,2,0,0,1,,
1536691729265075064,10486,1536691729264823128,,0.0,0.00999999977648,nan,nan,nan,-0.00999999977648,2,0,0,1,,
1536691729315388376,10487,1536691729312867576,,0.0,0.00999999977648,nan,nan,nan,-0.00999999977648,2,0,0,1,,
1536691729388984952,10488,1536691729388606136,,0.0,0.00999999977648,nan,nan,nan,-0.00999999977648,2,0,0,1,,
1536691729448301816,10489,1536691729448083192,,0.0,0.00999999977648,nan,nan,nan,-0.00999999977648,2,0,0,1,,
1536691729470727032,10490,1536691729470280760,,0.0,0.00999999977648,nan,nan,nan,-0.00999999977648,2,0,0,1,,
1536691729494856216,10491,1536691729494583576,,0.0,0.00999999977648,nan,nan,nan,-0.00999999977648,2,0,0,1,,
1536691729531511576,10492,1536691729525688504,,0.0,0.00999999977648,nan,nan,nan,-0.00999999977648,2,0,0,1,,
1536691729585905048,10493,1536691729585680376,,0.0,0.00999999977648,nan,nan,nan,-0.00999999977648,2,0,0,1,,
1536691729647663256,10494,1536691729647366136,,0.0,0.00999999977648,nan,nan,nan,-0.00999999977648,2,0,0,1,,
1536691729678858392,10495,1536691729677892536,,0.0,0.00999999977648,nan,nan,nan,-0.00999999977648,2,0,0,1,,
1536691729710694264,10496,1536691729708476600,,0.0,0.00999999977648,nan,nan,nan,-0.00999999977648,2,0,0,1,,
1536691729788412184,10497,1536691729788211480,,0.0,0.00999999977648,nan,nan,nan,-0.00999999977648,2,0,0,1,,
1536691729825899608,10498,1536691729825703416,,0.0,0.00999999977648,nan,nan,nan,-0.00999999977648,2,0,0,1,,
1536691729848493688,10499,1536691729848175288,,0.0,0.00999999977648,nan,nan,nan,-0.00999999977648,2,0,0,1,,
1536691729914006680,10500,1536691729913806264,,0.0,0.00999999977648,nan,nan,nan,-0.00999999977648,2,0,0,1,,
1536691729971049368,10501,1536691729970864440,,0.0,0.00999999977648,nan,nan,nan,-0.00999999977648,2,0,0,1,,
1536691729997947448,10502,1536691729997747768,,0.0,0.00999999977648,nan,nan,nan,-0.00999999977648,2,0,0,1,,
1536691730066730648,10503,1536691730066456728,,0.0,0.00999999977648,nan,nan,nan,-0.00999999977648,2,0,0,1,,
1536691730110377144,10504,1536691730107619576,,0.0,0.00999999977648,nan,nan,nan,-0.00999999977648,2,0,0,1,,
1536691730149231416,10505,1536691730146980664,,0.0,0.00999999977648,nan,nan,nan,-0.00999999977648,2,0,0,1,,
1536691730191146616,10506,1536691730190638872,,0.0,0.00999999977648,nan,nan,nan,-0.00999999977648,2,0,0,1,,
1536691730238062008,10507,1536691730235885528,,0.0,0.00999999977648,nan,nan,nan,-0.00999999977648,2,0,0,1,,
1536691730306269656,10508,1536691730306046872,,0.0,0.00999999977648,nan,nan,nan,-0.00999999977648,2,0,0,1,,
1536691730347769752,10509,1536691730347537272,,0.0,0.00999999977648,nan,nan,nan,-0.00999999977648,2,0,0,1,,
1536691730400703544,10510,1536691730400498040,,0.0,0.00999999977648,nan,nan,nan,-0.00999999977648,2,0,0,1,,
1536691730417674552,10511,1536691730417473144,,0.0,0.00999999977648,nan,nan,nan,-0.00999999977648,2,0,0,1,,
1536691730470382648,10512,1536691730470163896,,0.0,0.00999999977648,nan,nan,nan,-0.00999999977648,2,0,0,1,,
1536691730524589912,10513,1536691730524037304,,0.0,0.00999999977648,nan,nan,nan,-0.00999999977648,2,0,0,1,,
1536691730561902712,10514,1536691730561586488,,0.0,0.00999999977648,nan,nan,nan,-0.00999999977648,2,0,0,1,,
1536691730602144888,10515,1536691730601912920,,0.0,0.00999999977648,nan,nan,nan,-0.00999999977648,2,0,0,1,,
1536691730648695160,10516,1536691730648259416,,0.0,0.00999999977648,nan,nan,nan,-0.00999999977648,2,0,0,1,,
1536691730705456024,10517,1536691730704974584,,0.0,0.00999999977648,nan,nan,nan,-0.00999999977648,2,0,0,1,,
1536691730754208728,10518,1536691730753998680,,0.0,0.00999999977648,nan,nan,nan,-0.00999999977648,2,0,0,1,,
1536691730806057368,10519,1536691730805845336,,0.0,0.00999999977648,nan,nan,nan,-0.00999999977648,2,0,0,1,,
1536691730880900216,10520,1536691730880645240,,0.0,0.00999999977648,nan,nan,nan,-0.00999999977648,2,0,0,1,,
1536691730912931800,10521,1536691730911490808,,0.0,0.00999999977648,nan,nan,nan,-0.00999999977648,2,0,0,1,,
1536691730950477912,10522,1536691730950282008,,0.0,0.00999999977648,nan,nan,nan,-0.00999999977648,2,0,0,1,,
1536691731019077304,10523,1536691731018824472,,0.0,0.00999999977648,nan,nan,nan,-0.00999999977648,2,0,0,1,,
1536691731064825176,10524,1536691731064585912,,0.0,0.00999999977648,nan,nan,nan,-0.00999999977648,2,0,0,1,,
1536691731103211000,10525,1536691731102311320,,0.0,0.00999999977648,nan,nan,nan,-0.00999999977648,2,0,0,1,,
1536691731146667896,10526,1536691731146443896,,0.0,0.00999999977648,nan,nan,nan,-0.00999999977648,2,0,0,1,,
1536691731201923672,10527,1536691731201641848,,0.0,0.00999999977648,nan,nan,nan,-0.00999999977648,2,0,0,1,,
1536691731266435512,10528,1536691731266063640,,0.0,0.00999999977648,nan,nan,nan,-0.00999999977648,2,0,0,1,,
1536691731322344568,10529,1536691731321976280,,0.0,0.00999999977648,nan,nan,nan,-0.00999999977648,2,0,0,1,,
1536691731410458904,10530,1536691731410141912,,0.0,0.00999999977648,nan,nan,nan,-0.00999999977648,2,0,0,1,,
1536691731414809656,10531,1536691731414431384,,0.0,0.00999999977648,nan,nan,nan,-0.00999999977648,2,0,0,1,,
1536691731475833528,10532,1536691731475524696,,0.0,0.00999999977648,nan,nan,nan,-0.00999999977648,2,0,0,1,,
1536691731509892856,10533,1536691731509446552,,0.0,0.00999999977648,nan,nan,nan,-0.00999999977648,2,0,0,1,,
1536691731564301336,10534,1536691731564016184,,0.0,0.00999999977648,nan,nan,nan,-0.00999999977648,2,0,0,1,,
1536691731615991064,10535,1536691731615784760,,0.0,0.00999999977648,nan,nan,nan,-0.00999999977648,2,0,0,1,,
1536691731645776856,10536,1536691731645544312,,0.0,0.00999999977648,nan,nan,nan,-0.00999999977648,2,0,0,1,,
1536691731693134456,10537,1536691731692707352,,0.0,0.00999999977648,nan,nan,nan,-0.00999999977648,2,0,0,1,,
1536691731755610872,10538,1536691731755212024,,0.0,0.00999999977648,nan,nan,nan,-0.00999999977648,2,0,0,1,,
1536691731816484088,10539,1536691731816251544,,0.0,0.00999999977648,nan,nan,nan,-0.00999999977648,2,0,0,1,,
1536691731888697176,10540,1536691731888379288,,0.0,0.00999999977648,nan,nan,nan,-0.00999999977648,2,0,0,1,,
1536691731925055320,10541,1536691731924549688,,0.0,0.00999999977648,nan,nan,nan,-0.00999999977648,2,0,0,1,,
1536691731962558104,10542,1536691731962304568,,0.0,0.00999999977648,nan,nan,nan,-0.00999999977648,2,0,0,1,,
1536691731996931032,10543,1536691731996600600,,0.0,0.00999999977648,nan,nan,nan,-0.00999999977648,2,0,0,1,,
1536691732067694840,10544,1536691732067463128,,0.0,0.00999999977648,nan,nan,nan,-0.00999999977648,2,0,0,1,,
1536691732106008216,10545,1536691732105767288,,0.0,0.00999999977648,nan,nan,nan,-0.00999999977648,2,0,0,1,,
1536691732165631832,10546,1536691732164578200,,0.0,0.00999999977648,nan,nan,nan,-0.00999999977648,2,0,0,1,,
1536691732196452536,10547,1536691732196183448,,0.0,0.00999999977648,nan,nan,nan,-0.00999999977648,2,0,0,1,,
1536691732275454296,10548,1536691732275195320,,0.0,0.00999999977648,nan,nan,nan,-0.00999999977648,2,0,0,1,,
1536691732316655768,10549,1536691732316319256,,0.0,0.00999999977648,nan,nan,nan,-0.00999999977648,2,0,0,1,,
1536691732356278936,10550,1536691732356054744,,0.0,0.00999999977648,nan,nan,nan,-0.00999999977648,2,0,0,1,,
1536691732385508664,10551,1536691732385201688,,0.0,0.00999999977648,nan,nan,nan,-0.00999999977648,2,0,0,1,,
1536691732477919128,10552,1536691732477573080,,0.0,0.00999999977648,nan,nan,nan,-0.00999999977648,2,0,0,1,,
1536691732516457720,10553,1536691732516074008,,0.0,0.00999999977648,nan,nan,nan,-0.00999999977648,2,0,0,1,,
1536691732568287832,10554,1536691732567963608,,0.0,0.00999999977648,nan,nan,nan,-0.00999999977648,2,0,0,1,,
1536691732601121688,10555,1536691732600871288,,0.0,0.00999999977648,nan,nan,nan,-0.00999999977648,2,0,0,1,,
1536691732675211064,10556,1536691732674957784,,0.0,0.00999999977648,nan,nan,nan,-0.00999999977648,2,0,0,1,,
1536691732710079544,10557,1536691732709862424,,0.0,0.00999999977648,nan,nan,nan,-0.00999999977648,2,0,0,1,,
1536691732758272952,10558,1536691732758135640,,0.0,0.00999999977648,nan,nan,nan,-0.00999999977648,2,0,0,1,,
1536691732801535864,10559,1536691732801143544,,0.0,0.00999999977648,nan,nan,nan,-0.00999999977648,2,0,0,1,,
1536691732874154264,10560,1536691732873807256,,0.0,0.00999999977648,nan,nan,nan,-0.00999999977648,2,0,0,1,,
1536691732921921560,10561,1536691732920984216,,0.0,0.00999999977648,nan,nan,nan,-0.00999999977648,2,0,0,1,,
1536691732955227864,10562,1536691732947760120,,0.0,0.00999999977648,nan,nan,nan,-0.00999999977648,2,0,0,1,,
1536691733023808792,10563,1536691733023603832,,0.0,0.00999999977648,nan,nan,nan,-0.00999999977648,2,0,0,1,,
1536691733049818904,10564,1536691733042458136,,0.0,0.00999999977648,nan,nan,nan,-0.00999999977648,2,0,0,1,,
1536691733066212312,10565,1536691733065120728,,0.0,0.00999999977648,nan,nan,nan,-0.00999999977648,2,0,0,1,,
1536691733115734712,10566,1536691733115382328,,0.0,0.00999999977648,nan,nan,nan,-0.00999999977648,2,0,0,1,,
1536691733170294456,10567,1536691733169915416,,0.0,0.00999999977648,nan,nan,nan,-0.00999999977648,2,0,0,1,,
1536691733216792088,10568,1536691733216563448,,0.0,0.00999999977648,nan,nan,nan,-0.00999999977648,2,0,0,1,,
1536691733267483992,10569,1536691733266107352,,0.0,0.00999999977648,nan,nan,nan,-0.00999999977648,2,0,0,1,,
1536691733324822200,10570,1536691733322209592,,0.0,0.00999999977648,nan,nan,nan,-0.00999999977648,2,0,0,1,,
1536691733393856952,10571,1536691733393647544,,0.0,0.00999999977648,nan,nan,nan,-0.00999999977648,2,0,0,1,,
1536691733445855544,10572,1536691733444656888,,0.0,0.00999999977648,nan,nan,nan,-0.00999999977648,2,0,0,1,,
1536691733481043512,10573,1536691733480867928,,0.0,0.00999999977648,nan,nan,nan,-0.00999999977648,2,0,0,1,,
1536691733492910072,10574,1536691733492638328,,0.0,0.00999999977648,nan,nan,nan,-0.00999999977648,2,0,0,1,,
1536691733586853336,10575,1536691733586635064,,0.0,0.00999999977648,nan,nan,nan,-0.00999999977648,2,0,0,1,,
1536691733596413912,10576,1536691733596221912,,0.0,0.00999999977648,nan,nan,nan,-0.00999999977648,2,0,0,1,,
1536691733664441976,10577,1536691733664189624,,0.0,0.00999999977648,nan,nan,nan,-0.00999999977648,2,0,0,1,,
1536691733699731416,10578,1536691733699467192,,0.0,0.00999999977648,nan,nan,nan,-0.00999999977648,2,0,0,1,,
1536691733774432504,10579,1536691733774215192,,0.0,0.00999999977648,nan,nan,nan,-0.00999999977648,2,0,0,1,,
1536691733805169112,10580,1536691733804782200,,0.0,0.00999999977648,nan,nan,nan,-0.00999999977648,2,0,0,1,,
1536691733858720216,10581,1536691733858231384,,0.0,0.00999999977648,nan,nan,nan,-0.00999999977648,2,0,0,1,,
1536691733915628472,10582,1536691733915268888,,0.0,0.00999999977648,nan,nan,nan,-0.00999999977648,2,0,0,1,,
1536691733961623000,10583,1536691733961259736,,0.0,0.00999999977648,nan,nan,nan,-0.00999999977648,2,0,0,1,,
1536691734004398168,10584,1536691733996533912,,0.0,0.00999999977648,nan,nan,nan,-0.00999999977648,2,0,0,1,,
1536691734027364824,10585,1536691734027189624,,0.0,0.00999999977648,nan,nan,nan,-0.00999999977648,2,0,0,1,,
1536691734064137752,10586,1536691734063891576,,0.0,0.00999999977648,nan,nan,nan,-0.00999999977648,2,0,0,1,,
1536691734157278648,10587,1536691734157031768,,0.0,0.00999999977648,nan,nan,nan,-0.00999999977648,2,0,0,1,,
1536691734186840248,10588,1536691734186544504,,0.0,0.00999999977648,nan,nan,nan,-0.00999999977648,2,0,0,1,,
1536691734257893944,10589,1536691734256645656,,0.0,0.00999999977648,nan,nan,nan,-0.00999999977648,2,0,0,1,,
1536691734258313912,10590,1536691734257822392,,0.0,0.00999999977648,nan,nan,nan,-0.00999999977648,2,0,0,1,,
1536691734293187736,10591,1536691734292832216,,0.0,0.00999999977648,nan,nan,nan,-0.00999999977648,2,0,0,1,,
1536691734384667704,10592,1536691734384376376,,0.0,0.00999999977648,nan,nan,nan,-0.00999999977648,2,0,0,1,,
1536691734442593624,10593,1536691734442341592,,0.0,0.00999999977648,nan,nan,nan,-0.00999999977648,2,0,0,1,,
1536691734464430040,10594,1536691734464184088,,0.0,0.00999999977648,nan,nan,nan,-0.00999999977648,2,0,0,1,,
1536691734538310328,10595,1536691734537241368,,0.0,0.00999999977648,nan,nan,nan,-0.00999999977648,2,0,0,1,,
1536691734554610488,10596,1536691734554332824,,0.0,0.00999999977648,nan,nan,nan,-0.00999999977648,2,0,0,1,,
1536691734607272824,10597,1536691734607071128,,0.0,0.00999999977648,nan,nan,nan,-0.00999999977648,2,0,0,1,,
1536691734683028696,10598,1536691734682802872,,0.0,0.00999999977648,nan,nan,nan,-0.00999999977648,2,0,0,1,,
1536691734706045688,10599,1536691734705754680,,0.0,0.00999999977648,nan,nan,nan,-0.00999999977648,2,0,0,1,,
1536691734773418904,10600,1536691734772991224,,0.0,0.00999999977648,nan,nan,nan,-0.00999999977648,2,0,0,1,,
1536691734795413368,10601,1536691734795208376,,0.0,0.00999999977648,nan,nan,nan,-0.00999999977648,2,0,0,1,,
1536691734866000056,10602,1536691734861948920,,0.0,0.00999999977648,nan,nan,nan,-0.00999999977648,2,0,0,1,,
1536691734907382840,10603,1536691734906957432,,0.0,0.00999999977648,nan,nan,nan,-0.00999999977648,2,0,0,1,,
1536691734970625624,10604,1536691734969228792,,0.0,0.00999999977648,nan,nan,nan,-0.00999999977648,2,0,0,1,,
1536691735023874264,10605,1536691735023634552,,0.0,0.00999999977648,nan,nan,nan,-0.00999999977648,2,0,0,1,,
1536691735033416376,10606,1536691735033106328,,0.0,0.00999999977648,nan,nan,nan,-0.00999999977648,2,0,0,1,,
1536691735086525976,10607,1536691735086369432,,0.0,0.00999999977648,nan,nan,nan,-0.00999999977648,2,0,0,1,,
1536691735154840568,10608,1536691735154544088,,0.0,0.00999999977648,nan,nan,nan,-0.00999999977648,2,0,0,1,,
1536691735186980728,10609,1536691735186783096,,0.0,0.00999999977648,nan,nan,nan,-0.00999999977648,2,0,0,1,,
1536691735245802008,10610,1536691735245457240,,0.0,0.00999999977648,nan,nan,nan,-0.00999999977648,2,0,0,1,,
1536691735286809400,10611,1536691735286512408,,0.0,0.00999999977648,nan,nan,nan,-0.00999999977648,2,0,0,1,,
1536691735348777528,10612,1536691735348507256,,0.0,0.00999999977648,nan,nan,nan,-0.00999999977648,2,0,0,1,,
1536691735359241176,10613,1536691735358893240,,0.0,0.00999999977648,nan,nan,nan,-0.00999999977648,2,0,0,1,,
1536691735411074648,10614,1536691735410839256,,0.0,0.00999999977648,nan,nan,nan,-0.00999999977648,2,0,0,1,,
1536691735471389848,10615,1536691735470800472,,0.0,0.00999999977648,nan,nan,nan,-0.00999999977648,2,0,0,1,,
1536691735508879672,10616,1536691735506649656,,0.0,0.00999999977648,nan,nan,nan,-0.00999999977648,2,0,0,1,,
1536691735571910840,10617,1536691735571651896,,0.0,0.00999999977648,nan,nan,nan,-0.00999999977648,2,0,0,1,,
1536691735605500856,10618,1536691735605157016,,0.0,0.00999999977648,nan,nan,nan,-0.00999999977648,2,0,0,1,,
1536691735666061784,10619,1536691735665829496,,0.0,0.00999999977648,nan,nan,nan,-0.00999999977648,2,0,0,1,,
1536691735723109400,10620,1536691735722817368,,0.0,0.00999999977648,nan,nan,nan,-0.00999999977648,2,0,0,1,,
1536691735744924120,10621,1536691735744703832,,0.0,0.00999999977648,nan,nan,nan,-0.00999999977648,2,0,0,1,,
1536691735793905432,10622,1536691735793465208,,0.0,0.00999999977648,nan,nan,nan,-0.00999999977648,2,0,0,1,,
1536691735865835320,10623,1536691735865592344,,0.0,0.00999999977648,nan,nan,nan,-0.00999999977648,2,0,0,1,,
1536691735896856696,10624,1536691735896583128,,0.0,0.00999999977648,nan,nan,nan,-0.00999999977648,2,0,0,1,,
1536691735923486264,10625,1536691735923253432,,0.0,0.00999999977648,nan,nan,nan,-0.00999999977648,2,0,0,1,,
1536691735961063224,10626,1536691735960764728,,0.0,0.00999999977648,nan,nan,nan,-0.00999999977648,2,0,0,1,,
1536691735995910936,10627,1536691735995056312,,0.0,0.00999999977648,nan,nan,nan,-0.00999999977648,2,0,0,1,,
1536691736087353848,10628,1536691736087138392,,0.0,0.00999999977648,nan,nan,nan,-0.00999999977648,2,0,0,1,,
1536691736134368344,10629,1536691736132176184,,0.0,0.00999999977648,nan,nan,nan,-0.00999999977648,2,0,0,1,,
1536691736153075064,10630,1536691736152704216,,0.0,0.00999999977648,nan,nan,nan,-0.00999999977648,2,0,0,1,,
1536691736207395768,10631,1536691736206979416,,0.0,0.00999999977648,nan,nan,nan,-0.00999999977648,2,0,0,1,,
1536691736269799736,10632,1536691736268456696,,0.0,0.00999999977648,nan,nan,nan,-0.00999999977648,2,0,0,1,,
1536691736299044760,10633,1536691736298831832,,0.0,0.00999999977648,nan,nan,nan,-0.00999999977648,2,0,0,1,,
1536691736376038136,10634,1536691736374807576,,0.0,0.00999999977648,nan,nan,nan,-0.00999999977648,2,0,0,1,,
1536691736405596312,10635,1536691736399093144,,0.0,0.00999999977648,nan,nan,nan,-0.00999999977648,2,0,0,1,,
1536691736489421944,10636,1536691736488887896,,0.0,0.00999999977648,nan,nan,nan,-0.00999999977648,2,0,0,1,,
1536691736543657560,10637,1536691736539958392,,0.0,0.00999999977648,nan,nan,nan,-0.00999999977648,2,0,0,1,,
1536691736578624952,10638,1536691736578380440,,0.0,0.00999999977648,nan,nan,nan,-0.00999999977648,2,0,0,1,,
1536691736630969784,10639,1536691736629467512,,0.0,0.00999999977648,nan,nan,nan,-0.00999999977648,2,0,0,1,,
1536691736684725176,10640,1536691736684469848,,0.0,0.00999999977648,nan,nan,nan,-0.00999999977648,2,0,0,1,,
1536691736701000856,10641,1536691736700767032,,0.0,0.00999999977648,nan,nan,nan,-0.00999999977648,2,0,0,1,,
1536691736742505656,10642,1536691736741634168,,0.0,0.00999999977648,nan,nan,nan,-0.00999999977648,2,0,0,1,,
1536691736803927192,10643,1536691736803690072,,0.0,0.00999999977648,nan,nan,nan,-0.00999999977648,2,0,0,1,,
1536691736828355160,10644,1536691736828125144,,0.0,0.00999999977648,nan,nan,nan,-0.00999999977648,2,0,0,1,,
1536691736869940120,10645,1536691736869694200,,0.0,0.00999999977648,nan,nan,nan,-0.00999999977648,2,0,0,1,,
1536691736916805944,10646,1536691736916586584,,0.0,0.00999999977648,nan,nan,nan,-0.00999999977648,2,0,0,1,,
1536691736968278104,10647,1536691736968011160,,0.0,0.00999999977648,nan,nan,nan,-0.00999999977648,2,0,0,1,,
1536691737018952216,10648,1536691737018779768,,0.0,0.00999999977648,nan,nan,nan,-0.00999999977648,2,0,0,1,,
1536691737109765432,10649,1536691737109529624,,0.0,0.00999999977648,nan,nan,nan,-0.00999999977648,2,0,0,1,,
1536691737167976632,10650,1536691737167745400,,0.0,0.00999999977648,nan,nan,nan,-0.00999999977648,2,0,0,1,,
1536691737207454840,10651,1536691737207149496,,0.0,0.00999999977648,nan,nan,nan,-0.00999999977648,2,0,0,1,,
1536691737249109976,10652,1536691737248905656,,0.0,0.00999999977648,nan,nan,nan,-0.00999999977648,2,0,0,1,,
1536691737299415768,10653,1536691737298265848,,0.0,0.00999999977648,nan,nan,nan,-0.00999999977648,2,0,0,1,,
1536691737356018168,10654,1536691737354325336,,0.0,0.00999999977648,nan,nan,nan,-0.00999999977648,2,0,0,1,,
1536691737414177432,10655,1536691737413964504,,0.0,0.00999999977648,nan,nan,nan,-0.00999999977648,2,0,0,1,,
1536691737486249624,10656,1536691737485816696,,0.0,0.00999999977648,nan,nan,nan,-0.00999999977648,2,0,0,1,,
1536691737515922424,10657,1536691737515620056,,0.0,0.00999999977648,nan,nan,nan,-0.00999999977648,2,0,0,1,,
1536691737570629336,10658,1536691737568791960,,0.0,0.00999999977648,nan,nan,nan,-0.00999999977648,2,0,0,1,,
1536691737601610840,10659,1536691737601371256,,0.0,0.00999999977648,nan,nan,nan,-0.00999999977648,2,0,0,1,,
1536691737666129304,10660,1536691737665888952,,0.0,0.00999999977648,nan,nan,nan,-0.00999999977648,2,0,0,1,,
1536691737710279992,10661,1536691737707302296,,0.0,0.00999999977648,nan,nan,nan,-0.00999999977648,2,0,0,1,,
1536691737772469016,10662,1536691737772271096,,0.0,0.00999999977648,nan,nan,nan,-0.00999999977648,2,0,0,1,,
1536691737802068344,10663,1536691737801583960,,0.0,0.00999999977648,nan,nan,nan,-0.00999999977648,2,0,0,1,,
1536691737835930264,10664,1536691737835720888,,0.0,0.00999999977648,nan,nan,nan,-0.00999999977648,2,0,0,1,,
1536691737885871064,10665,1536691737883151288,,0.0,0.00999999977648,nan,nan,nan,-0.00999999977648,2,0,0,1,,
1536691737923018008,10666,1536691737922783480,,0.0,0.00999999977648,nan,nan,nan,-0.00999999977648,2,0,0,1,,
1536691737981958712,10667,1536691737981024792,,0.0,0.00999999977648,nan,nan,nan,-0.00999999977648,2,0,0,1,,
1536691738012268888,10668,1536691738012040856,,0.0,0.00999999977648,nan,nan,nan,-0.00999999977648,2,0,0,1,,
1536691738065351800,10669,1536691738064998360,,0.0,0.00999999977648,nan,nan,nan,-0.00999999977648,2,0,0,1,,
1536691738110228984,10670,1536691738110040920,,0.0,0.00999999977648,nan,nan,nan,-0.00999999977648,2,0,0,1,,
1536691738169363352,10671,1536691738169160152,,0.0,0.00999999977648,nan,nan,nan,-0.00999999977648,2,0,0,1,,
1536691738215750552,10672,1536691738215463736,,0.0,0.00999999977648,nan,nan,nan,-0.00999999977648,2,0,0,1,,
1536691738255329400,10673,1536691738255064632,,0.0,0.00999999977648,nan,nan,nan,-0.00999999977648,2,0,0,1,,
1536691738325845432,10674,1536691738325567256,,0.0,0.00999999977648,nan,nan,nan,-0.00999999977648,2,0,0,1,,
1536691738369025176,10675,1536691738368833304,,0.0,0.00999999977648,nan,nan,nan,-0.00999999977648,2,0,0,1,,
1536691738428429656,10676,1536691738428236568,,0.0,0.00999999977648,nan,nan,nan,-0.00999999977648,2,0,0,1,,
1536691738446319608,10677,1536691738446106744,,0.0,0.00999999977648,nan,nan,nan,-0.00999999977648,2,0,0,1,,
1536691738528556152,10678,1536691738528271256,,0.0,0.00999999977648,nan,nan,nan,-0.00999999977648,2,0,0,1,,
1536691738580092440,10679,1536691738579858520,,0.0,0.00999999977648,nan,nan,nan,-0.00999999977648,2,0,0,1,,
1536691738606887192,10680,1536691738606674808,,0.0,0.00999999977648,nan,nan,nan,-0.00999999977648,2,0,0,1,,
1536691738645621336,10681,1536691738645272280,,0.0,0.00999999977648,nan,nan,nan,-0.00999999977648,2,0,0,1,,
1536691738709340440,10682,1536691738708938168,,0.0,0.00999999977648,nan,nan,nan,-0.00999999977648,2,0,0,1,,
1536691738802878712,10683,1536691738802668504,,0.0,0.00999999977648,nan,nan,nan,-0.00999999977648,2,0,0,1,,
1536691738810490456,10684,1536691738810345176,,0.0,0.00999999977648,nan,nan,nan,-0.00999999977648,2,0,0,1,,
1536691738845183416,10685,1536691738844889368,,0.0,0.00999999977648,nan,nan,nan,-0.00999999977648,2,0,0,1,,
1536691738897871032,10686,1536691738897642200,,0.0,0.00999999977648,nan,nan,nan,-0.00999999977648,2,0,0,1,,
1536691738968954232,10687,1536691738968659000,,0.0,0.00999999977648,nan,nan,nan,-0.00999999977648,2,0,0,1,,
1536691739012152312,10688,1536691739011775160,,0.0,0.00999999977648,nan,nan,nan,-0.00999999977648,2,0,0,1,,
1536691739078362840,10689,1536691739077971352,,0.0,0.00999999977648,nan,nan,nan,-0.00999999977648,2,0,0,1,,
1536691739107697240,10690,1536691739107415928,,0.0,0.00999999977648,nan,nan,nan,-0.00999999977648,2,0,0,1,,
1536691739147311352,10691,1536691739146893304,,0.0,0.00999999977648,nan,nan,nan,-0.00999999977648,2,0,0,1,,
1536691739211451544,10692,1536691739211293080,,0.0,0.00999999977648,nan,nan,nan,-0.00999999977648,2,0,0,1,,
1536691739273901528,10693,1536691739273569336,,0.0,0.00999999977648,nan,nan,nan,-0.00999999977648,2,0,0,1,,
1536691739315158712,10694,1536691739314810744,,0.0,0.00999999977648,nan,nan,nan,-0.00999999977648,2,0,0,1,,
1536691739358607448,10695,1536691739358404568,,0.0,0.00999999977648,nan,nan,nan,-0.00999999977648,2,0,0,1,,
1536691739398415544,10696,1536691739398053848,,0.0,0.00999999977648,nan,nan,nan,-0.00999999977648,2,0,0,1,,
1536691739477933176,10697,1536691739477675704,,0.0,0.00999999977648,nan,nan,nan,-0.00999999977648,2,0,0,1,,
1536691739494958552,10698,1536691739494649976,,0.0,0.00999999977648,nan,nan,nan,-0.00999999977648,2,0,0,1,,
1536691739579088824,10699,1536691739578842776,,0.0,0.00999999977648,nan,nan,nan,-0.00999999977648,2,0,0,1,,
1536691739608253304,10700,1536691739607936376,,0.0,0.00999999977648,nan,nan,nan,-0.00999999977648,2,0,0,1,,
1536691739665729272,10701,1536691739665482072,,0.0,0.00999999977648,nan,nan,nan,-0.00999999977648,2,0,0,1,,
1536691739709668312,10702,1536691739709283704,,0.0,0.00999999977648,nan,nan,nan,-0.00999999977648,2,0,0,1,,
1536691739764357240,10703,1536691739764161720,,0.0,0.00999999977648,nan,nan,nan,-0.00999999977648,2,0,0,1,,
1536691739837126264,10704,1536691739836928824,,0.0,0.00999999977648,nan,nan,nan,-0.00999999977648,2,0,0,1,,
1536691739874398264,10705,1536691739869812696,,0.0,0.00999999977648,nan,nan,nan,-0.00999999977648,2,0,0,1,,
1536691739925675352,10706,1536691739925265432,,0.0,0.00999999977648,nan,nan,nan,-0.00999999977648,2,0,0,1,,
1536691739961337944,10707,1536691739961042040,,0.0,0.00999999977648,nan,nan,nan,-0.00999999977648,2,0,0,1,,
1536691740008924824,10708,1536691740007850616,,0.0,0.00999999977648,nan,nan,nan,-0.00999999977648,2,0,0,1,,
1536691740045696088,10709,1536691740045452824,,0.0,0.00999999977648,nan,nan,nan,-0.00999999977648,2,0,0,1,,
1536691740123440536,10710,1536691740123162200,,0.0,0.00999999977648,nan,nan,nan,-0.00999999977648,2,0,0,1,,
1536691740163786040,10711,1536691740163526328,,0.0,0.00999999977648,nan,nan,nan,-0.00999999977648,2,0,0,1,,
1536691740207614744,10712,1536691740207368664,,0.0,0.00999999977648,nan,nan,nan,-0.00999999977648,2,0,0,1,,
1536691740264884984,10713,1536691740264695672,,0.0,0.00999999977648,nan,nan,nan,-0.00999999977648,2,0,0,1,,
1536691740286998328,10714,1536691740286522296,,0.0,0.00999999977648,nan,nan,nan,-0.00999999977648,2,0,0,1,,
1536691740350212504,10715,1536691740348838360,,0.0,0.00999999977648,nan,nan,nan,-0.00999999977648,2,0,0,1,,
1536691740405859960,10716,1536691740405639000,,0.0,0.00999999977648,nan,nan,nan,-0.00999999977648,2,0,0,1,,
1536691740429340376,10717,1536691740429119512,,0.0,0.00999999977648,nan,nan,nan,-0.00999999977648,2,0,0,1,,
1536691740476875896,10718,1536691740476637528,,0.0,0.00999999977648,nan,nan,nan,-0.00999999977648,2,0,0,1,,
1536691740551963480,10719,1536691740548170264,,0.0,0.00999999977648,nan,nan,nan,-0.00999999977648,2,0,0,1,,
1536691740608557272,10720,1536691740608096920,,0.0,0.00999999977648,nan,nan,nan,-0.00999999977648,2,0,0,1,,
1536691740638807992,10721,1536691740638621688,,0.0,0.00999999977648,nan,nan,nan,-0.00999999977648,2,0,0,1,,
1536691740683296792,10722,1536691740682657816,,0.0,0.00999999977648,nan,nan,nan,-0.00999999977648,2,0,0,1,,
1536691740749933656,10723,1536691740747315480,,0.0,0.00999999977648,nan,nan,nan,-0.00999999977648,2,0,0,1,,
1536691740827670072,10724,1536691740827422264,,0.0,0.00999999977648,nan,nan,nan,-0.00999999977648,2,0,0,1,,
1536691740890677688,10725,1536691740890463832,,0.0,0.00999999977648,nan,nan,nan,-0.00999999977648,2,0,0,1,,
1536691740894060568,10726,1536691740893712984,,0.0,0.00999999977648,nan,nan,nan,-0.00999999977648,2,0,0,1,,
1536691740939580824,10727,1536691740935442328,,0.0,0.00999999977648,nan,nan,nan,-0.00999999977648,2,0,0,1,,
1536691740976688888,10728,1536691740976470648,,0.0,0.00999999977648,nan,nan,nan,-0.00999999977648,2,0,0,1,,
1536691741046893752,10729,1536691741046600632,,0.0,0.00999999977648,nan,nan,nan,-0.00999999977648,2,0,0,1,,
1536691741092436984,10730,1536691741092211032,,0.0,0.00999999977648,nan,nan,nan,-0.00999999977648,2,0,0,1,,
1536691741129970328,10731,1536691741129619224,,0.0,0.00999999977648,nan,nan,nan,-0.00999999977648,2,0,0,1,,
1536691741167648920,10732,1536691741167411736,,0.0,0.00999999977648,nan,nan,nan,-0.00999999977648,2,0,0,1,,
1536691741236742808,10733,1536691741236377272,,0.0,0.00999999977648,nan,nan,nan,-0.00999999977648,2,0,0,1,,
1536691741291275736,10734,1536691741290771096,,0.0,0.00999999977648,nan,nan,nan,-0.00999999977648,2,0,0,1,,
1536691741337256920,10735,1536691741327743800,,0.0,0.00999999977648,nan,nan,nan,-0.00999999977648,2,0,0,1,,
1536691741376446104,10736,1536691741376215320,,0.0,0.00999999977648,nan,nan,nan,-0.00999999977648,2,0,0,1,,
1536691741455482904,10737,1536691741455246680,,0.0,0.00999999977648,nan,nan,nan,-0.00999999977648,2,0,0,1,,
1536691741498318168,10738,1536691741497294872,,0.0,0.00999999977648,nan,nan,nan,-0.00999999977648,2,0,0,1,,
1536691741511170200,10739,1536691741510775480,,0.0,0.00999999977648,nan,nan,nan,-0.00999999977648,2,0,0,1,,
1536691741570240376,10740,1536691741570033560,,0.0,0.00999999977648,nan,nan,nan,-0.00999999977648,2,0,0,1,,
1536691741608150488,10741,1536691741607403352,,0.0,0.00999999977648,nan,nan,nan,-0.00999999977648,2,0,0,1,,
1536691741680852568,10742,1536691741680627096,,0.0,0.00999999977648,nan,nan,nan,-0.00999999977648,2,0,0,1,,
1536691741701531032,10743,1536691741698123704,,0.0,0.00999999977648,nan,nan,nan,-0.00999999977648,2,0,0,1,,
1536691741738999096,10744,1536691741738586936,,0.0,0.00999999977648,nan,nan,nan,-0.00999999977648,2,0,0,1,,
1536691741775018968,10745,1536691741774767096,,0.0,0.00999999977648,nan,nan,nan,-0.00999999977648,2,0,0,1,,
1536691741833114904,10746,1536691741832924088,,0.0,0.00999999977648,nan,nan,nan,-0.00999999977648,2,0,0,1,,
1536691741890862872,10747,1536691741890632216,,0.0,0.00999999977648,nan,nan,nan,-0.00999999977648,2,0,0,1,,
1536691741973465240,10748,1536691741973186840,,0.0,0.00999999977648,nan,nan,nan,-0.00999999977648,2,0,0,1,,
1536691742017845496,10749,1536691742016711928,,0.0,0.00999999977648,nan,nan,nan,-0.00999999977648,2,0,0,1,,
1536691742036505720,10750,1536691742036312344,,0.0,0.00999999977648,nan,nan,nan,-0.00999999977648,2,0,0,1,,
1536691742103120856,10751,1536691742102746264,,0.0,0.00999999977648,nan,nan,nan,-0.00999999977648,2,0,0,1,,
1536691742147997368,10752,1536691742147771704,,0.0,0.00999999977648,nan,nan,nan,-0.00999999977648,2,0,0,1,,
1536691742194417240,10753,1536691742193965752,,0.0,0.00999999977648,nan,nan,nan,-0.00999999977648,2,0,0,1,,
1536691742231834136,10754,1536691742231478104,,0.0,0.00999999977648,nan,nan,nan,-0.00999999977648,2,0,0,1,,
1536691742285795192,10755,1536691742285217496,,0.0,0.00999999977648,nan,nan,nan,-0.00999999977648,2,0,0,1,,
1536691742366181592,10756,1536691742364242776,,0.0,0.00999999977648,nan,nan,nan,-0.00999999977648,2,0,0,1,,
1536691742372488824,10757,1536691742372302232,,0.0,0.00999999977648,nan,nan,nan,-0.00999999977648,2,0,0,1,,
1536691742436265336,10758,1536691742436060056,,0.0,0.00999999977648,nan,nan,nan,-0.00999999977648,2,0,0,1,,
1536691742492002616,10759,1536691742491614200,,0.0,0.00999999977648,nan,nan,nan,-0.00999999977648,2,0,0,1,,
1536691742552038104,10760,1536691742551832504,,0.0,0.00999999977648,nan,nan,nan,-0.00999999977648,2,0,0,1,,
1536691742565902616,10761,1536691742565452376,,0.0,0.00999999977648,nan,nan,nan,-0.00999999977648,2,0,0,1,,
1536691742624188696,10762,1536691742623820216,,0.0,0.00999999977648,nan,nan,nan,-0.00999999977648,2,0,0,1,,
1536691742669082328,10763,1536691742668852088,,0.0,0.00999999977648,nan,nan,nan,-0.00999999977648,2,0,0,1,,
1536691742725955320,10764,1536691742725687896,,0.0,0.00999999977648,nan,nan,nan,-0.00999999977648,2,0,0,1,,
1536691742741091480,10765,1536691742739413880,,0.0,0.00999999977648,nan,nan,nan,-0.00999999977648,2,0,0,1,,
1536691742784581560,10766,1536691742784281624,,0.0,0.00999999977648,nan,nan,nan,-0.00999999977648,2,0,0,1,,
1536691742843328664,10767,1536691742842942488,,0.0,0.00999999977648,nan,nan,nan,-0.00999999977648,2,0,0,1,,
1536691742898070168,10768,1536691742897754904,,0.0,0.00999999977648,nan,nan,nan,-0.00999999977648,2,0,0,1,,
1536691742940144728,10769,1536691742939792984,,0.0,0.00999999977648,nan,nan,nan,-0.00999999977648,2,0,0,1,,
1536691742993050712,10770,1536691742992756280,,0.0,0.00999999977648,nan,nan,nan,-0.00999999977648,2,0,0,1,,
1536691743046565464,10771,1536691743046327448,,0.0,0.00999999977648,nan,nan,nan,-0.00999999977648,2,0,0,1,,
1536691743086985112,10772,1536691743086684632,,0.0,0.00999999977648,nan,nan,nan,-0.00999999977648,2,0,0,1,,
1536691743141480024,10773,1536691743140044184,,0.0,0.00999999977648,nan,nan,nan,-0.00999999977648,2,0,0,1,,
1536691743168921304,10774,1536691743167261912,,0.0,0.00999999977648,nan,nan,nan,-0.00999999977648,2,0,0,1,,
1536691743236520120,10775,1536691743236233304,,0.0,0.00999999977648,nan,nan,nan,-0.00999999977648,2,0,0,1,,
1536691743286460728,10776,1536691743286165496,,0.0,0.00999999977648,nan,nan,nan,-0.00999999977648,2,0,0,1,,
1536691743346638264,10777,1536691743346267096,,0.0,0.00999999977648,nan,nan,nan,-0.00999999977648,2,0,0,1,,
1536691743363879544,10778,1536691743362375384,,0.0,0.00999999977648,nan,nan,nan,-0.00999999977648,2,0,0,1,,
1536691743394392344,10779,1536691743394132248,,0.0,0.00999999977648,nan,nan,nan,-0.00999999977648,2,0,0,1,,
1536691743448483960,10780,1536691743448306872,,0.0,0.00999999977648,nan,nan,nan,-0.00999999977648,2,0,0,1,,
1536691743510064280,10781,1536691743509757272,,0.0,0.00999999977648,nan,nan,nan,-0.00999999977648,2,0,0,1,,
1536691743560717368,10782,1536691743559884312,,0.0,0.00999999977648,nan,nan,nan,-0.00999999977648,2,0,0,1,,
1536691743607228056,10783,1536691743606969048,,0.0,0.00999999977648,nan,nan,nan,-0.00999999977648,2,0,0,1,,
1536691743674298200,10784,1536691743673988536,,0.0,0.00999999977648,nan,nan,nan,-0.00999999977648,2,0,0,1,,
1536691743713209944,10785,1536691743712583800,,0.0,0.00999999977648,nan,nan,nan,-0.00999999977648,2,0,0,1,,
1536691743762959928,10786,1536691743762694808,,0.0,0.00999999977648,nan,nan,nan,-0.00999999977648,2,0,0,1,,
1536691743790237848,10787,1536691743790036248,,0.0,0.00999999977648,nan,nan,nan,-0.00999999977648,2,0,0,1,,
1536691743849962712,10788,1536691743849785112,,0.0,0.00999999977648,nan,nan,nan,-0.00999999977648,2,0,0,1,,
1536691743894086136,10789,1536691743893777016,,0.0,0.00999999977648,nan,nan,nan,-0.00999999977648,2,0,0,1,,
1536691743965720216,10790,1536691743964666776,,0.0,0.00999999977648,nan,nan,nan,-0.00999999977648,2,0,0,1,,
1536691744006651672,10791,1536691744005134776,,0.0,0.00999999977648,nan,nan,nan,-0.00999999977648,2,0,0,1,,
1536691744097905368,10792,1536691744097647480,,0.0,0.00999999977648,nan,nan,nan,-0.00999999977648,2,0,0,1,,
1536691744105030808,10793,1536691744104804792,,0.0,0.00999999977648,nan,nan,nan,-0.00999999977648,2,0,0,1,,
1536691744190984440,10794,1536691744190744088,,0.0,0.00999999977648,nan,nan,nan,-0.00999999977648,2,0,0,1,,
1536691744212605176,10795,1536691744212126808,,0.0,0.00999999977648,nan,nan,nan,-0.00999999977648,2,0,0,1,,
1536691744248810296,10796,1536691744248646328,,0.0,0.00999999977648,nan,nan,nan,-0.00999999977648,2,0,0,1,,
1536691744301033720,10797,1536691744292025592,,0.0,0.00999999977648,nan,nan,nan,-0.00999999977648,2,0,0,1,,
1536691744364123832,10798,1536691744363557528,,0.0,0.00999999977648,nan,nan,nan,-0.00999999977648,2,0,0,1,,
1536691744406006936,10799,1536691744405645752,,0.0,0.00999999977648,nan,nan,nan,-0.00999999977648,2,0,0,1,,
1536691744486457144,10800,1536691744480708472,,0.0,0.00999999977648,nan,nan,nan,-0.00999999977648,2,0,0,1,,
1536691744496409144,10801,1536691744495994424,,0.0,0.00999999977648,nan,nan,nan,-0.00999999977648,2,0,0,1,,
1536691744569049464,10802,1536691744568606168,,0.0,0.00999999977648,nan,nan,nan,-0.00999999977648,2,0,0,1,,
1536691744609976632,10803,1536691744609780472,,0.0,0.00999999977648,nan,nan,nan,-0.00999999977648,2,0,0,1,,
1536691744672451160,10804,1536691744672121464,,0.0,0.00999999977648,nan,nan,nan,-0.00999999977648,2,0,0,1,,
1536691744710395608,10805,1536691744710195000,,0.0,0.00999999977648,nan,nan,nan,-0.00999999977648,2,0,0,1,,
1536691744750456344,10806,1536691744750213912,,0.0,0.00999999977648,nan,nan,nan,-0.00999999977648,2,0,0,1,,
1536691744805244024,10807,1536691744801087416,,0.0,0.00999999977648,nan,nan,nan,-0.00999999977648,2,0,0,1,,
1536691744847298776,10808,1536691744847093528,,0.0,0.00999999977648,nan,nan,nan,-0.00999999977648,2,0,0,1,,
1536691744892681944,10809,1536691744892334328,,0.0,0.00999999977648,nan,nan,nan,-0.00999999977648,2,0,0,1,,
1536691744962843096,10810,1536691744961049240,,0.0,0.00999999977648,nan,nan,nan,-0.00999999977648,2,0,0,1,,
1536691744993834296,10811,1536691744991818072,,0.0,0.00999999977648,nan,nan,nan,-0.00999999977648,2,0,0,1,,
1536691745066986840,10812,1536691745066595768,,0.0,0.00999999977648,nan,nan,nan,-0.00999999977648,2,0,0,1,,
1536691745108548696,10813,1536691745108325464,,0.0,0.00999999977648,nan,nan,nan,-0.00999999977648,2,0,0,1,,
1536691745162423032,10814,1536691745162045464,,0.0,0.00999999977648,nan,nan,nan,-0.00999999977648,2,0,0,1,,
1536691745188917016,10815,1536691745187479672,,0.0,0.00999999977648,nan,nan,nan,-0.00999999977648,2,0,0,1,,
1536691745291066104,10816,1536691745283383800,,0.0,0.00999999977648,nan,nan,nan,-0.00999999977648,2,0,0,1,,
1536691745309915352,10817,1536691745309487224,,0.0,0.00999999977648,nan,nan,nan,-0.00999999977648,2,0,0,1,,
1536691745361203064,10818,1536691745360893464,,0.0,0.00999999977648,nan,nan,nan,-0.00999999977648,2,0,0,1,,
1536691745392395704,10819,1536691745392127128,,0.0,0.00999999977648,nan,nan,nan,-0.00999999977648,2,0,0,1,,
1536691745465739032,10820,1536691745465524856,,0.0,0.00999999977648,nan,nan,nan,-0.00999999977648,2,0,0,1,,
1536691745525709176,10821,1536691745524481720,,0.0,0.00999999977648,nan,nan,nan,-0.00999999977648,2,0,0,1,,
1536691745586577240,10822,1536691745586165848,,0.0,0.00999999977648,nan,nan,nan,-0.00999999977648,2,0,0,1,,
1536691745603193304,10823,1536691745603029560,,0.0,0.00999999977648,nan,nan,nan,-0.00999999977648,2,0,0,1,,
1536691745634591480,10824,1536691745634364536,,0.0,0.00999999977648,nan,nan,nan,-0.00999999977648,2,0,0,1,,
1536691745697130520,10825,1536691745696937080,,0.0,0.00999999977648,nan,nan,nan,-0.00999999977648,2,0,0,1,,
1536691745730894744,10826,1536691745730616152,,0.0,0.00999999977648,nan,nan,nan,-0.00999999977648,2,0,0,1,,
1536691745786939640,10827,1536691745786706136,,0.0,0.00999999977648,nan,nan,nan,-0.00999999977648,2,0,0,1,,
1536691745847627512,10828,1536691745847412312,,0.0,0.00999999977648,nan,nan,nan,-0.00999999977648,2,0,0,1,,
1536691745894849560,10829,1536691745894528344,,0.0,0.00999999977648,nan,nan,nan,-0.00999999977648,2,0,0,1,,
1536691745936251704,10830,1536691745935973368,,0.0,0.00999999977648,nan,nan,nan,-0.00999999977648,2,0,0,1,,
1536691745947869304,10831,1536691745947569336,,0.0,0.00999999977648,nan,nan,nan,-0.00999999977648,2,0,0,1,,
1536691745997231960,10832,1536691745996889528,,0.0,0.00999999977648,nan,nan,nan,-0.00999999977648,2,0,0,1,,
1536691746050118424,10833,1536691746049805208,,0.0,0.00999999977648,nan,nan,nan,-0.00999999977648,2,0,0,1,,
1536691746128102744,10834,1536691746127757560,,0.0,0.00999999977648,nan,nan,nan,-0.00999999977648,2,0,0,1,,
1536691746173356696,10835,1536691746172953848,,0.0,0.00999999977648,nan,nan,nan,-0.00999999977648,2,0,0,1,,
1536691746232243416,10836,1536691746225669464,,0.0,0.00999999977648,nan,nan,nan,-0.00999999977648,2,0,0,1,,
1536691746272333848,10837,1536691746271933624,,0.0,0.00999999977648,nan,nan,nan,-0.00999999977648,2,0,0,1,,
1536691746310645624,10838,1536691746310432760,,0.0,0.00999999977648,nan,nan,nan,-0.00999999977648,2,0,0,1,,
1536691746369246232,10839,1536691746369010904,,0.0,0.00999999977648,nan,nan,nan,-0.00999999977648,2,0,0,1,,
1536691746421991960,10840,1536691746421677464,,0.0,0.00999999977648,nan,nan,nan,-0.00999999977648,2,0,0,1,,
1536691746485230168,10841,1536691746482011992,,0.0,0.00999999977648,nan,nan,nan,-0.00999999977648,2,0,0,1,,
1536691746507238136,10842,1536691746506870008,,0.0,0.00999999977648,nan,nan,nan,-0.00999999977648,2,0,0,1,,
1536691746563824760,10843,1536691746563616600,,0.0,0.00999999977648,nan,nan,nan,-0.00999999977648,2,0,0,1,,
1536691746610691768,10844,1536691746610453880,,0.0,0.00999999977648,nan,nan,nan,-0.00999999977648,2,0,0,1,,
1536691746645801240,10845,1536691746645500984,,0.0,0.00999999977648,nan,nan,nan,-0.00999999977648,2,0,0,1,,
1536691746706583480,10846,1536691746706213976,,0.0,0.00999999977648,nan,nan,nan,-0.00999999977648,2,0,0,1,,
1536691746790832952,10847,1536691746790615032,,0.0,0.00999999977648,nan,nan,nan,-0.00999999977648,2,0,0,1,,
1536691746843961080,10848,1536691746842665400,,0.0,0.00999999977648,nan,nan,nan,-0.00999999977648,2,0,0,1,,
1536691746859025528,10849,1536691746858841144,,0.0,0.00999999977648,nan,nan,nan,-0.00999999977648,2,0,0,1,,
1536691746886598328,10850,1536691746886365080,,0.0,0.00999999977648,nan,nan,nan,-0.00999999977648,2,0,0,1,,
1536691746965113176,10851,1536691746963771160,,0.0,0.00999999977648,nan,nan,nan,-0.00999999977648,2,0,0,1,,
1536691746992358328,10852,1536691746992154520,,0.0,0.00999999977648,nan,nan,nan,-0.00999999977648,2,0,0,1,,
1536691747042588632,10853,1536691747042280056,,0.0,0.00999999977648,nan,nan,nan,-0.00999999977648,2,0,0,1,,
1536691747064596632,10854,1536691747064400024,,0.0,0.00999999977648,nan,nan,nan,-0.00999999977648,2,0,0,1,,
1536691747160268312,10855,1536691747159375768,,0.0,0.00999999977648,nan,nan,nan,-0.00999999977648,2,0,0,1,,
1536691747247388888,10856,1536691747246904952,,0.0,0.00999999977648,nan,nan,nan,-0.00999999977648,2,0,0,1,,
1536691747266161016,10857,1536691747265051576,,0.0,0.00999999977648,nan,nan,nan,-0.00999999977648,2,0,0,1,,
1536691747286273848,10858,1536691747285956312,,0.0,0.00999999977648,nan,nan,nan,-0.00999999977648,2,0,0,1,,
1536691747328389912,10859,1536691747328165880,,0.0,0.00999999977648,nan,nan,nan,-0.00999999977648,2,0,0,1,,
1536691747402532184,10860,1536691747402246072,,0.0,0.00999999977648,nan,nan,nan,-0.00999999977648,2,0,0,1,,
1536691747450455864,10861,1536691747450126616,,0.0,0.00999999977648,nan,nan,nan,-0.00999999977648,2,0,0,1,,
1536691747502949944,10862,1536691747502745592,,0.0,0.00999999977648,nan,nan,nan,-0.00999999977648,2,0,0,1,,
1536691747530105368,10863,1536691747529226360,,0.0,0.00999999977648,nan,nan,nan,-0.00999999977648,2,0,0,1,,
1536691747602884792,10864,1536691747602667512,,0.0,0.00999999977648,nan,nan,nan,-0.00999999977648,2,0,0,1,,
1536691747651796120,10865,1536691747647204536,,0.0,0.00999999977648,nan,nan,nan,-0.00999999977648,2,0,0,1,,
1536691747688832280,10866,1536691747688602744,,0.0,0.00999999977648,nan,nan,nan,-0.00999999977648,2,0,0,1,,
1536691747746653272,10867,1536691747746205880,,0.0,0.00999999977648,nan,nan,nan,-0.00999999977648,2,0,0,1,,
1536691747786604056,10868,1536691747786037560,,0.0,0.00999999977648,nan,nan,nan,-0.00999999977648,2,0,0,1,,
1536691747827934744,10869,1536691747827731736,,0.0,0.00999999977648,nan,nan,nan,-0.00999999977648,2,0,0,1,,
1536691747863832600,10870,1536691747863526232,,0.0,0.00999999977648,nan,nan,nan,-0.00999999977648,2,0,0,1,,
1536691747972809176,10871,1536691747972565528,,0.0,0.00999999977648,nan,nan,nan,-0.00999999977648,2,0,0,1,,
1536691748003721848,10872,1536691748003212344,,0.0,0.00999999977648,nan,nan,nan,-0.00999999977648,2,0,0,1,,
1536691748030193016,10873,1536691748029789496,,0.0,0.00999999977648,nan,nan,nan,-0.00999999977648,2,0,0,1,,
1536691748058472152,10874,1536691748058014680,,0.0,0.00999999977648,nan,nan,nan,-0.00999999977648,2,0,0,1,,
1536691748121075288,10875,1536691748120722840,,0.0,0.00999999977648,nan,nan,nan,-0.00999999977648,2,0,0,1,,
1536691748184553208,10876,1536691748184195320,,0.0,0.00999999977648,nan,nan,nan,-0.00999999977648,2,0,0,1,,
1536691748252793176,10877,1536691748252584248,,0.0,0.00999999977648,nan,nan,nan,-0.00999999977648,2,0,0,1,,
1536691748274027640,10878,1536691748273615960,,0.0,0.00999999977648,nan,nan,nan,-0.00999999977648,2,0,0,1,,
1536691748326096088,10879,1536691748325185848,,0.0,0.00999999977648,nan,nan,nan,-0.00999999977648,2,0,0,1,,
1536691748357358488,10880,1536691748357103928,,0.0,0.00999999977648,nan,nan,nan,-0.00999999977648,2,0,0,1,,
1536691748395896888,10881,1536691748395573496,,0.0,0.00999999977648,nan,nan,nan,-0.00999999977648,2,0,0,1,,
1536691748446569240,10882,1536691748446334104,,0.0,0.00999999977648,nan,nan,nan,-0.00999999977648,2,0,0,1,,
1536691748486346808,10883,1536691748485876664,,0.0,0.00999999977648,nan,nan,nan,-0.00999999977648,2,0,0,1,,
1536691748561527128,10884,1536691748561112088,,0.0,0.00999999977648,nan,nan,nan,-0.00999999977648,2,0,0,1,,
1536691748590922936,10885,1536691748590697496,,0.0,0.00999999977648,nan,nan,nan,-0.00999999977648,2,0,0,1,,
1536691748653756632,10886,1536691748645772152,,0.0,0.00999999977648,nan,nan,nan,-0.00999999977648,2,0,0,1,,
1536691748742053528,10887,1536691748741671864,,0.0,0.00999999977648,nan,nan,nan,-0.00999999977648,2,0,0,1,,
1536691748781409592,10888,1536691748781082392,,0.0,0.00999999977648,nan,nan,nan,-0.00999999977648,2,0,0,1,,
1536691748823274264,10889,1536691748823046680,,0.0,0.00999999977648,nan,nan,nan,-0.00999999977648,2,0,0,1,,
1536691748854442328,10890,1536691748853933080,,0.0,0.00999999977648,nan,nan,nan,-0.00999999977648,2,0,0,1,,
1536691748886730392,10891,1536691748886480024,,0.0,0.00999999977648,nan,nan,nan,-0.00999999977648,2,0,0,1,,
1536691748946962488,10892,1536691748946538584,,0.0,0.00999999977648,nan,nan,nan,-0.00999999977648,2,0,0,1,,
1536691748997541048,10893,1536691748997211992,,0.0,0.00999999977648,nan,nan,nan,-0.00999999977648,2,0,0,1,,
1536691749065774104,10894,1536691749065067512,,0.0,0.00999999977648,nan,nan,nan,-0.00999999977648,2,0,0,1,,
1536691749128931640,10895,1536691749128484984,,0.0,0.00999999977648,nan,nan,nan,-0.00999999977648,2,0,0,1,,
1536691749158874264,10896,1536691749158493880,,0.0,0.00999999977648,nan,nan,nan,-0.00999999977648,2,0,0,1,,
1536691749234827032,10897,1536691749234608312,,0.0,0.00999999977648,nan,nan,nan,-0.00999999977648,2,0,0,1,,
1536691749266430136,10898,1536691749266109688,,0.0,0.00999999977648,nan,nan,nan,-0.00999999977648,2,0,0,1,,
1536691749321493560,10899,1536691749320022424,,0.0,0.00999999977648,nan,nan,nan,-0.00999999977648,2,0,0,1,,
1536691749370473496,10900,1536691749367177592,,0.0,0.00999999977648,nan,nan,nan,-0.00999999977648,2,0,0,1,,
1536691749434500312,10901,1536691749434064536,,0.0,0.00999999977648,nan,nan,nan,-0.00999999977648,2,0,0,1,,
1536691749486920824,10902,1536691749486680056,,0.0,0.00999999977648,nan,nan,nan,-0.00999999977648,2,0,0,1,,
1536691749530906392,10903,1536691749530679032,,0.0,0.00999999977648,nan,nan,nan,-0.00999999977648,2,0,0,1,,
1536691749559700056,10904,1536691749558901240,,0.0,0.00999999977648,nan,nan,nan,-0.00999999977648,2,0,0,1,,
1536691749607300632,10905,1536691749607046520,,0.0,0.00999999977648,nan,nan,nan,-0.00999999977648,2,0,0,1,,
1536691749647431512,10906,1536691749647030232,,0.0,0.00999999977648,nan,nan,nan,-0.00999999977648,2,0,0,1,,
1536691749723561176,10907,1536691749723268152,,0.0,0.00999999977648,nan,nan,nan,-0.00999999977648,2,0,0,1,,
1536691749767501528,10908,1536691749766700728,,0.0,0.00999999977648,nan,nan,nan,-0.00999999977648,2,0,0,1,,
1536691749797956216,10909,1536691749797473688,,0.0,0.00999999977648,nan,nan,nan,-0.00999999977648,2,0,0,1,,
1536691749835263672,10910,1536691749834895288,,0.0,0.00999999977648,nan,nan,nan,-0.00999999977648,2,0,0,1,,
1536691749877565400,10911,1536691749877360216,,0.0,0.00999999977648,nan,nan,nan,-0.00999999977648,2,0,0,1,,
1536691749931615192,10912,1536691749931349336,,0.0,0.00999999977648,nan,nan,nan,-0.00999999977648,2,0,0,1,,
1536691749987291032,10913,1536691749986698520,,0.0,0.00999999977648,nan,nan,nan,-0.00999999977648,2,0,0,1,,
1536691750035041336,10914,1536691750034743352,,0.0,0.00999999977648,nan,nan,nan,-0.00999999977648,2,0,0,1,,
1536691750066049016,10915,1536691750065826232,,0.0,0.00999999977648,nan,nan,nan,-0.00999999977648,2,0,0,1,,
1536691750115477176,10916,1536691750115290296,,0.0,0.00999999977648,nan,nan,nan,-0.00999999977648,2,0,0,1,,
1536691750171502776,10917,1536691750171271800,,0.0,0.00999999977648,nan,nan,nan,-0.00999999977648,2,0,0,1,,
1536691750206957368,10918,1536691750206717496,,0.0,0.00999999977648,nan,nan,nan,-0.00999999977648,2,0,0,1,,
1536691750268425016,10919,1536691750264900376,,0.0,0.00999999977648,nan,nan,nan,-0.00999999977648,2,0,0,1,,
1536691750324966776,10920,1536691750324706040,,0.0,0.00999999977648,nan,nan,nan,-0.00999999977648,2,0,0,1,,
1536691750336529752,10921,1536691750336259096,,0.0,0.00999999977648,nan,nan,nan,-0.00999999977648,2,0,0,1,,
1536691750392249208,10922,1536691750392001208,,0.0,0.00999999977648,nan,nan,nan,-0.00999999977648,2,0,0,1,,
1536691750454127864,10923,1536691750453769880,,0.0,0.00999999977648,nan,nan,nan,-0.00999999977648,2,0,0,1,,
1536691750485222328,10924,1536691750484822296,,0.0,0.00999999977648,nan,nan,nan,-0.00999999977648,2,0,0,1,,
1536691750547916600,10925,1536691750547675512,,0.0,0.00999999977648,nan,nan,nan,-0.00999999977648,2,0,0,1,,
1536691750591623896,10926,1536691750591311576,,0.0,0.00999999977648,nan,nan,nan,-0.00999999977648,2,0,0,1,,
1536691750632925208,10927,1536691750632631192,,0.0,0.00999999977648,nan,nan,nan,-0.00999999977648,2,0,0,1,,
1536691750661582360,10928,1536691750660836024,,0.0,0.00999999977648,nan,nan,nan,-0.00999999977648,2,0,0,1,,
1536691750711417144,10929,1536691750710723576,,0.0,0.00999999977648,nan,nan,nan,-0.00999999977648,2,0,0,1,,
1536691750797127576,10930,1536691750796964216,,0.0,0.00999999977648,nan,nan,nan,-0.00999999977648,2,0,0,1,,
1536691750832512440,10931,1536691750832295224,,0.0,0.00999999977648,nan,nan,nan,-0.00999999977648,2,0,0,1,,
1536691750844934680,10932,1536691750844550104,,0.0,0.00999999977648,nan,nan,nan,-0.00999999977648,2,0,0,1,,
1536691750896626136,10933,1536691750896452664,,0.0,0.00999999977648,nan,nan,nan,-0.00999999977648,2,0,0,1,,
1536691750967301016,10934,1536691750966960088,,0.0,0.00999999977648,nan,nan,nan,-0.00999999977648,2,0,0,1,,
1536691750995847992,10935,1536691750995634456,,0.0,0.00999999977648,nan,nan,nan,-0.00999999977648,2,0,0,1,,
1536691751070088248,10936,1536691751069871256,,0.0,0.00999999977648,nan,nan,nan,-0.00999999977648,2,0,0,1,,
1536691751120419896,10937,1536691751120119640,,0.0,0.00999999977648,nan,nan,nan,-0.00999999977648,2,0,0,1,,
1536691751156559576,10938,1536691751156183160,,0.0,0.00999999977648,nan,nan,nan,-0.00999999977648,2,0,0,1,,
1536691751193338008,10939,1536691751193052472,,0.0,0.00999999977648,nan,nan,nan,-0.00999999977648,2,0,0,1,,
1536691751274675960,10940,1536691751274494744,,0.0,0.00999999977648,nan,nan,nan,-0.00999999977648,2,0,0,1,,
1536691751301607320,10941,1536691751301204632,,0.0,0.00999999977648,nan,nan,nan,-0.00999999977648,2,0,0,1,,
1536691751354807672,10942,1536691751354455736,,0.0,0.00999999977648,nan,nan,nan,-0.00999999977648,2,0,0,1,,
1536691751409198712,10943,1536691751409003608,,0.0,0.00999999977648,nan,nan,nan,-0.00999999977648,2,0,0,1,,
1536691751450480120,10944,1536691751446414616,,0.0,0.00999999977648,nan,nan,nan,-0.00999999977648,2,0,0,1,,
1536691751478138552,10945,1536691751477643800,,0.0,0.00999999977648,nan,nan,nan,-0.00999999977648,2,0,0,1,,
1536691751568887512,10946,1536691751568412760,,0.0,0.00999999977648,nan,nan,nan,-0.00999999977648,2,0,0,1,,
1536691751613000504,10947,1536691751612774456,,0.0,0.00999999977648,nan,nan,nan,-0.00999999977648,2,0,0,1,,
1536691751635589016,10948,1536691751635249208,,0.0,0.00999999977648,nan,nan,nan,-0.00999999977648,2,0,0,1,,
1536691751669796856,10949,1536691751665620184,,0.0,0.00999999977648,nan,nan,nan,-0.00999999977648,2,0,0,1,,
1536691751736340760,10950,1536691751735992504,,0.0,0.00999999977648,nan,nan,nan,-0.00999999977648,2,0,0,1,,
1536691751792224024,10951,1536691751791996952,,0.0,0.00999999977648,nan,nan,nan,-0.00999999977648,2,0,0,1,,
1536691751840529176,10952,1536691751837916408,,0.0,0.00999999977648,nan,nan,nan,-0.00999999977648,2,0,0,1,,
1536691751897139064,10953,1536691751896903608,,0.0,0.00999999977648,nan,nan,nan,-0.00999999977648,2,0,0,1,,
1536691751928008248,10954,1536691751927769784,,0.0,0.00999999977648,nan,nan,nan,-0.00999999977648,2,0,0,1,,
1536691752000030584,10955,1536691751998572952,,0.0,0.00999999977648,nan,nan,nan,-0.00999999977648,2,0,0,1,,
1536691752036276184,10956,1536691752036022040,,0.0,0.00999999977648,nan,nan,nan,-0.00999999977648,2,0,0,1,,
1536691752071632088,10957,1536691752071396568,,0.0,0.00999999977648,nan,nan,nan,-0.00999999977648,2,0,0,1,,
1536691752194276888,10958,1536691752194098744,,0.0,0.00999999977648,nan,nan,nan,-0.00999999977648,2,0,0,1,,
1536691752246029112,10959,1536691752245773624,,0.0,0.00999999977648,nan,nan,nan,-0.00999999977648,2,0,0,1,,
1536691752292941784,10960,1536691752292674104,,0.0,0.00999999977648,nan,nan,nan,-0.00999999977648,2,0,0,1,,
1536691752365841144,10961,1536691752362712952,,0.0,0.00999999977648,nan,nan,nan,-0.00999999977648,2,0,0,1,,
1536691752407297400,10962,1536691752407005880,,0.0,0.00999999977648,nan,nan,nan,-0.00999999977648,2,0,0,1,,
1536691752469665656,10963,1536691752469351096,,0.0,0.00999999977648,nan,nan,nan,-0.00999999977648,2,0,0,1,,
1536691752525444376,10964,1536691752525070808,,0.0,0.00999999977648,nan,nan,nan,-0.00999999977648,2,0,0,1,,
1536691752540226648,10965,1536691752540003736,,0.0,0.00999999977648,nan,nan,nan,-0.00999999977648,2,0,0,1,,
1536691752597304888,10966,1536691752596429848,,0.0,0.00999999977648,nan,nan,nan,-0.00999999977648,2,0,0,1,,
1536691752610104216,10967,1536691752609806712,,0.0,0.00999999977648,nan,nan,nan,-0.00999999977648,2,0,0,1,,
1536691752669116792,10968,1536691752668893880,,0.0,0.00999999977648,nan,nan,nan,-0.00999999977648,2,0,0,1,,
1536691752697062808,10969,1536691752696742936,,0.0,0.00999999977648,nan,nan,nan,-0.00999999977648,2,0,0,1,,
1536691752768255576,10970,1536691752768048408,,0.0,0.00999999977648,nan,nan,nan,-0.00999999977648,2,0,0,1,,
1536691752829004056,10971,1536691752828711224,,0.0,0.00999999977648,nan,nan,nan,-0.00999999977648,2,0,0,1,,
1536691752875532920,10972,1536691752874604824,,0.0,0.00999999977648,nan,nan,nan,-0.00999999977648,2,0,0,1,,
1536691752919082456,10973,1536691752918759288,,0.0,0.00999999977648,nan,nan,nan,-0.00999999977648,2,0,0,1,,
1536691752963323544,10974,1536691752962866936,,0.0,0.00999999977648,nan,nan,nan,-0.00999999977648,2,0,0,1,,
1536691753000075000,10975,1536691752998896696,,0.0,0.00999999977648,nan,nan,nan,-0.00999999977648,2,0,0,1,,
1536691753063634360,10976,1536691753063390264,,0.0,0.00999999977648,nan,nan,nan,-0.00999999977648,2,0,0,1,,
1536691753128535256,10977,1536691753128250744,,0.0,0.00999999977648,nan,nan,nan,-0.00999999977648,2,0,0,1,,
1536691753152396792,10978,1536691753152173976,,0.0,0.00999999977648,nan,nan,nan,-0.00999999977648,2,0,0,1,,
1536691753189884120,10979,1536691753184887704,,0.0,0.00999999977648,nan,nan,nan,-0.00999999977648,2,0,0,1,,
1536691753235699800,10980,1536691753235479256,,0.0,0.00999999977648,nan,nan,nan,-0.00999999977648,2,0,0,1,,
1536691753327543992,10981,1536691753327138200,,0.0,0.00999999977648,nan,nan,nan,-0.00999999977648,2,0,0,1,,
1536691753356540984,10982,1536691753356341656,,0.0,0.00999999977648,nan,nan,nan,-0.00999999977648,2,0,0,1,,
1536691753396890936,10983,1536691753392731992,,0.0,0.00999999977648,nan,nan,nan,-0.00999999977648,2,0,0,1,,
1536691753433661208,10984,1536691753433309240,,0.0,0.00999999977648,nan,nan,nan,-0.00999999977648,2,0,0,1,,
1536691753463861560,10985,1536691753463671832,,0.0,0.00999999977648,nan,nan,nan,-0.00999999977648,2,0,0,1,,
1536691753517168216,10986,1536691753516286392,,0.0,0.00999999977648,nan,nan,nan,-0.00999999977648,2,0,0,1,,
1536691753550656568,10987,1536691753550305592,,0.0,0.00999999977648,nan,nan,nan,-0.00999999977648,2,0,0,1,,
1536691753593095928,10988,1536691753592636792,,0.0,0.00999999977648,nan,nan,nan,-0.00999999977648,2,0,0,1,,
1536691753673938392,10989,1536691753673696472,,0.0,0.00999999977648,nan,nan,nan,-0.00999999977648,2,0,0,1,,
1536691753685838744,10990,1536691753685635896,,0.0,0.00999999977648,nan,nan,nan,-0.00999999977648,2,0,0,1,,
1536691753756400568,10991,1536691753755778168,,0.0,0.00999999977648,nan,nan,nan,-0.00999999977648,2,0,0,1,,
1536691753805736440,10992,1536691753805431512,,0.0,0.00999999977648,nan,nan,nan,-0.00999999977648,2,0,0,1,,
1536691753864877560,10993,1536691753864654296,,0.0,0.00999999977648,nan,nan,nan,-0.00999999977648,2,0,0,1,,
1536691753927852664,10994,1536691753926864024,,0.0,0.00999999977648,nan,nan,nan,-0.00999999977648,2,0,0,1,,
1536691753940351192,10995,1536691753939940920,,0.0,0.00999999977648,nan,nan,nan,-0.00999999977648,2,0,0,1,,
1536691753992889048,10996,1536691753992580376,,0.0,0.00999999977648,nan,nan,nan,-0.00999999977648,2,0,0,1,,
1536691754033966424,10997,1536691754033771224,,0.0,0.00999999977648,nan,nan,nan,-0.00999999977648,2,0,0,1,,
1536691754064134968,10998,1536691754063767992,,0.0,0.00999999977648,nan,nan,nan,-0.00999999977648,2,0,0,1,,
1536691754154431896,10999,1536691754154071960,,0.0,0.00999999977648,nan,nan,nan,-0.00999999977648,2,0,0,1,,
1536691754200042072,11000,1536691754199657496,,0.0,0.00999999977648,nan,nan,nan,-0.00999999977648,2,0,0,1,,
1536691754234035928,11001,1536691754233799128,,0.0,0.00999999977648,nan,nan,nan,-0.00999999977648,2,0,0,1,,
1536691754293924952,11002,1536691754292898840,,0.0,0.00999999977648,nan,nan,nan,-0.00999999977648,2,0,0,1,,
1536691754356207480,11003,1536691754355803576,,0.0,0.00999999977648,nan,nan,nan,-0.00999999977648,2,0,0,1,,
1536691754398602936,11004,1536691754398359512,,0.0,0.00999999977648,nan,nan,nan,-0.00999999977648,2,0,0,1,,
1536691754446312760,11005,1536691754446077944,,0.0,0.00999999977648,nan,nan,nan,-0.00999999977648,2,0,0,1,,
1536691754477630232,11006,1536691754476947064,,0.0,0.00999999977648,nan,nan,nan,-0.00999999977648,2,0,0,1,,
1536691754537866392,11007,1536691754537505464,,0.0,0.00999999977648,nan,nan,nan,-0.00999999977648,2,0,0,1,,
1536691754600574552,11008,1536691754600297624,,0.0,0.00999999977648,nan,nan,nan,-0.00999999977648,2,0,0,1,,
1536691754663998488,11009,1536691754663787256,,0.0,0.00999999977648,nan,nan,nan,-0.00999999977648,2,0,0,1,,
1536691754724384376,11010,1536691754724132984,,0.0,0.00999999977648,nan,nan,nan,-0.00999999977648,2,0,0,1,,
1536691754731114808,11011,1536691754730646360,,0.0,0.00999999977648,nan,nan,nan,-0.00999999977648,2,0,0,1,,
1536691754781838904,11012,1536691754781326872,,0.0,0.00999999977648,nan,nan,nan,-0.00999999977648,2,0,0,1,,
1536691754837268120,11013,1536691754836807128,,0.0,0.00999999977648,nan,nan,nan,-0.00999999977648,2,0,0,1,,
1536691754875094936,11014,1536691754874916984,,0.0,0.00999999977648,nan,nan,nan,-0.00999999977648,2,0,0,1,,
1536691754928930584,11015,1536691754928490744,,0.0,0.00999999977648,nan,nan,nan,-0.00999999977648,2,0,0,1,,
1536691754967325496,11016,1536691754966927896,,0.0,0.00999999977648,nan,nan,nan,-0.00999999977648,2,0,0,1,,
1536691755046812088,11017,1536691755046581784,,0.0,0.00999999977648,nan,nan,nan,-0.00999999977648,2,0,0,1,,
1536691755093837688,11018,1536691755093496056,,0.0,0.00999999977648,nan,nan,nan,-0.00999999977648,2,0,0,1,,
1536691755148773656,11019,1536691755148564024,,0.0,0.00999999977648,nan,nan,nan,-0.00999999977648,2,0,0,1,,
1536691755204763608,11020,1536691755202676760,,0.0,0.00999999977648,nan,nan,nan,-0.00999999977648,2,0,0,1,,
1536691755238396568,11021,1536691755237879640,,0.0,0.00999999977648,nan,nan,nan,-0.00999999977648,2,0,0,1,,
1536691755305575800,11022,1536691755305354328,,0.0,0.00999999977648,nan,nan,nan,-0.00999999977648,2,0,0,1,,
1536691755372254488,11023,1536691755371917304,,0.0,0.00999999977648,nan,nan,nan,-0.00999999977648,2,0,0,1,,
1536691755402348440,11024,1536691755400660088,,0.0,0.00999999977648,nan,nan,nan,-0.00999999977648,2,0,0,1,,
1536691755436834360,11025,1536691755436606264,,0.0,0.00999999977648,nan,nan,nan,-0.00999999977648,2,0,0,1,,
1536691755457935896,11026,1536691755457545752,,0.0,0.00999999977648,nan,nan,nan,-0.00999999977648,2,0,0,1,,
1536691755522103832,11027,1536691755521891576,,0.0,0.00999999977648,nan,nan,nan,-0.00999999977648,2,0,0,1,,
1536691755545241304,11028,1536691755544938936,,0.0,0.00999999977648,nan,nan,nan,-0.00999999977648,2,0,0,1,,
1536691755593907256,11029,1536691755593508088,,0.0,0.00999999977648,nan,nan,nan,-0.00999999977648,2,0,0,1,,
1536691755665286584,11030,1536691755665048120,,0.0,0.00999999977648,nan,nan,nan,-0.00999999977648,2,0,0,1,,
1536691755711893336,11031,1536691755711698520,,0.0,0.00999999977648,nan,nan,nan,-0.00999999977648,2,0,0,1,,
1536691755760404536,11032,1536691755760053944,,0.0,0.00999999977648,nan,nan,nan,-0.00999999977648,2,0,0,1,,
1536691755785315928,11033,1536691755784953880,,0.0,0.00999999977648,nan,nan,nan,-0.00999999977648,2,0,0,1,,
1536691755868056440,11034,1536691755865454872,,0.0,0.00999999977648,nan,nan,nan,-0.00999999977648,2,0,0,1,,
1536691755922381816,11035,1536691755922060984,,0.0,0.00999999977648,nan,nan,nan,-0.00999999977648,2,0,0,1,,
1536691755964604920,11036,1536691755964259672,,0.0,0.00999999977648,nan,nan,nan,-0.00999999977648,2,0,0,1,,
1536691756000219000,11037,1536691755999910264,,0.0,0.00999999977648,nan,nan,nan,-0.00999999977648,2,0,0,1,,
1536691756044782648,11038,1536691756044582616,,0.0,0.00999999977648,nan,nan,nan,-0.00999999977648,2,0,0,1,,
1536691756106156216,11039,1536691756105931480,,0.0,0.00999999977648,nan,nan,nan,-0.00999999977648,2,0,0,1,,
1536691756146847096,11040,1536691756146460664,,0.0,0.00999999977648,nan,nan,nan,-0.00999999977648,2,0,0,1,,
1536691756216033176,11041,1536691756215759768,,0.0,0.00999999977648,nan,nan,nan,-0.00999999977648,2,0,0,1,,
1536691756250653720,11042,1536691756250399384,,0.0,0.00999999977648,nan,nan,nan,-0.00999999977648,2,0,0,1,,
1536691756313851128,11043,1536691756313459608,,0.0,0.00999999977648,nan,nan,nan,-0.00999999977648,2,0,0,1,,
1536691756398826808,11044,1536691756390913240,,0.0,0.00999999977648,nan,nan,nan,-0.00999999977648,2,0,0,1,,
1536691756423999000,11045,1536691756423737368,,0.0,0.00999999977648,nan,nan,nan,-0.00999999977648,2,0,0,1,,
1536691756445486296,11046,1536691756445228408,,0.0,0.00999999977648,nan,nan,nan,-0.00999999977648,2,0,0,1,,
1536691756505987832,11047,1536691756503986456,,0.0,0.00999999977648,nan,nan,nan,-0.00999999977648,2,0,0,1,,
1536691756546130232,11048,1536691756545877496,,0.0,0.00999999977648,nan,nan,nan,-0.00999999977648,2,0,0,1,,
1536691756614970200,11049,1536691756614615704,,0.0,0.00999999977648,nan,nan,nan,-0.00999999977648,2,0,0,1,,
1536691756676212728,11050,1536691756676021880,,0.0,0.00999999977648,nan,nan,nan,-0.00999999977648,2,0,0,1,,
1536691756725994552,11051,1536691756721674680,,0.0,0.00999999977648,nan,nan,nan,-0.00999999977648,2,0,0,1,,
1536691756750380856,11052,1536691756750093944,,0.0,0.00999999977648,nan,nan,nan,-0.00999999977648,2,0,0,1,,
1536691756794458040,11053,1536691756794226744,,0.0,0.00999999977648,nan,nan,nan,-0.00999999977648,2,0,0,1,,
1536691756849015448,11054,1536691756848814424,,0.0,0.00999999977648,nan,nan,nan,-0.00999999977648,2,0,0,1,,
1536691756871592056,11055,1536691756871246744,,0.0,0.00999999977648,nan,nan,nan,-0.00999999977648,2,0,0,1,,
1536691756904982072,11056,1536691756903885400,,0.0,0.00999999977648,nan,nan,nan,-0.00999999977648,2,0,0,1,,
1536691756968775736,11057,1536691756968534744,,0.0,0.00999999977648,nan,nan,nan,-0.00999999977648,2,0,0,1,,
1536691757005457880,11058,1536691757004521304,,0.0,0.00999999977648,nan,nan,nan,-0.00999999977648,2,0,0,1,,
1536691757106090488,11059,1536691757105839448,,0.0,0.00999999977648,nan,nan,nan,-0.00999999977648,2,0,0,1,,
1536691757165802136,11060,1536691757165466488,,0.0,0.00999999977648,nan,nan,nan,-0.00999999977648,2,0,0,1,,
1536691757195221112,11061,1536691757194868280,,0.0,0.00999999977648,nan,nan,nan,-0.00999999977648,2,0,0,1,,
1536691757248312824,11062,1536691757248099704,,0.0,0.00999999977648,nan,nan,nan,-0.00999999977648,2,0,0,1,,
1536691757307864888,11063,1536691757307456792,,0.0,0.00999999977648,nan,nan,nan,-0.00999999977648,2,0,0,1,,
1536691757368779224,11064,1536691757368547384,,0.0,0.00999999977648,nan,nan,nan,-0.00999999977648,2,0,0,1,,
1536691757420888088,11065,1536691757419071128,,0.0,0.00999999977648,nan,nan,nan,-0.00999999977648,2,0,0,1,,
1536691757478459992,11066,1536691757477753752,,0.0,0.00999999977648,nan,nan,nan,-0.00999999977648,2,0,0,1,,
1536691757506157592,11067,1536691757505987512,,0.0,0.00999999977648,nan,nan,nan,-0.00999999977648,2,0,0,1,,
1536691757545686040,11068,1536691757545083256,,0.0,0.00999999977648,nan,nan,nan,-0.00999999977648,2,0,0,1,,
1536691757611912312,11069,1536691757611607384,,0.0,0.00999999977648,nan,nan,nan,-0.00999999977648,2,0,0,1,,
1536691757680950552,11070,1536691757680659480,,0.0,0.00999999977648,nan,nan,nan,-0.00999999977648,2,0,0,1,,
1536691757706337240,11071,1536691757706112856,,0.0,0.00999999977648,nan,nan,nan,-0.00999999977648,2,0,0,1,,
1536691757758554360,11072,1536691757758213112,,0.0,0.00999999977648,nan,nan,nan,-0.00999999977648,2,0,0,1,,
1536691757814478744,11073,1536691757814276312,,0.0,0.00999999977648,nan,nan,nan,-0.00999999977648,2,0,0,1,,
1536691757858115896,11074,1536691757857909208,,0.0,0.00999999977648,nan,nan,nan,-0.00999999977648,2,0,0,1,,
1536691757891442584,11075,1536691757891221944,,0.0,0.00999999977648,nan,nan,nan,-0.00999999977648,2,0,0,1,,
1536691757936065432,11076,1536691757935218072,,0.0,0.00999999977648,nan,nan,nan,-0.00999999977648,2,0,0,1,,
1536691757997576920,11077,1536691757997313144,,0.0,0.00999999977648,nan,nan,nan,-0.00999999977648,2,0,0,1,,
1536691758041500056,11078,1536691758041279800,,0.0,0.00999999977648,nan,nan,nan,-0.00999999977648,2,0,0,1,,
1536691758095323576,11079,1536691758095068632,,0.0,0.00999999977648,nan,nan,nan,-0.00999999977648,2,0,0,1,,
1536691758125878520,11080,1536691758125621240,,0.0,0.00999999977648,nan,nan,nan,-0.00999999977648,2,0,0,1,,
1536691758155811384,11081,1536691758155346488,,0.0,0.00999999977648,nan,nan,nan,-0.00999999977648,2,0,0,1,,
1536691758197318872,11082,1536691758197079544,,0.0,0.00999999977648,nan,nan,nan,-0.00999999977648,2,0,0,1,,
1536691758264983960,11083,1536691758264700792,,0.0,0.00999999977648,nan,nan,nan,-0.00999999977648,2,0,0,1,,
1536691758324223832,11084,1536691758324019288,,0.0,0.00999999977648,nan,nan,nan,-0.00999999977648,2,0,0,1,,
1536691758348530360,11085,1536691758348276312,,0.0,0.00999999977648,nan,nan,nan,-0.00999999977648,2,0,0,1,,
1536691758441999544,11086,1536691758441690392,,0.0,0.00999999977648,nan,nan,nan,-0.00999999977648,2,0,0,1,,
1536691758471466648,11087,1536691758471189720,,0.0,0.00999999977648,nan,nan,nan,-0.00999999977648,2,0,0,1,,
1536691758522920888,11088,1536691758522706648,,0.0,0.00999999977648,nan,nan,nan,-0.00999999977648,2,0,0,1,,
1536691758550819032,11089,1536691758550614680,,0.0,0.00999999977648,nan,nan,nan,-0.00999999977648,2,0,0,1,,
1536691758623310616,11090,1536691758622919640,,0.0,0.00999999977648,nan,nan,nan,-0.00999999977648,2,0,0,1,,
1536691758646651288,11091,1536691758646419416,,0.0,0.00999999977648,nan,nan,nan,-0.00999999977648,2,0,0,1,,
1536691758720172632,11092,1536691758719875128,,0.0,0.00999999977648,nan,nan,nan,-0.00999999977648,2,0,0,1,,
1536691758752855992,11093,1536691758752144504,,0.0,0.00999999977648,nan,nan,nan,-0.00999999977648,2,0,0,1,,
1536691758817775096,11094,1536691758817563800,,0.0,0.00999999977648,nan,nan,nan,-0.00999999977648,2,0,0,1,,
1536691758918172664,11095,1536691758917912888,,0.0,0.00999999977648,nan,nan,nan,-0.00999999977648,2,0,0,1,,
1536691758946771608,11096,1536691758946529048,,0.0,0.00999999977648,nan,nan,nan,-0.00999999977648,2,0,0,1,,
1536691759015380952,11097,1536691759015088568,,0.0,0.00999999977648,nan,nan,nan,-0.00999999977648,2,0,0,1,,
1536691759058090072,11098,1536691759057907032,,0.0,0.00999999977648,nan,nan,nan,-0.00999999977648,2,0,0,1,,
1536691759086461016,11099,1536691759086109976,,0.0,0.00999999977648,nan,nan,nan,-0.00999999977648,2,0,0,1,,
1536691759156726904,11100,1536691759156374360,,0.0,0.00999999977648,nan,nan,nan,-0.00999999977648,2,0,0,1,,
1536691759199673720,11101,1536691759199243576,,0.0,0.00999999977648,nan,nan,nan,-0.00999999977648,2,0,0,1,,
1536691759286101080,11102,1536691759285738360,,0.0,0.00999999977648,nan,nan,nan,-0.00999999977648,2,0,0,1,,
1536691759318836984,11103,1536691759318638488,,0.0,0.00999999977648,nan,nan,nan,-0.00999999977648,2,0,0,1,,
1536691759379598392,11104,1536691759379198520,,0.0,0.00999999977648,nan,nan,nan,-0.00999999977648,2,0,0,1,,
1536691759408703736,11105,1536691759408368504,,0.0,0.00999999977648,nan,nan,nan,-0.00999999977648,2,0,0,1,,
1536691759519563640,11106,1536691759519163800,,0.0,0.00999999977648,nan,nan,nan,-0.00999999977648,2,0,0,1,,
1536691759571217752,11107,1536691759571000664,,0.0,0.00999999977648,nan,nan,nan,-0.00999999977648,2,0,0,1,,
1536691759602062296,11108,1536691759601729272,,0.0,0.00999999977648,nan,nan,nan,-0.00999999977648,2,0,0,1,,
1536691759633634296,11109,1536691759633005464,,0.0,0.00999999977648,nan,nan,nan,-0.00999999977648,2,0,0,1,,
1536691759680843032,11110,1536691759680540728,,0.0,0.00999999977648,nan,nan,nan,-0.00999999977648,2,0,0,1,,
1536691759730341112,11111,1536691759730119640,,0.0,0.00999999977648,nan,nan,nan,-0.00999999977648,2,0,0,1,,
1536691759787463256,11112,1536691759786980952,,0.0,0.00999999977648,nan,nan,nan,-0.00999999977648,2,0,0,1,,
1536691759834864120,11113,1536691759834675864,,0.0,0.00999999977648,nan,nan,nan,-0.00999999977648,2,0,0,1,,
1536691759872243992,11114,1536691759872074776,,0.0,0.00999999977648,nan,nan,nan,-0.00999999977648,2,0,0,1,,
1536691759957941880,11115,1536691759957625688,,0.0,0.00999999977648,nan,nan,nan,-0.00999999977648,2,0,0,1,,
1536691759989782424,11116,1536691759988481336,,0.0,0.00999999977648,nan,nan,nan,-0.00999999977648,2,0,0,1,,
1536691760068697528,11117,1536691760068459736,,0.0,0.00999999977648,nan,nan,nan,-0.00999999977648,2,0,0,1,,
1536691760119124152,11118,1536691760118777880,,0.0,0.00999999977648,nan,nan,nan,-0.00999999977648,2,0,0,1,,
1536691760154120216,11119,1536691760153899480,,0.0,0.00999999977648,nan,nan,nan,-0.00999999977648,2,0,0,1,,
1536691760180521720,11120,1536691760180273176,,0.0,0.00999999977648,nan,nan,nan,-0.00999999977648,2,0,0,1,,
1536691760242228376,11121,1536691760241984376,,0.0,0.00999999977648,nan,nan,nan,-0.00999999977648,2,0,0,1,,
1536691760263241144,11122,1536691760262957528,,0.0,0.00999999977648,nan,nan,nan,-0.00999999977648,2,0,0,1,,
1536691760357342008,11123,1536691760357113752,,0.0,0.00999999977648,nan,nan,nan,-0.00999999977648,2,0,0,1,,
1536691760378433144,11124,1536691760378092600,,0.0,0.00999999977648,nan,nan,nan,-0.00999999977648,2,0,0,1,,
1536691760448605432,11125,1536691760448414904,,0.0,0.00999999977648,nan,nan,nan,-0.00999999977648,2,0,0,1,,
1536691760484878680,11126,1536691760484595640,,0.0,0.00999999977648,nan,nan,nan,-0.00999999977648,2,0,0,1,,
1536691760560488472,11127,1536691760556513720,,0.0,0.00999999977648,nan,nan,nan,-0.00999999977648,2,0,0,1,,
1536691760584464984,11128,1536691760583966040,,0.0,0.00999999977648,nan,nan,nan,-0.00999999977648,2,0,0,1,,
1536691760645459864,11129,1536691760645195928,,0.0,0.00999999977648,nan,nan,nan,-0.00999999977648,2,0,0,1,,
1536691760686967736,11130,1536691760686478680,,0.0,0.00999999977648,nan,nan,nan,-0.00999999977648,2,0,0,1,,
1536691760745117688,11131,1536691760744896056,,0.0,0.00999999977648,nan,nan,nan,-0.00999999977648,2,0,0,1,,
1536691760763402456,11132,1536691760763174808,,0.0,0.00999999977648,nan,nan,nan,-0.00999999977648,2,0,0,1,,
1536691760827523320,11133,1536691760827297272,,0.0,0.00999999977648,nan,nan,nan,-0.00999999977648,2,0,0,1,,
1536691760855143512,11134,1536691760854264856,,0.0,0.00999999977648,nan,nan,nan,-0.00999999977648,2,0,0,1,,
1536691760924317048,11135,1536691760923928376,,0.0,0.00999999977648,nan,nan,nan,-0.00999999977648,2,0,0,1,,
1536691760938606104,11136,1536691760934120504,,0.0,0.00999999977648,nan,nan,nan,-0.00999999977648,2,0,0,1,,
1536691760955328888,11137,1536691760954826008,,0.0,0.00999999977648,nan,nan,nan,-0.00999999977648,2,0,0,1,,
