%time,field.x,field.y,field.z
1539875881002986376,0.0528764612973,0.00896992906928,3.05469007889
1539875881023052776,0.0528764612973,0.00896992906928,3.05469007889
1539875881042964456,0.0528764612973,0.00896992906928,3.05469007889
1539875881063327816,0.0528764612973,0.00896992906928,3.05469007889
1539875881083111048,0.0528764612973,0.00896992906928,3.05469007889
1539875881103315976,0.0528764612973,0.00896992906928,3.05469007889
1539875881124378184,0.0528764612973,0.00896992906928,3.05469007889
1539875881143116232,0.0528764612973,0.00896992906928,3.05469007889
1539875881162962440,0.0528764612973,0.00896992906928,3.05469007889
1539875881186363432,0.0528764612973,0.00896992906928,3.05469007889
1539875881203723176,0.0528764612973,0.00896992906928,3.05469007889
1539875881224531592,0.0528764612973,0.00896992906928,3.05469007889
1539875881244138920,0.0528764612973,0.00896992906928,3.05469007889
1539875881264017128,0.0528764612973,0.00896992906928,3.05469007889
1539875881284611560,0.0528764612973,0.00896992906928,3.05469007889
1539875881305560808,0.0528764612973,0.00896992906928,3.05469007889
1539875881326027688,0.0528764612973,0.00896992906928,3.05469007889
1539875881344426280,0.0528764612973,0.00896992906928,3.05469007889
1539875881374237320,0.0528764612973,0.00896992906928,3.05469007889
1539875881384406536,0.0210585016757,0.00825768150389,3.06752677361
1539875881404242984,0.0210585016757,0.00825768150389,3.06752677361
1539875881424831624,0.0210585016757,0.00825768150389,3.06752677361
1539875881444324712,0.0210585016757,0.00825768150389,3.06752677361
1539875881464524936,0.0210585016757,0.00825768150389,3.06752677361
1539875881484688136,0.0210585016757,0.00825768150389,3.06752677361
1539875881505598120,0.0210585016757,0.00825768150389,3.06752677361
1539875881525763176,0.0210585016757,0.00825768150389,3.06752677361
1539875881544665256,0.0210585016757,0.00825768150389,3.06752677361
1539875881564749064,0.0210585016757,0.00825768150389,3.06752677361
1539875881585194312,0.0210585016757,0.00825768150389,3.06752677361
1539875881608874056,0.0210585016757,0.00825768150389,3.06752677361
1539875881624312776,0.0210585016757,0.00825768150389,3.06752677361
1539875881644554856,0.0210585016757,0.00825768150389,3.06752677361
1539875881663376968,0.110410608351,0.0106131499633,3.04121990601
1539875881685725032,0.110410608351,0.0106131499633,3.04121990601
1539875881705187816,0.110410608351,0.0106131499633,3.04121990601
1539875881725572520,0.110410608351,0.0106131499633,3.04121990601
1539875881744472872,0.110410608351,0.0106131499633,3.04121990601
1539875881765266952,0.110410608351,0.0106131499633,3.04121990601
1539875881785906984,0.110410608351,0.0106131499633,3.04121990601
1539875881808215368,0.110410608351,0.0106131499633,3.04121990601
1539875881824753736,0.110410608351,0.0106131499633,3.04121990601
1539875881844312520,0.110410608351,0.0106131499633,3.04121990601
1539875881865560968,0.110410608351,0.0106131499633,3.04121990601
1539875881884502184,0.110410608351,0.0106131499633,3.04121990601
1539875881904992328,0.110410608351,0.0106131499633,3.04121990601
1539875881925049512,0.110410608351,0.0106131499633,3.04121990601
1539875881945392712,0.110410608351,0.0106131499633,3.04121990601
1539875881963776200,0.110410608351,0.0106131499633,3.04121990601
1539875881983996648,0.110410608351,0.0106131499633,3.04121990601
1539875882003988072,0.110410608351,0.0106131499633,3.04121990601
1539875882024041576,0.110410608351,0.0106131499633,3.04121990601
1539875882044432264,0.110410608351,0.0106131499633,3.04121990601
1539875882064672200,0.110410608351,0.0106131499633,3.04121990601
1539875882085998056,0.110410608351,0.0106131499633,3.04121990601
1539875882105008136,0.110410608351,0.0106131499633,3.04121990601
1539875882124767752,0.110410608351,0.0106131499633,3.04121990601
1539875882146342792,0.110410608351,0.0106131499633,3.04121990601
1539875882163855112,0.476910144091,0.0399098470807,2.99313433568
1539875882184069064,0.476910144091,0.0399098470807,2.99313433568
1539875882203977192,0.476910144091,0.0399098470807,2.99313433568
1539875882224894984,0.476910144091,0.0399098470807,2.99313433568
1539875882243770216,0.476910144091,0.0399098470807,2.99313433568
1539875882264033320,0.476910144091,0.0399098470807,2.99313433568
1539875882285302536,0.476910144091,0.0399098470807,2.99313433568
1539875882304407240,0.476910144091,0.0399098470807,2.99313433568
1539875882325058760,0.476910144091,0.0399098470807,2.99313433568
1539875882345191112,0.476910144091,0.0399098470807,2.99313433568
1539875882368579208,0.476910144091,0.0399098470807,2.99313433568
1539875882383931880,0.476910144091,0.0399098470807,2.99313433568
1539875882404064712,0.476910144091,0.0399098470807,2.99313433568
1539875882423481000,0.510043859482,0.061309568584,2.96930296818
1539875882444235816,0.510043859482,0.061309568584,2.96930296818
1539875882463931400,0.510043859482,0.061309568584,2.96930296818
1539875882484138440,0.510043859482,0.061309568584,2.96930296818
1539875882505096808,0.510043859482,0.061309568584,2.96930296818
1539875882525246280,0.510043859482,0.061309568584,2.96930296818
1539875882543932072,0.510043859482,0.061309568584,2.96930296818
1539875882563925960,0.510043859482,0.061309568584,2.96930296818
1539875882583969800,0.510043859482,0.061309568584,2.96930296818
1539875882603791944,0.510043859482,0.061309568584,2.96930296818
1539875882624193768,0.510043859482,0.061309568584,2.96930296818
1539875882644112008,0.510043859482,0.061309568584,2.96930296818
1539875882663301864,0.510043859482,0.061309568584,2.96930296818
1539875882687230056,0.510043859482,0.061309568584,2.96930296818
1539875882704186056,0.510043859482,0.061309568584,2.96930296818
1539875882725313064,0.510043859482,0.061309568584,2.96930296818
1539875882744002056,0.510043859482,0.061309568584,2.96930296818
1539875882763878024,0.510043859482,0.061309568584,2.96930296818
1539875882783845480,0.510043859482,0.061309568584,2.96930296818
1539875882803781672,0.510043859482,0.061309568584,2.96930296818
1539875882824759976,0.510043859482,0.061309568584,2.96930296818
1539875882843740648,0.510043859482,0.061309568584,2.96930296818
1539875882863958568,0.510043859482,0.061309568584,2.96930296818
1539875882884275496,0.510043859482,0.061309568584,2.96930296818
1539875882904691848,0.4700127244,0.15561825037,2.87975986401
1539875882924198376,0.4700127244,0.15561825037,2.87975986401
1539875882944015784,0.4700127244,0.15561825037,2.87975986401
1539875882963932264,0.4700127244,0.15561825037,2.87975986401
1539875882983787336,0.4700127244,0.15561825037,2.87975986401
1539875883003845736,0.4700127244,0.15561825037,2.87975986401
1539875883023899688,0.4700127244,0.15561825037,2.87975986401
1539875883043889128,0.4700127244,0.15561825037,2.87975986401
1539875883064497032,0.4700127244,0.15561825037,2.87975986401
1539875883084745992,0.4700127244,0.15561825037,2.87975986401
1539875883104606952,0.4700127244,0.15561825037,2.87975986401
1539875883125545256,0.4700127244,0.15561825037,2.87975986401
1539875883147361032,0.4700127244,0.15561825037,2.87975986401
1539875883163794408,0.4700127244,0.15561825037,2.87975986401
1539875883184494376,0.4700127244,0.15561825037,2.87975986401
1539875883203802184,0.4700127244,0.15561825037,2.87975986401
1539875883223906088,0.4700127244,0.15561825037,2.87975986401
1539875883243766856,0.4700127244,0.15561825037,2.87975986401
1539875883264262504,0.4700127244,0.15561825037,2.87975986401
1539875883284462824,0.4700127244,0.15561825037,2.87975986401
1539875883306611272,0.4700127244,0.15561825037,2.87975986401
1539875883330740872,0.4700127244,0.15561825037,2.87975986401
1539875883344683976,0.4700127244,0.15561825037,2.87975986401
1539875883364303720,0.4700127244,0.15561825037,2.87975986401
1539875883384318120,0.4700127244,0.15561825037,2.87975986401
1539875883404053288,0.432160466909,0.258178502321,2.77554424206
1539875883426254088,0.432160466909,0.258178502321,2.77554424206
1539875883444038088,0.432160466909,0.258178502321,2.77554424206
1539875883463876328,0.432160466909,0.258178502321,2.77554424206
1539875883483997928,0.432160466909,0.258178502321,2.77554424206
1539875883504355208,0.432160466909,0.258178502321,2.77554424206
1539875883530400872,0.432160466909,0.258178502321,2.77554424206
1539875883544722376,0.432160466909,0.258178502321,2.77554424206
1539875883563895368,0.432160466909,0.258178502321,2.77554424206
1539875883583821736,0.432160466909,0.258178502321,2.77554424206
1539875883604080200,0.432160466909,0.258178502321,2.77554424206
1539875883623374216,0.432160466909,0.258178502321,2.77554424206
1539875883643836840,0.432160466909,0.258178502321,2.77554424206
1539875883666014216,0.432160466909,0.258178502321,2.77554424206
1539875883684532552,0.432160466909,0.258178502321,2.77554424206
1539875883705227656,0.432160466909,0.258178502321,2.77554424206
1539875883724904104,0.432160466909,0.258178502321,2.77554424206
1539875883743919720,0.432160466909,0.258178502321,2.77554424206
1539875883764198600,0.432160466909,0.258178502321,2.77554424206
1539875883783974504,0.432160466909,0.258178502321,2.77554424206
1539875883803849640,0.432160466909,0.258178502321,2.77554424206
1539875883824141352,0.432160466909,0.258178502321,2.77554424206
1539875883843621992,0.432160466909,0.258178502321,2.77554424206
1539875883864104136,0.432160466909,0.258178502321,2.77554424206
1539875883883787208,0.347124695778,0.295489668846,2.7244709293
1539875883903940936,0.347124695778,0.295489668846,2.7244709293
1539875883924527784,0.347124695778,0.295489668846,2.7244709293
1539875883944186440,0.347124695778,0.295489668846,2.7244709293
1539875883963761032,0.347124695778,0.295489668846,2.7244709293
1539875883984409096,0.347124695778,0.295489668846,2.7244709293
1539875884004045960,0.347124695778,0.295489668846,2.7244709293
1539875884023874504,0.347124695778,0.295489668846,2.7244709293
1539875884043659912,0.347124695778,0.295489668846,2.7244709293
1539875884063657352,0.347124695778,0.295489668846,2.7244709293
1539875884083420520,0.282857775688,0.319310158491,2.68575318257
1539875884104143336,0.282857775688,0.319310158491,2.68575318257
1539875884134578952,0.282857775688,0.319310158491,2.68575318257
1539875884144207112,0.282857775688,0.319310158491,2.68575318257
1539875884164108456,0.282857775688,0.319310158491,2.68575318257
1539875884183767208,0.282857775688,0.319310158491,2.68575318257
1539875884203656488,0.282857775688,0.319310158491,2.68575318257
1539875884223991752,0.282857775688,0.319310158491,2.68575318257
1539875884243697544,0.282857775688,0.319310158491,2.68575318257
1539875884264045864,0.282857775688,0.319310158491,2.68575318257
1539875884284526760,0.282857775688,0.319310158491,2.68575318257
1539875884304158536,0.282857775688,0.319310158491,2.68575318257
1539875884324837896,0.282857775688,0.319310158491,2.68575318257
1539875884345345864,0.282857775688,0.319310158491,2.68575318257
1539875884364469064,0.282857775688,0.319310158491,2.68575318257
1539875884384173736,0.282857775688,0.319310158491,2.68575318257
1539875884405595400,0.282857775688,0.319310158491,2.68575318257
1539875884425471560,0.282857775688,0.319310158491,2.68575318257
1539875884443511368,0.282857775688,0.319310158491,2.68575318257
1539875884463248104,0.282857775688,0.319310158491,2.68575318257
1539875884483307016,0.282857775688,0.319310158491,2.68575318257
1539875884503458632,0.282857775688,0.319310158491,2.68575318257
1539875884523541576,0.282857775688,0.319310158491,2.68575318257
1539875884543377160,0.282857775688,0.319310158491,2.68575318257
1539875884564553704,0.282857775688,0.319310158491,2.68575318257
1539875884583416264,0.282857775688,0.319310158491,2.68575318257
1539875884603166728,0.194677859545,0.33477768302,2.63373227517
1539875884623623496,0.194677859545,0.33477768302,2.63373227517
1539875884643562536,0.194677859545,0.33477768302,2.63373227517
1539875884664305672,0.194677859545,0.33477768302,2.63373227517
1539875884683761480,0.194677859545,0.33477768302,2.63373227517
1539875884704120424,0.194677859545,0.33477768302,2.63373227517
1539875884725061224,0.194677859545,0.33477768302,2.63373227517
1539875884749728552,0.194677859545,0.33477768302,2.63373227517
1539875884763794984,0.194677859545,0.33477768302,2.63373227517
1539875884784441256,0.194677859545,0.33477768302,2.63373227517
1539875884804116904,0.194677859545,0.33477768302,2.63373227517
1539875884824366440,0.194677859545,0.33477768302,2.63373227517
1539875884843648008,0.194677859545,0.33477768302,2.63373227517
1539875884863643656,0.194677859545,0.33477768302,2.63373227517
1539875884884417576,0.194677859545,0.33477768302,2.63373227517
1539875884903475816,0.184571444988,0.329993963242,2.6255365173
1539875884924338536,0.184571444988,0.329993963242,2.6255365173
1539875884943820136,0.184571444988,0.329993963242,2.6255365173
1539875884963901096,0.184571444988,0.329993963242,2.6255365173
1539875884984197448,0.184571444988,0.329993963242,2.6255365173
1539875885004346344,0.184571444988,0.329993963242,2.6255365173
1539875885024147720,0.184571444988,0.329993963242,2.6255365173
1539875885043923048,0.184571444988,0.329993963242,2.6255365173
1539875885063693960,0.184571444988,0.329993963242,2.6255365173
1539875885084405256,0.184571444988,0.329993963242,2.6255365173
1539875885103923144,0.184571444988,0.329993963242,2.6255365173
1539875885123882504,0.184571444988,0.329993963242,2.6255365173
1539875885144929416,0.184571444988,0.329993963242,2.6255365173
1539875885163743176,0.184571444988,0.329993963242,2.6255365173
1539875885183649576,0.184571444988,0.329993963242,2.6255365173
1539875885203919784,0.184571444988,0.329993963242,2.6255365173
1539875885223552008,0.184571444988,0.329993963242,2.6255365173
1539875885243672392,0.184571444988,0.329993963242,2.6255365173
1539875885263886440,0.184571444988,0.329993963242,2.6255365173
1539875885283873160,0.184571444988,0.329993963242,2.6255365173
1539875885303504744,0.135166436434,0.318880438805,2.61726649205
1539875885327302312,0.135166436434,0.318880438805,2.61726649205
1539875885344534856,0.135166436434,0.318880438805,2.61726649205
1539875885363663944,0.135166436434,0.318880438805,2.61726649205
1539875885384072936,0.135166436434,0.318880438805,2.61726649205
1539875885403571240,0.135166436434,0.318880438805,2.61726649205
1539875885423900616,0.135166436434,0.318880438805,2.61726649205
1539875885443754376,0.135166436434,0.318880438805,2.61726649205
1539875885464725032,0.135166436434,0.318880438805,2.61726649205
1539875885484198536,0.135166436434,0.318880438805,2.61726649205
1539875885504397096,0.135166436434,0.318880438805,2.61726649205
1539875885524742440,0.135166436434,0.318880438805,2.61726649205
1539875885544372648,0.135166436434,0.318880438805,2.61726649205
1539875885563345096,0.135166436434,0.318880438805,2.61726649205
1539875885584082376,0.135166436434,0.318880438805,2.61726649205
1539875885604198504,0.135166436434,0.318880438805,2.61726649205
1539875885623805160,0.135166436434,0.318880438805,2.61726649205
1539875885644114664,0.135166436434,0.318880438805,2.61726649205
1539875885663680680,0.135166436434,0.318880438805,2.61726649205
1539875885683586536,0.135166436434,0.318880438805,2.61726649205
1539875885703901576,0.135166436434,0.318880438805,2.61726649205
1539875885724049000,0.135166436434,0.318880438805,2.61726649205
1539875885745601192,0.135166436434,0.318880438805,2.61726649205
1539875885763522280,0.0627866834402,0.30862864852,2.58278401295
1539875885783657864,0.0627866834402,0.30862864852,2.58278401295
1539875885804434024,0.0627866834402,0.30862864852,2.58278401295
1539875885823609448,0.0627866834402,0.30862864852,2.58278401295
1539875885843923528,0.0627866834402,0.30862864852,2.58278401295
1539875885863627336,0.0627866834402,0.30862864852,2.58278401295
1539875885884074216,0.0627866834402,0.30862864852,2.58278401295
1539875885903891272,0.0627866834402,0.30862864852,2.58278401295
1539875885925066888,0.0627866834402,0.30862864852,2.58278401295
1539875885944423432,0.0627866834402,0.30862864852,2.58278401295
1539875885963816264,0.0627866834402,0.30862864852,2.58278401295
1539875885984289064,0.0627866834402,0.30862864852,2.58278401295
1539875886004298472,0.0627866834402,0.30862864852,2.58278401295
1539875886024675144,0.0627866834402,0.30862864852,2.58278401295
1539875886043745896,0.0630211159587,0.303828626871,2.55541713635
1539875886066983496,0.0630211159587,0.303828626871,2.55541713635
1539875886084504776,0.0630211159587,0.303828626871,2.55541713635
1539875886104345288,0.0630211159587,0.303828626871,2.55541713635
1539875886129486216,0.0630211159587,0.303828626871,2.55541713635
1539875886144305832,0.0630211159587,0.303828626871,2.55541713635
1539875886164090472,0.0630211159587,0.303828626871,2.55541713635
1539875886185194728,0.0630211159587,0.303828626871,2.55541713635
1539875886204342408,0.0630211159587,0.303828626871,2.55541713635
1539875886224777480,0.0630211159587,0.303828626871,2.55541713635
1539875886244207976,0.0630211159587,0.303828626871,2.55541713635
1539875886263750440,0.0630211159587,0.303828626871,2.55541713635
1539875886283746952,0.0831110924482,0.286932319403,2.54813493887
1539875886303934792,0.0831110924482,0.286932319403,2.54813493887
1539875886324477960,0.0831110924482,0.286932319403,2.54813493887
1539875886344617736,0.0831110924482,0.286932319403,2.54813493887
1539875886363942248,0.0831110924482,0.286932319403,2.54813493887
1539875886384683208,0.0831110924482,0.286932319403,2.54813493887
1539875886405884136,0.0831110924482,0.286932319403,2.54813493887
1539875886424308808,0.0831110924482,0.286932319403,2.54813493887
1539875886445546664,0.0831110924482,0.286932319403,2.54813493887
1539875886464740840,0.0831110924482,0.286932319403,2.54813493887
1539875886483552200,0.0831110924482,0.286932319403,2.54813493887
1539875886504166056,0.0831110924482,0.286932319403,2.54813493887
1539875886523598888,0.0831110924482,0.286932319403,2.54813493887
1539875886544355240,0.0831110924482,0.286932319403,2.54813493887
1539875886564126376,0.0831110924482,0.286932319403,2.54813493887
1539875886584454760,0.0831110924482,0.286932319403,2.54813493887
1539875886604159784,0.0831110924482,0.286932319403,2.54813493887
1539875886624879816,0.0831110924482,0.286932319403,2.54813493887
1539875886644966216,0.0831110924482,0.286932319403,2.54813493887
1539875886663657640,0.0831110924482,0.286932319403,2.54813493887
1539875886684302472,0.0831110924482,0.286932319403,2.54813493887
1539875886703977128,0.0831110924482,0.286932319403,2.54813493887
1539875886724574920,0.0831110924482,0.286932319403,2.54813493887
1539875886744073224,0.118238210678,0.26320925355,2.57856245438
1539875886763726536,0.118238210678,0.26320925355,2.57856245438
1539875886783814376,0.118238210678,0.26320925355,2.57856245438
1539875886804135688,0.118238210678,0.26320925355,2.57856245438
1539875886826841640,0.118238210678,0.26320925355,2.57856245438
1539875886846461896,0.118238210678,0.26320925355,2.57856245438
1539875886863583560,0.118238210678,0.26320925355,2.57856245438
1539875886884668872,0.118238210678,0.26320925355,2.57856245438
1539875886904031656,0.118238210678,0.26320925355,2.57856245438
1539875886924248520,0.118238210678,0.26320925355,2.57856245438
1539875886944142248,0.118238210678,0.26320925355,2.57856245438
1539875886963815272,0.118238210678,0.26320925355,2.57856245438
1539875886983761576,0.118238210678,0.26320925355,2.57856245438
1539875887003668744,0.118238210678,0.26320925355,2.57856245438
1539875887027281992,0.118238210678,0.26320925355,2.57856245438
1539875887044569576,0.118238210678,0.26320925355,2.57856245438
1539875887063998088,0.118238210678,0.26320925355,2.57856245438
1539875887084030408,0.118238210678,0.26320925355,2.57856245438
1539875887105250920,0.118238210678,0.26320925355,2.57856245438
1539875887124262184,0.118238210678,0.26320925355,2.57856245438
1539875887144122920,0.118238210678,0.26320925355,2.57856245438
1539875887163623240,0.118238210678,0.26320925355,2.57856245438
1539875887183568104,0.118238210678,0.26320925355,2.57856245438
1539875887203583528,0.118238210678,0.26320925355,2.57856245438
1539875887226156360,0.118238210678,0.26320925355,2.57856245438
1539875887243851144,0.118238210678,0.26320925355,2.57856245438
1539875887266416712,0.0348111018538,0.246994942427,2.59683163563
1539875887284277608,0.0348111018538,0.246994942427,2.59683163563
1539875887304629640,0.0348111018538,0.246994942427,2.59683163563
1539875887326463528,0.0348111018538,0.246994942427,2.59683163563
1539875887344759176,0.0348111018538,0.246994942427,2.59683163563
1539875887363811112,0.0348111018538,0.246994942427,2.59683163563
1539875887384258088,0.0348111018538,0.246994942427,2.59683163563
1539875887403878088,0.0348111018538,0.246994942427,2.59683163563
1539875887427519752,0.0348111018538,0.246994942427,2.59683163563
1539875887444591592,0.0348111018538,0.246994942427,2.59683163563
1539875887463790856,0.0348111018538,0.246994942427,2.59683163563
1539875887483656616,0.0348111018538,0.246994942427,2.59683163563
1539875887503743112,0.0348111018538,0.246994942427,2.59683163563
1539875887524277480,0.0348111018538,0.246994942427,2.59683163563
1539875887544589224,0.0348111018538,0.246994942427,2.59683163563
1539875887563682280,0.0348111018538,0.246994942427,2.59683163563
1539875887583382408,0.0348111018538,0.246994942427,2.59683163563
1539875887604181704,0.0348111018538,0.246994942427,2.59683163563
1539875887624025928,0.0348111018538,0.246994942427,2.59683163563
1539875887644480264,0.0348111018538,0.246994942427,2.59683163563
1539875887669094984,0.0348111018538,0.246994942427,2.59683163563
1539875887684549896,-0.0598951131105,0.185941159725,2.52468718688
1539875887703533896,-0.0598951131105,0.185941159725,2.52468718688
1539875887724182408,-0.0598951131105,0.185941159725,2.52468718688
1539875887744335560,-0.0598951131105,0.185941159725,2.52468718688
1539875887763851336,-0.0598951131105,0.185941159725,2.52468718688
1539875887783649960,-0.0598951131105,0.185941159725,2.52468718688
1539875887804094280,-0.0598951131105,0.185941159725,2.52468718688
1539875887825097960,-0.0598951131105,0.185941159725,2.52468718688
1539875887845098760,-0.0598951131105,0.185941159725,2.52468718688
1539875887863978056,-0.0598951131105,0.185941159725,2.52468718688
1539875887883524104,-0.0598951131105,0.185941159725,2.52468718688
1539875887904190088,-0.0598951131105,0.185941159725,2.52468718688
1539875887924823016,-0.0598951131105,0.185941159725,2.52468718688
1539875887943497832,0.0271948687732,0.0773895829916,2.53140254418
1539875887966502888,0.0271948687732,0.0773895829916,2.53140254418
1539875887983736328,0.0271948687732,0.0773895829916,2.53140254418
1539875888003410280,0.0271948687732,0.0773895829916,2.53140254418
1539875888024318152,0.0271948687732,0.0773895829916,2.53140254418
1539875888043491304,0.0271948687732,0.0773895829916,2.53140254418
1539875888063637224,0.0271948687732,0.0773895829916,2.53140254418
1539875888083712968,0.0271948687732,0.0773895829916,2.53140254418
1539875888104732616,0.0271948687732,0.0773895829916,2.53140254418
1539875888125015560,0.0271948687732,0.0773895829916,2.53140254418
1539875888143359592,0.0271948687732,0.0773895829916,2.53140254418
1539875888163855464,0.0271948687732,0.0773895829916,2.53140254418
1539875888183411208,0.0271948687732,0.0773895829916,2.53140254418
1539875888203477288,0.0271948687732,0.0773895829916,2.53140254418
1539875888224026120,0.0271948687732,0.0773895829916,2.53140254418
1539875888243667432,0.0271948687732,0.0773895829916,2.53140254418
1539875888263733224,0.0271948687732,0.0773895829916,2.53140254418
1539875888284208040,0.0271948687732,0.0773895829916,2.53140254418
1539875888303697032,0.0271948687732,0.0773895829916,2.53140254418
1539875888324677256,0.0271948687732,0.0773895829916,2.53140254418
1539875888343475784,0.0271948687732,0.0773895829916,2.53140254418
1539875888363422312,0.0271948687732,0.0773895829916,2.53140254418
1539875888383684552,0.0271948687732,0.0773895829916,2.53140254418
1539875888403858888,0.103515446186,-0.0650158599019,2.57416422764
1539875888423821064,0.103515446186,-0.0650158599019,2.57416422764
1539875888445391720,0.103515446186,-0.0650158599019,2.57416422764
1539875888464041672,0.103515446186,-0.0650158599019,2.57416422764
1539875888483663080,0.103515446186,-0.0650158599019,2.57416422764
1539875888503511624,0.103515446186,-0.0650158599019,2.57416422764
1539875888523936072,0.103515446186,-0.0650158599019,2.57416422764
1539875888544140968,0.103515446186,-0.0650158599019,2.57416422764
1539875888564454280,0.103515446186,-0.0650158599019,2.57416422764
1539875888583928776,0.103515446186,-0.0650158599019,2.57416422764
1539875888604949320,0.103515446186,-0.0650158599019,2.57416422764
1539875888627259336,0.103515446186,-0.0650158599019,2.57416422764
1539875888644729000,0.103515446186,-0.0650158599019,2.57416422764
1539875888665047816,0.103515446186,-0.0650158599019,2.57416422764
1539875888683498984,0.103515446186,-0.0650158599019,2.57416422764
1539875888703528584,0.103515446186,-0.0650158599019,2.57416422764
1539875888724320008,0.103515446186,-0.0650158599019,2.57416422764
1539875888745063080,0.103515446186,-0.0650158599019,2.57416422764
1539875888763462184,0.103515446186,-0.0650158599019,2.57416422764
1539875888783416456,0.103515446186,-0.0650158599019,2.57416422764
1539875888804158408,0.103515446186,-0.0650158599019,2.57416422764
1539875888824016936,0.103515446186,-0.0650158599019,2.57416422764
1539875888843516328,0.103515446186,-0.0650158599019,2.57416422764
1539875888863447432,0.103515446186,-0.0650158599019,2.57416422764
1539875888883659848,0.0952051356435,-0.147895440459,2.53859229485
1539875888904931304,0.0952051356435,-0.147895440459,2.53859229485
1539875888923574280,0.0952051356435,-0.147895440459,2.53859229485
1539875888944508520,0.0952051356435,-0.147895440459,2.53859229485
1539875888964062632,0.0952051356435,-0.147895440459,2.53859229485
1539875888983693544,0.0952051356435,-0.147895440459,2.53859229485
1539875889003828264,0.0952051356435,-0.147895440459,2.53859229485
1539875889025007240,0.0952051356435,-0.147895440459,2.53859229485
1539875889045001576,0.0952051356435,-0.147895440459,2.53859229485
1539875889063695240,0.0952051356435,-0.147895440459,2.53859229485
1539875889083605416,0.0952051356435,-0.147895440459,2.53859229485
1539875889103688904,0.0952051356435,-0.147895440459,2.53859229485
1539875889123956008,0.0952051356435,-0.147895440459,2.53859229485
1539875889143547304,0.0952051356435,-0.147895440459,2.53859229485
1539875889163886920,0.0952051356435,-0.147895440459,2.53859229485
1539875889184832296,0.0952051356435,-0.147895440459,2.53859229485
1539875889203598408,0.0952051356435,-0.147895440459,2.53859229485
1539875889223388712,0.0952051356435,-0.147895440459,2.53859229485
1539875889246283080,0.0952051356435,-0.147895440459,2.53859229485
1539875889263711112,0.0952051356435,-0.147895440459,2.53859229485
1539875889283563240,0.0952051356435,-0.147895440459,2.53859229485
1539875889303654920,0.0952051356435,-0.147895440459,2.53859229485
1539875889324000584,0.0952051356435,-0.147895440459,2.53859229485
1539875889343490824,0.0952051356435,-0.147895440459,2.53859229485
1539875889364056008,0.0952051356435,-0.147895440459,2.53859229485
1539875889383600104,0.0952051356435,-0.147895440459,2.53859229485
1539875889403809384,0.120437927544,-0.206855744123,2.50115837256
1539875889424121736,0.120437927544,-0.206855744123,2.50115837256
1539875889444023688,0.120437927544,-0.206855744123,2.50115837256
1539875889464134184,0.120437927544,-0.206855744123,2.50115837256
1539875889484675176,0.120437927544,-0.206855744123,2.50115837256
1539875889505135464,0.120437927544,-0.206855744123,2.50115837256
1539875889523833480,0.120437927544,-0.206855744123,2.50115837256
1539875889543747176,0.120437927544,-0.206855744123,2.50115837256
1539875889564107208,0.120437927544,-0.206855744123,2.50115837256
1539875889584167144,0.120437927544,-0.206855744123,2.50115837256
1539875889604071272,0.0618368051946,-0.225773945451,2.51205815474
1539875889623693000,0.0618368051946,-0.225773945451,2.51205815474
1539875889643116744,0.0618368051946,-0.225773945451,2.51205815474
1539875889663385864,0.0618368051946,-0.225773945451,2.51205815474
1539875889683296744,0.0618368051946,-0.225773945451,2.51205815474
1539875889703258024,0.0618368051946,-0.225773945451,2.51205815474
1539875889723774216,0.0618368051946,-0.225773945451,2.51205815474
1539875889743796456,0.0618368051946,-0.225773945451,2.51205815474
1539875889763910920,0.0618368051946,-0.225773945451,2.51205815474
1539875889783295496,0.0618368051946,-0.225773945451,2.51205815474
1539875889803844680,0.0618368051946,-0.225773945451,2.51205815474
1539875889823279432,0.0618368051946,-0.225773945451,2.51205815474
1539875889844420744,0.0618368051946,-0.225773945451,2.51205815474
1539875889863288712,0.0618368051946,-0.225773945451,2.51205815474
1539875889884146760,0.0618368051946,-0.225773945451,2.51205815474
1539875889903831944,0.0618368051946,-0.225773945451,2.51205815474
1539875889923427272,0.0618368051946,-0.225773945451,2.51205815474
1539875889943781864,0.0618368051946,-0.225773945451,2.51205815474
1539875889963671400,0.0618368051946,-0.225773945451,2.51205815474
1539875889983190088,0.0618368051946,-0.225773945451,2.51205815474
1539875890003609032,0.0618368051946,-0.225773945451,2.51205815474
1539875890023407912,0.0618368051946,-0.225773945451,2.51205815474
1539875890043236072,0.0618368051946,-0.225773945451,2.51205815474
1539875890063216680,0.0618368051946,-0.225773945451,2.51205815474
1539875890083401064,0.0618368051946,-0.225773945451,2.51205815474
1539875890104229032,0.00268416991457,-0.210041448474,2.48682691256
1539875890124301928,0.00268416991457,-0.210041448474,2.48682691256
1539875890143588200,0.00268416991457,-0.210041448474,2.48682691256
1539875890163606760,0.00268416991457,-0.210041448474,2.48682691256
1539875890183521864,0.00268416991457,-0.210041448474,2.48682691256
1539875890203408840,0.00268416991457,-0.210041448474,2.48682691256
1539875890223321544,0.00268416991457,-0.210041448474,2.48682691256
1539875890243220776,0.00268416991457,-0.210041448474,2.48682691256
1539875890263498344,0.00268416991457,-0.210041448474,2.48682691256
1539875890283634280,0.00268416991457,-0.210041448474,2.48682691256
1539875890303290088,0.00268416991457,-0.210041448474,2.48682691256
1539875890324223432,0.00268416991457,-0.210041448474,2.48682691256
1539875890343268488,0.00268416991457,-0.210041448474,2.48682691256
1539875890363468136,0.00268416991457,-0.210041448474,2.48682691256
1539875890383407432,0.00268416991457,-0.210041448474,2.48682691256
1539875890404374248,0.00268416991457,-0.210041448474,2.48682691256
1539875890423225928,0.00268416991457,-0.210041448474,2.48682691256
1539875890443334920,0.00268416991457,-0.210041448474,2.48682691256
1539875890463282728,0.00268416991457,-0.210041448474,2.48682691256
1539875890484347304,0.00268416991457,-0.210041448474,2.48682691256
1539875890503512008,0.00268416991457,-0.210041448474,2.48682691256
1539875890523730536,0.00268416991457,-0.210041448474,2.48682691256
1539875890543543880,0.00268416991457,-0.210041448474,2.48682691256
1539875890563842088,0.00268416991457,-0.210041448474,2.48682691256
1539875890583310184,-0.11082649231,-0.21508795023,2.50743569533
1539875890603378408,-0.11082649231,-0.21508795023,2.50743569533
1539875890623475624,-0.11082649231,-0.21508795023,2.50743569533
1539875890643845480,-0.11082649231,-0.21508795023,2.50743569533
1539875890663567720,-0.11082649231,-0.21508795023,2.50743569533
1539875890683654856,-0.11082649231,-0.21508795023,2.50743569533
1539875890704050120,-0.11082649231,-0.21508795023,2.50743569533
1539875890723377672,-0.11082649231,-0.21508795023,2.50743569533
1539875890743478216,-0.11082649231,-0.21508795023,2.50743569533
1539875890763677800,-0.11082649231,-0.21508795023,2.50743569533
1539875890783696584,-0.11082649231,-0.21508795023,2.50743569533
1539875890803969736,-0.11082649231,-0.21508795023,2.50743569533
1539875890825296776,-0.11082649231,-0.21508795023,2.50743569533
1539875890844024232,-0.11082649231,-0.21508795023,2.50743569533
1539875890863348488,-0.0462584383786,-0.18580289185,2.48324395815
1539875890883656616,-0.0462584383786,-0.18580289185,2.48324395815
1539875890903398568,-0.0462584383786,-0.18580289185,2.48324395815
1539875890923982472,-0.0462584383786,-0.18580289185,2.48324395815
1539875890943787144,-0.0462584383786,-0.18580289185,2.48324395815
1539875890963680968,-0.0462584383786,-0.18580289185,2.48324395815
1539875890984793224,-0.0462584383786,-0.18580289185,2.48324395815
1539875891004518696,-0.0462584383786,-0.18580289185,2.48324395815
1539875891023622504,-0.0462584383786,-0.18580289185,2.48324395815
1539875891043411592,-0.0462584383786,-0.18580289185,2.48324395815
1539875891064315528,-0.0462584383786,-0.18580289185,2.48324395815
1539875891083397928,-0.0462584383786,-0.18580289185,2.48324395815
1539875891103408072,0.112922511995,-0.113833725452,2.48220445315
1539875891123437064,0.112922511995,-0.113833725452,2.48220445315
1539875891143464840,0.112922511995,-0.113833725452,2.48220445315
1539875891164690408,0.112922511995,-0.113833725452,2.48220445315
1539875891183816072,0.112922511995,-0.113833725452,2.48220445315
1539875891203655368,0.112922511995,-0.113833725452,2.48220445315
1539875891224677416,0.112922511995,-0.113833725452,2.48220445315
1539875891243448072,0.112922511995,-0.113833725452,2.48220445315
1539875891264881224,0.112922511995,-0.113833725452,2.48220445315
1539875891283931432,0.112922511995,-0.113833725452,2.48220445315
1539875891303356104,0.112922511995,-0.113833725452,2.48220445315
1539875891324394792,0.112922511995,-0.113833725452,2.48220445315
1539875891343953480,0.112922511995,-0.113833725452,2.48220445315
1539875891363683720,0.112922511995,-0.113833725452,2.48220445315
1539875891383599688,0.112922511995,-0.113833725452,2.48220445315
1539875891404625000,0.112922511995,-0.113833725452,2.48220445315
1539875891423651368,0.112922511995,-0.113833725452,2.48220445315
1539875891443673736,0.112922511995,-0.113833725452,2.48220445315
1539875891464145992,0.112922511995,-0.113833725452,2.48220445315
1539875891485459848,0.112922511995,-0.113833725452,2.48220445315
1539875891503885384,0.112922511995,-0.113833725452,2.48220445315
1539875891524641416,0.112922511995,-0.113833725452,2.48220445315
1539875891543431400,0.112922511995,-0.113833725452,2.48220445315
1539875891563746984,0.112922511995,-0.113833725452,2.48220445315
1539875891583860552,0.0798030346632,-0.0486665219069,2.48987849156
1539875891603255368,0.0798030346632,-0.0486665219069,2.48987849156
1539875891623955912,0.0798030346632,-0.0486665219069,2.48987849156
1539875891643803848,0.0798030346632,-0.0486665219069,2.48987849156
1539875891663772872,0.0798030346632,-0.0486665219069,2.48987849156
1539875891683712808,0.0798030346632,-0.0486665219069,2.48987849156
1539875891703812552,0.0798030346632,-0.0486665219069,2.48987849156
1539875891723490024,0.0798030346632,-0.0486665219069,2.48987849156
1539875891744494024,0.0798030346632,-0.0486665219069,2.48987849156
1539875891763782504,0.0798030346632,-0.0486665219069,2.48987849156
1539875891784121992,0.0798030346632,-0.0486665219069,2.48987849156
1539875891803625960,0.0798030346632,-0.0486665219069,2.48987849156
1539875891824566888,0.0798030346632,-0.0486665219069,2.48987849156
1539875891843680552,0.0798030346632,-0.0486665219069,2.48987849156
1539875891863747688,0.0798030346632,-0.0486665219069,2.48987849156
1539875891883647560,0.0798030346632,-0.0486665219069,2.48987849156
1539875891903924232,0.0798030346632,-0.0486665219069,2.48987849156
1539875891923988424,0.0798030346632,-0.0486665219069,2.48987849156
1539875891943503336,0.0798030346632,-0.0486665219069,2.48987849156
1539875891964135656,0.0798030346632,-0.0486665219069,2.48987849156
1539875891984124072,0.0798030346632,-0.0486665219069,2.48987849156
1539875892004296968,0.0798030346632,-0.0486665219069,2.48987849156
1539875892023986632,0.0798030346632,-0.0486665219069,2.48987849156
1539875892044012232,0.0798030346632,-0.0486665219069,2.48987849156
1539875892064463496,0.0798030346632,-0.0486665219069,2.48987849156
1539875892088095624,0.0798030346632,-0.0486665219069,2.48987849156
1539875892104031816,0.0798030346632,-0.0486665219069,2.48987849156
1539875892123290152,0.0870100706816,-0.0177700724453,2.50315393607
1539875892144000808,0.0870100706816,-0.0177700724453,2.50315393607
1539875892163503752,0.0870100706816,-0.0177700724453,2.50315393607
1539875892184091752,0.0870100706816,-0.0177700724453,2.50315393607
1539875892204552584,0.0870100706816,-0.0177700724453,2.50315393607
1539875892223644456,0.0870100706816,-0.0177700724453,2.50315393607
1539875892243346760,0.0870100706816,-0.0177700724453,2.50315393607
1539875892264000552,0.0870100706816,-0.0177700724453,2.50315393607
1539875892283983592,0.0870100706816,-0.0177700724453,2.50315393607
1539875892303673352,0.0870100706816,-0.0177700724453,2.50315393607
1539875892323517928,0.0415179058909,0.0233385637403,2.51106496254
1539875892343878344,0.0415179058909,0.0233385637403,2.51106496254
1539875892364151912,0.0415179058909,0.0233385637403,2.51106496254
1539875892383577576,0.0415179058909,0.0233385637403,2.51106496254
1539875892404752200,0.0415179058909,0.0233385637403,2.51106496254
1539875892423768520,0.0415179058909,0.0233385637403,2.51106496254
1539875892444477416,0.0415179058909,0.0233385637403,2.51106496254
1539875892463748264,0.0415179058909,0.0233385637403,2.51106496254
1539875892484788168,0.0415179058909,0.0233385637403,2.51106496254
1539875892503638344,0.0415179058909,0.0233385637403,2.51106496254
1539875892527176424,0.0415179058909,0.0233385637403,2.51106496254
1539875892544715880,0.0415179058909,0.0233385637403,2.51106496254
1539875892563879880,0.0415179058909,0.0233385637403,2.51106496254
1539875892583684040,0.0415179058909,0.0233385637403,2.51106496254
1539875892606782888,0.0415179058909,0.0233385637403,2.51106496254
1539875892623989928,0.0415179058909,0.0233385637403,2.51106496254
1539875892643465736,0.0415179058909,0.0233385637403,2.51106496254
1539875892664758728,0.0415179058909,0.0233385637403,2.51106496254
1539875892683975528,0.0415179058909,0.0233385637403,2.51106496254
1539875892703433832,0.0415179058909,0.0233385637403,2.51106496254
1539875892723587656,0.0415179058909,0.0233385637403,2.51106496254
1539875892744526088,0.0415179058909,0.0233385637403,2.51106496254
1539875892764014504,0.0415179058909,0.0233385637403,2.51106496254
1539875892783961832,0.0415179058909,0.0233385637403,2.51106496254
1539875892803561352,0.0415179058909,0.0233385637403,2.51106496254
1539875892823973800,0.0831748098135,0.0650004819036,2.48147262732
1539875892843360040,0.0831748098135,0.0650004819036,2.48147262732
1539875892863329288,0.0831748098135,0.0650004819036,2.48147262732
1539875892883650824,0.0831748098135,0.0650004819036,2.48147262732
1539875892903683016,0.0831748098135,0.0650004819036,2.48147262732
1539875892923425704,0.0831748098135,0.0650004819036,2.48147262732
1539875892943859688,0.0831748098135,0.0650004819036,2.48147262732
1539875892964260520,0.0831748098135,0.0650004819036,2.48147262732
1539875892983909608,0.0831748098135,0.0650004819036,2.48147262732
1539875893004516360,0.0831748098135,0.0650004819036,2.48147262732
1539875893023361608,0.0831748098135,0.0650004819036,2.48147262732
1539875893043552008,0.0831748098135,0.0650004819036,2.48147262732
1539875893067309384,0.129865273833,0.0290118474513,2.53163625399
1539875893083410984,0.129865273833,0.0290118474513,2.53163625399
1539875893103542920,0.129865273833,0.0290118474513,2.53163625399
1539875893123970824,0.129865273833,0.0290118474513,2.53163625399
1539875893143595720,0.129865273833,0.0290118474513,2.53163625399
1539875893163862600,0.129865273833,0.0290118474513,2.53163625399
1539875893184867880,0.129865273833,0.0290118474513,2.53163625399
1539875893203235624,0.129865273833,0.0290118474513,2.53163625399
1539875893223762184,0.129865273833,0.0290118474513,2.53163625399
1539875893243777256,0.129865273833,0.0290118474513,2.53163625399
1539875893263523528,0.129865273833,0.0290118474513,2.53163625399
1539875893284876904,0.129865273833,0.0290118474513,2.53163625399
1539875893303268136,0.129865273833,0.0290118474513,2.53163625399
1539875893324173480,0.129865273833,0.0290118474513,2.53163625399
1539875893343522728,0.129865273833,0.0290118474513,2.53163625399
1539875893363940520,0.129865273833,0.0290118474513,2.53163625399
1539875893383693256,0.129865273833,0.0290118474513,2.53163625399
1539875893413846632,0.129865273833,0.0290118474513,2.53163625399
1539875893423530728,0.129865273833,0.0290118474513,2.53163625399
1539875893444129928,0.129865273833,0.0290118474513,2.53163625399
1539875893463538728,0.129865273833,0.0290118474513,2.53163625399
1539875893483413960,0.129865273833,0.0290118474513,2.53163625399
1539875893503506824,0.129865273833,0.0290118474513,2.53163625399
1539875893523930920,0.129865273833,0.0290118474513,2.53163625399
1539875893543463880,0.129865273833,0.0290118474513,2.53163625399
1539875893564159944,0.129865273833,0.0290118474513,2.53163625399
1539875893584326888,0.129865273833,0.0290118474513,2.53163625399
1539875893603269096,0.0145159354433,0.0261788479984,2.60331209103
1539875893625505128,0.0145159354433,0.0261788479984,2.60331209103
1539875893643679336,0.0145159354433,0.0261788479984,2.60331209103
1539875893663538792,0.0145159354433,0.0261788479984,2.60331209103
1539875893683588296,0.0145159354433,0.0261788479984,2.60331209103
1539875893703931496,0.0145159354433,0.0261788479984,2.60331209103
1539875893723224680,0.0145159354433,0.0261788479984,2.60331209103
1539875893743947944,0.0145159354433,0.0261788479984,2.60331209103
1539875893763662344,0.0145159354433,0.0261788479984,2.60331209103
1539875893784945736,0.0145159354433,0.0261788479984,2.60331209103
1539875893803926120,0.0145159354433,0.0261788479984,2.60331209103
1539875893824826824,0.0145159354433,0.0261788479984,2.60331209103
1539875893843275816,0.0145159354433,0.0261788479984,2.60331209103
1539875893863428392,0.0145159354433,0.0261788479984,2.60331209103
1539875893883420776,0.0145159354433,0.0261788479984,2.60331209103
1539875893903904168,0.0145159354433,0.0261788479984,2.60331209103
1539875893923578824,0.0145159354433,0.0261788479984,2.60331209103
1539875893943491336,0.0145159354433,0.0261788479984,2.60331209103
1539875893964522184,0.0145159354433,0.0261788479984,2.60331209103
1539875893985368808,0.0145159354433,0.0261788479984,2.60331209103
1539875894003768808,0.0145159354433,0.0261788479984,2.60331209103
1539875894026329224,-0.115548297763,0.071656063199,2.56096609036
1539875894043900360,-0.115548297763,0.071656063199,2.56096609036
1539875894063999368,-0.115548297763,0.071656063199,2.56096609036
1539875894084265608,-0.115548297763,0.071656063199,2.56096609036
1539875894103516744,-0.115548297763,0.071656063199,2.56096609036
1539875894123820392,-0.115548297763,0.071656063199,2.56096609036
1539875894143755240,-0.115548297763,0.071656063199,2.56096609036
1539875894163845704,-0.115548297763,0.071656063199,2.56096609036
1539875894183685192,-0.115548297763,0.071656063199,2.56096609036
1539875894203443432,-0.115548297763,0.071656063199,2.56096609036
1539875894223317672,-0.115548297763,0.071656063199,2.56096609036
1539875894243477608,-0.115548297763,0.071656063199,2.56096609036
1539875894263465448,-0.115548297763,0.071656063199,2.56096609036
1539875894284426536,-0.115548297763,0.071656063199,2.56096609036
1539875894303413800,-0.115548297763,0.071656063199,2.56096609036
1539875894323567880,-0.115548297763,0.071656063199,2.56096609036
1539875894343426856,-0.115548297763,0.071656063199,2.56096609036
1539875894364076104,-0.115548297763,0.071656063199,2.56096609036
1539875894383571592,-0.115548297763,0.071656063199,2.56096609036
1539875894403636168,-0.115548297763,0.071656063199,2.56096609036
1539875894424495240,-0.115548297763,0.071656063199,2.56096609036
1539875894444771560,-0.115548297763,0.071656063199,2.56096609036
1539875894463440904,-0.115548297763,0.071656063199,2.56096609036
1539875894484268808,-0.115548297763,0.071656063199,2.56096609036
1539875894504579944,-0.075156673789,0.0854905247688,2.54357500474
1539875894524165192,-0.075156673789,0.0854905247688,2.54357500474
1539875894543503400,-0.075156673789,0.0854905247688,2.54357500474
1539875894564069640,-0.075156673789,0.0854905247688,2.54357500474
1539875894583598824,-0.075156673789,0.0854905247688,2.54357500474
1539875894603840744,-0.075156673789,0.0854905247688,2.54357500474
1539875894623393800,-0.075156673789,0.0854905247688,2.54357500474
1539875894643540648,-0.075156673789,0.0854905247688,2.54357500474
1539875894665727720,-0.075156673789,0.0854905247688,2.54357500474
1539875894683295176,-0.075156673789,0.0854905247688,2.54357500474
1539875894703833672,-0.0563369691372,0.103006243706,2.5858400623
1539875894723430984,-0.0563369691372,0.103006243706,2.5858400623
1539875894743332744,-0.0563369691372,0.103006243706,2.5858400623
1539875894763492936,-0.0563369691372,0.103006243706,2.5858400623
1539875894783279432,-0.0563369691372,0.103006243706,2.5858400623
1539875894803387176,-0.0563369691372,0.103006243706,2.5858400623
1539875894824267272,-0.0563369691372,0.103006243706,2.5858400623
1539875894843366152,-0.0563369691372,0.103006243706,2.5858400623
1539875894863584136,-0.0563369691372,0.103006243706,2.5858400623
1539875894883199496,-0.0563369691372,0.103006243706,2.5858400623
1539875894904142824,-0.0563369691372,0.103006243706,2.5858400623
1539875894923235816,-0.0563369691372,0.103006243706,2.5858400623
1539875894943384040,-0.0563369691372,0.103006243706,2.5858400623
1539875894965800648,-0.0435850657523,0.10613887012,2.64216025273
1539875894983467816,-0.0435850657523,0.10613887012,2.64216025273
1539875895003717800,-0.0435850657523,0.10613887012,2.64216025273
1539875895023443336,-0.0435850657523,0.10613887012,2.64216025273
1539875895043478088,-0.0435850657523,0.10613887012,2.64216025273
1539875895063166024,-0.0435850657523,0.10613887012,2.64216025273
1539875895083242920,-0.0435850657523,0.10613887012,2.64216025273
1539875895103379176,-0.0435850657523,0.10613887012,2.64216025273
1539875895123190792,-0.0435850657523,0.10613887012,2.64216025273
1539875895143407368,-0.0435850657523,0.10613887012,2.64216025273
1539875895163522440,-0.0435850657523,0.10613887012,2.64216025273
1539875895183290792,-0.0435850657523,0.10613887012,2.64216025273
1539875895203402888,-0.0435850657523,0.10613887012,2.64216025273
1539875895223809640,-0.0435850657523,0.10613887012,2.64216025273
1539875895243360584,-0.0435850657523,0.10613887012,2.64216025273
1539875895267791400,-0.0435850657523,0.10613887012,2.64216025273
1539875895283339368,-0.0435850657523,0.10613887012,2.64216025273
1539875895303796648,-0.0435850657523,0.10613887012,2.64216025273
1539875895323832104,-0.0435850657523,0.10613887012,2.64216025273
1539875895343320616,-0.0435850657523,0.10613887012,2.64216025273
1539875895364680520,-0.0435850657523,0.10613887012,2.64216025273
1539875895383360648,-0.0435850657523,0.10613887012,2.64216025273
1539875895403386536,-0.0435850657523,0.10613887012,2.64216025273
1539875895423685960,-0.0435850657523,0.10613887012,2.64216025273
1539875895443625480,-0.0435850657523,0.10613887012,2.64216025273
1539875895463163560,0.0321919582784,0.125489145517,2.61408920685
1539875895483191208,0.0321919582784,0.125489145517,2.61408920685
1539875895503610984,0.0321919582784,0.125489145517,2.61408920685
1539875895523740136,0.0321919582784,0.125489145517,2.61408920685
1539875895543730216,0.0321919582784,0.125489145517,2.61408920685
1539875895566807016,0.0321919582784,0.125489145517,2.61408920685
1539875895583493992,0.0321919582784,0.125489145517,2.61408920685
1539875895603384264,0.0321919582784,0.125489145517,2.61408920685
1539875895623530216,0.0321919582784,0.125489145517,2.61408920685
1539875895643420872,0.0321919582784,0.125489145517,2.61408920685
1539875895663232424,0.0321919582784,0.125489145517,2.61408920685
1539875895683357288,0.0321919582784,0.125489145517,2.61408920685
1539875895704246152,0.0321919582784,0.125489145517,2.61408920685
1539875895723808040,0.0321919582784,0.125489145517,2.61408920685
1539875895743432200,0.0321919582784,0.125489145517,2.61408920685
1539875895764447336,0.0321919582784,0.125489145517,2.61408920685
1539875895783731560,0.0321919582784,0.125489145517,2.61408920685
1539875895803605928,0.0321919582784,0.125489145517,2.61408920685
1539875895831242376,0.0321919582784,0.125489145517,2.61408920685
1539875895843180616,0.0321919582784,0.125489145517,2.61408920685
1539875895863188392,0.0321919582784,0.125489145517,2.61408920685
1539875895883399592,0.0321919582784,0.125489145517,2.61408920685
1539875895903571720,0.0321919582784,0.125489145517,2.61408920685
1539875895923255240,0.0578822568059,0.0910360217094,2.56724710862
1539875895944884296,0.0578822568059,0.0910360217094,2.56724710862
1539875895963991272,0.0578822568059,0.0910360217094,2.56724710862
1539875895983427528,0.0578822568059,0.0910360217094,2.56724710862
1539875896003476328,0.0578822568059,0.0910360217094,2.56724710862
1539875896023849416,0.0578822568059,0.0910360217094,2.56724710862
1539875896043423016,0.0578822568059,0.0910360217094,2.56724710862
1539875896063648168,0.0578822568059,0.0910360217094,2.56724710862
1539875896083996712,0.0578822568059,0.0910360217094,2.56724710862
1539875896104651816,0.0578822568059,0.0910360217094,2.56724710862
1539875896124922728,0.0578822568059,0.0910360217094,2.56724710862
1539875896143412296,0.0578822568059,0.0910360217094,2.56724710862
1539875896163660040,0.0578822568059,0.0910360217094,2.56724710862
1539875896184227432,0.0578822568059,0.0910360217094,2.56724710862
1539875896203280296,0.0578822568059,0.0910360217094,2.56724710862
1539875896224105736,0.0578822568059,0.0910360217094,2.56724710862
1539875896243560936,0.0578822568059,0.0910360217094,2.56724710862
1539875896263310216,0.0578822568059,0.0910360217094,2.56724710862
1539875896283533160,0.0578822568059,0.0910360217094,2.56724710862
1539875896303544712,0.0578822568059,0.0910360217094,2.56724710862
1539875896324484840,0.0578822568059,0.0910360217094,2.56724710862
1539875896343316936,0.0578822568059,0.0910360217094,2.56724710862
1539875896364231976,0.0578822568059,0.0910360217094,2.56724710862
1539875896384012200,0.0578822568059,0.0910360217094,2.56724710862
1539875896403377480,0.0935689285398,0.00389894843102,2.61074705521
1539875896424902952,0.0935689285398,0.00389894843102,2.61074705521
1539875896448250280,0.0935689285398,0.00389894843102,2.61074705521
1539875896463571816,0.0935689285398,0.00389894843102,2.61074705521
1539875896483638056,0.0935689285398,0.00389894843102,2.61074705521
1539875896503752680,0.0935689285398,0.00389894843102,2.61074705521
1539875896523457096,0.0935689285398,0.00389894843102,2.61074705521
1539875896543431720,0.0935689285398,0.00389894843102,2.61074705521
1539875896564168616,0.0935689285398,0.00389894843102,2.61074705521
1539875896584164424,0.0935689285398,0.00389894843102,2.61074705521
1539875896603476296,0.0935689285398,0.00389894843102,2.61074705521
1539875896623433768,0.113709300756,-0.0238802712411,2.61800749699
1539875896643583528,0.113709300756,-0.0238802712411,2.61800749699
1539875896663382088,0.113709300756,-0.0238802712411,2.61800749699
1539875896683268584,0.113709300756,-0.0238802712411,2.61800749699
1539875896703623656,0.113709300756,-0.0238802712411,2.61800749699
1539875896723627784,0.113709300756,-0.0238802712411,2.61800749699
1539875896743879720,0.113709300756,-0.0238802712411,2.61800749699
1539875896763520008,0.113709300756,-0.0238802712411,2.61800749699
1539875896783908328,0.113709300756,-0.0238802712411,2.61800749699
1539875896803446472,0.113709300756,-0.0238802712411,2.61800749699
1539875896823678728,0.113709300756,-0.0238802712411,2.61800749699
1539875896843250856,0.113709300756,-0.0238802712411,2.61800749699
1539875896863297064,0.113709300756,-0.0238802712411,2.61800749699
1539875896883379624,0.113709300756,-0.0238802712411,2.61800749699
1539875896904105064,0.113709300756,-0.0238802712411,2.61800749699
1539875896923517960,0.113709300756,-0.0238802712411,2.61800749699
1539875896943460264,0.113709300756,-0.0238802712411,2.61800749699
1539875896963290696,0.113709300756,-0.0238802712411,2.61800749699
1539875896983916424,0.113709300756,-0.0238802712411,2.61800749699
1539875897003496648,0.113709300756,-0.0238802712411,2.61800749699
1539875897023596712,0.113709300756,-0.0238802712411,2.61800749699
1539875897043537064,0.113709300756,-0.0238802712411,2.61800749699
1539875897063564008,0.113709300756,-0.0238802712411,2.61800749699
1539875897083373960,0.113709300756,-0.0238802712411,2.61800749699
1539875897103538920,0.113709300756,-0.0238802712411,2.61800749699
1539875897123828648,0.113709300756,-0.0238802712411,2.61800749699
1539875897143378088,0.113709300756,-0.0238802712411,2.61800749699
1539875897163386120,0.096338391304,-0.0450886189938,2.61358566681
1539875897184305640,0.096338391304,-0.0450886189938,2.61358566681
1539875897204233256,0.096338391304,-0.0450886189938,2.61358566681
1539875897224135112,0.096338391304,-0.0450886189938,2.61358566681
1539875897243489096,0.096338391304,-0.0450886189938,2.61358566681
1539875897263536936,0.096338391304,-0.0450886189938,2.61358566681
1539875897283421000,0.096338391304,-0.0450886189938,2.61358566681
1539875897303966088,0.096338391304,-0.0450886189938,2.61358566681
1539875897323877224,0.096338391304,-0.0450886189938,2.61358566681
1539875897344115592,0.096338391304,-0.0450886189938,2.61358566681
1539875897364285832,0.096338391304,-0.0450886189938,2.61358566681
1539875897383503688,0.096338391304,-0.0450886189938,2.61358566681
1539875897403724360,0.096338391304,-0.0450886189938,2.61358566681
1539875897423584008,0.096338391304,-0.0450886189938,2.61358566681
1539875897443209032,0.096338391304,-0.0450886189938,2.61358566681
1539875897463435464,0.096338391304,-0.0450886189938,2.61358566681
1539875897483636392,0.096338391304,-0.0450886189938,2.61358566681
1539875897503889672,0.096338391304,-0.0450886189938,2.61358566681
1539875897523417032,0.096338391304,-0.0450886189938,2.61358566681
1539875897543270440,0.096338391304,-0.0450886189938,2.61358566681
1539875897564353960,0.096338391304,-0.0450886189938,2.61358566681
1539875897583552584,0.0458751805127,-0.057626850903,2.60496004025
1539875897603716776,0.0458751805127,-0.057626850903,2.60496004025
1539875897625705256,0.0458751805127,-0.057626850903,2.60496004025
1539875897643761352,0.0458751805127,-0.057626850903,2.60496004025
1539875897663627208,0.0458751805127,-0.057626850903,2.60496004025
1539875897683281288,0.0458751805127,-0.057626850903,2.60496004025
1539875897703318376,0.0458751805127,-0.057626850903,2.60496004025
1539875897723432232,0.0458751805127,-0.057626850903,2.60496004025
1539875897743272456,0.0458751805127,-0.057626850903,2.60496004025
1539875897763276008,0.0458751805127,-0.057626850903,2.60496004025
1539875897783232680,0.0458751805127,-0.057626850903,2.60496004025
1539875897803157672,0.0458751805127,-0.057626850903,2.60496004025
1539875897823814312,0.0458751805127,-0.057626850903,2.60496004025
1539875897843349320,0.0458751805127,-0.057626850903,2.60496004025
1539875897863487848,0.0284703224897,-0.0618909820914,2.59446008603
1539875897883548072,0.0284703224897,-0.0618909820914,2.59446008603
1539875897904002760,0.0284703224897,-0.0618909820914,2.59446008603
1539875897924002024,0.0284703224897,-0.0618909820914,2.59446008603
1539875897943544456,0.0284703224897,-0.0618909820914,2.59446008603
1539875897964390280,0.0284703224897,-0.0618909820914,2.59446008603
1539875897983611240,0.0284703224897,-0.0618909820914,2.59446008603
1539875898003623016,0.0284703224897,-0.0618909820914,2.59446008603
1539875898023907208,0.0284703224897,-0.0618909820914,2.59446008603
1539875898045049864,0.0284703224897,-0.0618909820914,2.59446008603
1539875898063466792,0.0284703224897,-0.0618909820914,2.59446008603
1539875898083904328,0.0284703224897,-0.0618909820914,2.59446008603
1539875898103585384,0.0284703224897,-0.0618909820914,2.59446008603
1539875898123784328,0.0284703224897,-0.0618909820914,2.59446008603
1539875898148650536,0.0284703224897,-0.0618909820914,2.59446008603
1539875898163345768,0.0284703224897,-0.0618909820914,2.59446008603
1539875898183585352,0.0284703224897,-0.0618909820914,2.59446008603
1539875898204476744,0.0284703224897,-0.0618909820914,2.59446008603
1539875898225120456,0.0284703224897,-0.0618909820914,2.59446008603
1539875898246280136,0.0284703224897,-0.0618909820914,2.59446008603
1539875898263861288,0.0284703224897,-0.0618909820914,2.59446008603
1539875898283514856,0.0284703224897,-0.0618909820914,2.59446008603
1539875898304069832,0.0947168543935,-0.0624868199229,2.59134335915
1539875898324134600,0.0947168543935,-0.0624868199229,2.59134335915
1539875898343705256,0.0947168543935,-0.0624868199229,2.59134335915
1539875898363434792,0.0947168543935,-0.0624868199229,2.59134335915
1539875898383857064,0.0947168543935,-0.0624868199229,2.59134335915
1539875898404295368,0.0947168543935,-0.0624868199229,2.59134335915
1539875898425544616,0.0947168543935,-0.0624868199229,2.59134335915
1539875898443820968,0.0947168543935,-0.0624868199229,2.59134335915
1539875898463272840,0.0947168543935,-0.0624868199229,2.59134335915
1539875898484570248,0.0947168543935,-0.0624868199229,2.59134335915
1539875898504574408,0.0947168543935,-0.0624868199229,2.59134335915
1539875898524328712,0.0947168543935,-0.0624868199229,2.59134335915
1539875898543488136,0.0947168543935,-0.0624868199229,2.59134335915
1539875898564154088,0.0947168543935,-0.0624868199229,2.59134335915
1539875898583553512,0.0947168543935,-0.0624868199229,2.59134335915
1539875898603553544,0.0947168543935,-0.0624868199229,2.59134335915
1539875898624213544,0.0947168543935,-0.0624868199229,2.59134335915
1539875898643225512,0.0947168543935,-0.0624868199229,2.59134335915
1539875898663293288,0.0947168543935,-0.0624868199229,2.59134335915
1539875898683595752,0.0947168543935,-0.0624868199229,2.59134335915
1539875898703374088,0.0947168543935,-0.0624868199229,2.59134335915
1539875898723990600,0.0947168543935,-0.0624868199229,2.59134335915
1539875898743372008,0.0947168543935,-0.0624868199229,2.59134335915
1539875898764287528,0.0947168543935,-0.0624868199229,2.59134335915
1539875898784677064,0.0947168543935,-0.0624868199229,2.59134335915
1539875898803280968,0.129271388054,-0.0675938650966,2.59566362301
1539875898823781192,0.129271388054,-0.0675938650966,2.59566362301
1539875898843429512,0.129271388054,-0.0675938650966,2.59566362301
1539875898863513256,0.129271388054,-0.0675938650966,2.59566362301
1539875898883205800,0.129271388054,-0.0675938650966,2.59566362301
1539875898903192712,0.129271388054,-0.0675938650966,2.59566362301
1539875898923326728,0.129271388054,-0.0675938650966,2.59566362301
1539875898943753864,0.129271388054,-0.0675938650966,2.59566362301
1539875898964818920,0.129271388054,-0.0675938650966,2.59566362301
1539875898983972360,0.129271388054,-0.0675938650966,2.59566362301
1539875899003242568,0.129271388054,-0.0675938650966,2.59566362301
1539875899023277064,0.129271388054,-0.0675938650966,2.59566362301
1539875899043549992,0.129271388054,-0.0675938650966,2.59566362301
1539875899063348712,0.129271388054,-0.0675938650966,2.59566362301
1539875899083429928,0.129271388054,-0.0675938650966,2.59566362301
1539875899103392584,0.129271388054,-0.0675938650966,2.59566362301
1539875899123770504,0.129271388054,-0.0675938650966,2.59566362301
1539875899143350856,0.129271388054,-0.0675938650966,2.59566362301
1539875899163294792,0.129271388054,-0.0675938650966,2.59566362301
1539875899183639528,0.129271388054,-0.0675938650966,2.59566362301
1539875899203319688,0.129271388054,-0.0675938650966,2.59566362301
1539875899223426408,0.129271388054,-0.0675938650966,2.59566362301
1539875899243183112,0.129271388054,-0.0675938650966,2.59566362301
1539875899263300744,0.129271388054,-0.0675938650966,2.59566362301
1539875899283120712,0.101406514645,-0.0613579154015,2.5919805328
1539875899303787560,0.101406514645,-0.0613579154015,2.5919805328
1539875899324063240,0.101406514645,-0.0613579154015,2.5919805328
1539875899343448712,0.101406514645,-0.0613579154015,2.5919805328
1539875899363923688,0.101406514645,-0.0613579154015,2.5919805328
1539875899383839400,0.101406514645,-0.0613579154015,2.5919805328
1539875899403826792,0.101406514645,-0.0613579154015,2.5919805328
1539875899423250024,0.101406514645,-0.0613579154015,2.5919805328
1539875899443213640,0.101406514645,-0.0613579154015,2.5919805328
1539875899463865224,0.101406514645,-0.0613579154015,2.5919805328
1539875899484007624,0.101406514645,-0.0613579154015,2.5919805328
1539875899503204936,0.044795576483,-0.0468251854181,2.57856841485
1539875899523757896,0.044795576483,-0.0468251854181,2.57856841485
1539875899544236328,0.044795576483,-0.0468251854181,2.57856841485
1539875899563273640,0.044795576483,-0.0468251854181,2.57856841485
1539875899584143208,0.044795576483,-0.0468251854181,2.57856841485
1539875899603810184,0.044795576483,-0.0468251854181,2.57856841485
1539875899623415624,0.044795576483,-0.0468251854181,2.57856841485
1539875899643536904,0.044795576483,-0.0468251854181,2.57856841485
1539875899664125640,0.044795576483,-0.0468251854181,2.57856841485
1539875899683249096,0.044795576483,-0.0468251854181,2.57856841485
1539875899703287688,0.044795576483,-0.0468251854181,2.57856841485
1539875899723411816,0.044795576483,-0.0468251854181,2.57856841485
1539875899743989352,0.044795576483,-0.0468251854181,2.57856841485
1539875899763602024,0.044795576483,-0.0468251854181,2.57856841485
1539875899784007432,0.044795576483,-0.0468251854181,2.57856841485
1539875899803226024,0.044795576483,-0.0468251854181,2.57856841485
1539875899823776200,0.044795576483,-0.0468251854181,2.57856841485
1539875899843414600,0.044795576483,-0.0468251854181,2.57856841485
1539875899863586024,0.044795576483,-0.0468251854181,2.57856841485
1539875899883850504,0.044795576483,-0.0468251854181,2.57856841485
1539875899903469448,0.044795576483,-0.0468251854181,2.57856841485
1539875899924774056,0.044795576483,-0.0468251854181,2.57856841485
1539875899943298152,0.044795576483,-0.0468251854181,2.57856841485
1539875899963436872,0.044795576483,-0.0468251854181,2.57856841485
1539875899983508584,0.0235370565206,-0.0316961482167,2.5999764959
1539875900003173128,0.0235370565206,-0.0316961482167,2.5999764959
1539875900023277064,0.0235370565206,-0.0316961482167,2.5999764959
1539875900044458632,0.0235370565206,-0.0316961482167,2.5999764959
1539875900063223784,0.0235370565206,-0.0316961482167,2.5999764959
1539875900083246024,0.0235370565206,-0.0316961482167,2.5999764959
1539875900103437768,0.0235370565206,-0.0316961482167,2.5999764959
1539875900123351688,0.0235370565206,-0.0316961482167,2.5999764959
1539875900143376520,0.0235370565206,-0.0316961482167,2.5999764959
1539875900164041000,0.0235370565206,-0.0316961482167,2.5999764959
1539875900184757160,0.0235370565206,-0.0316961482167,2.5999764959
1539875900204336904,0.0235370565206,-0.0316961482167,2.5999764959
1539875900223347528,0.00259642489254,-0.0264093335718,2.61552007596
1539875900244411944,0.00259642489254,-0.0264093335718,2.61552007596
1539875900263584104,0.00259642489254,-0.0264093335718,2.61552007596
1539875900283667816,0.00259642489254,-0.0264093335718,2.61552007596
1539875900303624520,0.00259642489254,-0.0264093335718,2.61552007596
1539875900323878568,0.00259642489254,-0.0264093335718,2.61552007596
1539875900348950920,0.00259642489254,-0.0264093335718,2.61552007596
1539875900364107528,0.00259642489254,-0.0264093335718,2.61552007596
1539875900384089480,0.00259642489254,-0.0264093335718,2.61552007596
1539875900404842024,0.00259642489254,-0.0264093335718,2.61552007596
1539875900423762664,0.00259642489254,-0.0264093335718,2.61552007596
1539875900443624328,0.00259642489254,-0.0264093335718,2.61552007596
1539875900463999432,0.00259642489254,-0.0264093335718,2.61552007596
1539875900483309704,0.00259642489254,-0.0264093335718,2.61552007596
1539875900503168040,0.00259642489254,-0.0264093335718,2.61552007596
1539875900524011720,0.00259642489254,-0.0264093335718,2.61552007596
1539875900543622216,0.00259642489254,-0.0264093335718,2.61552007596
1539875900563557320,0.00259642489254,-0.0264093335718,2.61552007596
1539875900583265000,0.00259642489254,-0.0264093335718,2.61552007596
1539875900606891592,0.00259642489254,-0.0264093335718,2.61552007596
1539875900623378632,0.00259642489254,-0.0264093335718,2.61552007596
1539875900643487784,0.00259642489254,-0.0264093335718,2.61552007596
1539875900667988488,0.00259642489254,-0.0264093335718,2.61552007596
1539875900683423080,0.00259642489254,-0.0264093335718,2.61552007596
1539875900703578824,0.0421344488859,-0.0108825881034,2.62368233601
1539875900723463432,0.0421344488859,-0.0108825881034,2.62368233601
1539875900744781416,0.0421344488859,-0.0108825881034,2.62368233601
1539875900764219816,0.0421344488859,-0.0108825881034,2.62368233601
1539875900784100584,0.0421344488859,-0.0108825881034,2.62368233601
1539875900803860008,0.0421344488859,-0.0108825881034,2.62368233601
1539875900823671432,0.0421344488859,-0.0108825881034,2.62368233601
1539875900851353864,0.0421344488859,-0.0108825881034,2.62368233601
1539875900865343048,0.0421344488859,-0.0108825881034,2.62368233601
1539875900883800072,0.0421344488859,-0.0108825881034,2.62368233601
1539875900903694152,-0.0318474210799,-0.00836705416441,2.62657006184
1539875900923423656,-0.0318474210799,-0.00836705416441,2.62657006184
1539875900944047816,-0.0318474210799,-0.00836705416441,2.62657006184
1539875900963998056,-0.0318474210799,-0.00836705416441,2.62657006184
1539875900983426920,-0.0318474210799,-0.00836705416441,2.62657006184
1539875901003807560,-0.0318474210799,-0.00836705416441,2.62657006184
1539875901028226344,-0.0318474210799,-0.00836705416441,2.62657006184
1539875901043456712,-0.0318474210799,-0.00836705416441,2.62657006184
1539875901063641864,-0.0318474210799,-0.00836705416441,2.62657006184
1539875901083192264,-0.0318474210799,-0.00836705416441,2.62657006184
1539875901103207464,-0.0318474210799,-0.00836705416441,2.62657006184
1539875901123442952,-0.0318474210799,-0.00836705416441,2.62657006184
1539875901143797256,-0.0318474210799,-0.00836705416441,2.62657006184
1539875901163561160,-0.0318474210799,-0.00836705416441,2.62657006184
1539875901183464552,-0.0318474210799,-0.00836705416441,2.62657006184
1539875901203432680,-0.0318474210799,-0.00836705416441,2.62657006184
1539875901223489480,-0.0318474210799,-0.00836705416441,2.62657006184
1539875901243437256,-0.0318474210799,-0.00836705416441,2.62657006184
1539875901265694088,-0.0318474210799,-0.00836705416441,2.62657006184
1539875901283217320,-0.0318474210799,-0.00836705416441,2.62657006184
1539875901303357224,-0.0318474210799,-0.00836705416441,2.62657006184
1539875901323860040,-0.0318474210799,-0.00836705416441,2.62657006184
1539875901343843304,-0.0318474210799,-0.00836705416441,2.62657006184
1539875901363587304,-0.0318474210799,-0.00836705416441,2.62657006184
1539875901383601608,-0.0318474210799,-0.00836705416441,2.62657006184
1539875901403345352,-0.0318474210799,-0.00836705416441,2.62657006184
1539875901423370632,0.0373663306236,0.00348324514925,2.60757620732
1539875901443367688,0.0373663306236,0.00348324514925,2.60757620732
1539875901464889832,0.0373663306236,0.00348324514925,2.60757620732
1539875901483578792,0.0373663306236,0.00348324514925,2.60757620732
1539875901503279912,0.0373663306236,0.00348324514925,2.60757620732
1539875901523669896,0.0373663306236,0.00348324514925,2.60757620732
1539875901544517320,0.0373663306236,0.00348324514925,2.60757620732
1539875901563683592,0.0373663306236,0.00348324514925,2.60757620732
1539875901590442664,0.0373663306236,0.00348324514925,2.60757620732
1539875901603806120,0.0373663306236,0.00348324514925,2.60757620732
1539875901623296488,0.0373663306236,0.00348324514925,2.60757620732
1539875901650586696,0.0373663306236,0.00348324514925,2.60757620732
1539875901663357736,0.0373663306236,0.00348324514925,2.60757620732
1539875901685016936,0.0917586535215,0.00758197065443,2.60764260689
1539875901703538600,0.0917586535215,0.00758197065443,2.60764260689
1539875901723855944,0.0917586535215,0.00758197065443,2.60764260689
1539875901743709128,0.0917586535215,0.00758197065443,2.60764260689
1539875901763443944,0.0917586535215,0.00758197065443,2.60764260689
1539875901783308072,0.0917586535215,0.00758197065443,2.60764260689
1539875901803308232,0.0917586535215,0.00758197065443,2.60764260689
1539875901823158952,0.0917586535215,0.00758197065443,2.60764260689
1539875901846352360,0.0917586535215,0.00758197065443,2.60764260689
1539875901863915976,0.0917586535215,0.00758197065443,2.60764260689
1539875901883557832,0.102915100753,0.00904258992523,2.61028416554
1539875901903245096,0.102915100753,0.00904258992523,2.61028416554
1539875901923276040,0.102915100753,0.00904258992523,2.61028416554
1539875901944470376,0.102915100753,0.00904258992523,2.61028416554
1539875901965824584,0.102915100753,0.00904258992523,2.61028416554
1539875901983468872,0.102915100753,0.00904258992523,2.61028416554
1539875902004043688,0.102915100753,0.00904258992523,2.61028416554
1539875902023592520,0.102915100753,0.00904258992523,2.61028416554
1539875902043355848,0.102915100753,0.00904258992523,2.61028416554
1539875902063527976,0.102915100753,0.00904258992523,2.61028416554
1539875902083914824,0.102915100753,0.00904258992523,2.61028416554
1539875902103418600,0.102915100753,0.00904258992523,2.61028416554
1539875902123811112,0.102915100753,0.00904258992523,2.61028416554
1539875902143415528,0.102915100753,0.00904258992523,2.61028416554
1539875902163521832,0.102915100753,0.00904258992523,2.61028416554
1539875902185630184,0.102915100753,0.00904258992523,2.61028416554
1539875902203887624,0.102915100753,0.00904258992523,2.61028416554
1539875902223236104,0.102915100753,0.00904258992523,2.61028416554
1539875902247014792,0.102915100753,0.00904258992523,2.61028416554
1539875902263267880,0.102915100753,0.00904258992523,2.61028416554
1539875902283221864,0.102915100753,0.00904258992523,2.61028416554
1539875902303688584,0.102915100753,0.00904258992523,2.61028416554
1539875902323347816,0.102915100753,0.00904258992523,2.61028416554
1539875902343848200,0.102915100753,0.00904258992523,2.61028416554
1539875902366936616,0.102915100753,0.00904258992523,2.61028416554
1539875902384229864,0.107975997031,0.0156097523868,2.59023507039
1539875902403573928,0.107975997031,0.0156097523868,2.59023507039
1539875902423664808,0.107975997031,0.0156097523868,2.59023507039
1539875902443292072,0.107975997031,0.0156097523868,2.59023507039
1539875902463382664,0.107975997031,0.0156097523868,2.59023507039
1539875902484229640,0.107975997031,0.0156097523868,2.59023507039
1539875902503556392,0.107975997031,0.0156097523868,2.59023507039
1539875902523598632,0.107975997031,0.0156097523868,2.59023507039
1539875902543644840,0.107975997031,0.0156097523868,2.59023507039
1539875902564213928,0.107975997031,0.0156097523868,2.59023507039
1539875902583608776,0.107975997031,0.0156097523868,2.59023507039
1539875902603903176,0.107975997031,0.0156097523868,2.59023507039
1539875902623642440,0.107975997031,0.0156097523868,2.59023507039
1539875902643310888,0.107975997031,0.0156097523868,2.59023507039
1539875902663400264,0.107975997031,0.0156097523868,2.59023507039
1539875902683955304,0.107975997031,0.0156097523868,2.59023507039
1539875902703658600,0.107975997031,0.0156097523868,2.59023507039
1539875902723250312,0.107975997031,0.0156097523868,2.59023507039
1539875902743471656,0.107975997031,0.0156097523868,2.59023507039
1539875902763746664,0.107975997031,0.0156097523868,2.59023507039
1539875902783276296,0.107975997031,0.0156097523868,2.59023507039
1539875902803366472,0.107975997031,0.0156097523868,2.59023507039
1539875902825037320,0.107975997031,0.0156097523868,2.59023507039
1539875902843189960,0.107975997031,0.0156097523868,2.59023507039
1539875902864596232,0.107975997031,0.0156097523868,2.59023507039
1539875902883629480,0.0723254084587,0.0184922814369,2.56295235554
1539875902903262632,0.0723254084587,0.0184922814369,2.56295235554
1539875902923450824,0.0723254084587,0.0184922814369,2.56295235554
1539875902943443272,0.0723254084587,0.0184922814369,2.56295235554
1539875902964562056,0.0723254084587,0.0184922814369,2.56295235554
1539875902983468040,0.0723254084587,0.0184922814369,2.56295235554
1539875903003325736,0.0723254084587,0.0184922814369,2.56295235554
1539875903023438760,0.0723254084587,0.0184922814369,2.56295235554
1539875903043368392,0.0723254084587,0.0184922814369,2.56295235554
1539875903064395272,0.0723254084587,0.0184922814369,2.56295235554
1539875903083401544,0.0723254084587,0.0184922814369,2.56295235554
1539875903103313224,0.0723254084587,0.0184922814369,2.56295235554
1539875903123772872,0.0723254084587,0.0184922814369,2.56295235554
1539875903144316200,0.0723254084587,0.0184922814369,2.56295235554
1539875903165782696,0.0723254084587,0.0184922814369,2.56295235554
1539875903183448488,0.0723254084587,0.0184922814369,2.56295235554
1539875903203588200,0.0723254084587,0.0184922814369,2.56295235554
1539875903225096744,0.0723254084587,0.0184922814369,2.56295235554
1539875903243397640,0.0723254084587,0.0184922814369,2.56295235554
1539875903263435272,0.0723254084587,0.0184922814369,2.56295235554
1539875903283439144,0.0723254084587,0.0184922814369,2.56295235554
1539875903303184456,0.0723254084587,0.0184922814369,2.56295235554
1539875903323420808,0.0723254084587,0.0184922814369,2.56295235554
1539875903344183432,0.0723254084587,0.0184922814369,2.56295235554
1539875903363373000,0.11948543787,0.0139969233423,2.56252946059
1539875903383341928,0.11948543787,0.0139969233423,2.56252946059
1539875903403386920,0.11948543787,0.0139969233423,2.56252946059
1539875903423258632,0.11948543787,0.0139969233423,2.56252946059
1539875903443543720,0.11948543787,0.0139969233423,2.56252946059
1539875903463638344,0.11948543787,0.0139969233423,2.56252946059
1539875903483574984,0.11948543787,0.0139969233423,2.56252946059
1539875903503187912,0.11948543787,0.0139969233423,2.56252946059
1539875903523894792,0.11948543787,0.0139969233423,2.56252946059
1539875903543322568,0.11948543787,0.0139969233423,2.56252946059
1539875903566737992,0.11948543787,0.0139969233423,2.56252946059
1539875903583711528,0.11948543787,0.0139969233423,2.56252946059
1539875903604132808,0.11948543787,0.0139969233423,2.56252946059
1539875903623669704,0.11948543787,0.0139969233423,2.56252946059
1539875903643481992,0.11948543787,0.0139969233423,2.56252946059
1539875903663889928,0.11948543787,0.0139969233423,2.56252946059
1539875903683583816,0.11948543787,0.0139969233423,2.56252946059
1539875903703198568,0.11948543787,0.0139969233423,2.56252946059
1539875903723477608,0.11948543787,0.0139969233423,2.56252946059
1539875903745956520,0.11948543787,0.0139969233423,2.56252946059
1539875903763691944,0.11948543787,0.0139969233423,2.56252946059
1539875903783445704,0.11948543787,0.0139969233423,2.56252946059
1539875903803788424,0.11948543787,0.0139969233423,2.56252946059
1539875903823628168,0.0677539631724,0.0174040142447,2.55296380917
1539875903843805608,0.0677539631724,0.0174040142447,2.55296380917
1539875903863337832,0.0677539631724,0.0174040142447,2.55296380917
1539875903883174312,0.0677539631724,0.0174040142447,2.55296380917
1539875903903368712,0.0677539631724,0.0174040142447,2.55296380917
1539875903923883144,0.0677539631724,0.0174040142447,2.55296380917
1539875903943486216,0.0677539631724,0.0174040142447,2.55296380917
1539875903964200360,0.0677539631724,0.0174040142447,2.55296380917
1539875903988950728,0.0677539631724,0.0174040142447,2.55296380917
1539875904004497576,0.0677539631724,0.0174040142447,2.55296380917
1539875904023385064,0.0677539631724,0.0174040142447,2.55296380917
1539875904043434344,0.074062988162,0.0185659341514,2.54127384821
1539875904063897000,0.074062988162,0.0185659341514,2.54127384821
1539875904083432680,0.074062988162,0.0185659341514,2.54127384821
1539875904103232008,0.074062988162,0.0185659341514,2.54127384821
1539875904123153896,0.074062988162,0.0185659341514,2.54127384821
1539875904143411944,0.074062988162,0.0185659341514,2.54127384821
1539875904163361416,0.074062988162,0.0185659341514,2.54127384821
1539875904183462280,0.074062988162,0.0185659341514,2.54127384821
1539875904203664488,0.074062988162,0.0185659341514,2.54127384821
1539875904223453736,0.074062988162,0.0185659341514,2.54127384821
1539875904243449064,0.074062988162,0.0185659341514,2.54127384821
1539875904263199336,0.074062988162,0.0185659341514,2.54127384821
1539875904283286824,0.074062988162,0.0185659341514,2.54127384821
1539875904304794536,0.074062988162,0.0185659341514,2.54127384821
1539875904325632648,0.074062988162,0.0185659341514,2.54127384821
1539875904343223720,0.074062988162,0.0185659341514,2.54127384821
1539875904367974152,0.074062988162,0.0185659341514,2.54127384821
1539875904383445480,0.074062988162,0.0185659341514,2.54127384821
1539875904403286504,0.074062988162,0.0185659341514,2.54127384821
1539875904423399944,0.074062988162,0.0185659341514,2.54127384821
1539875904443326248,0.074062988162,0.0185659341514,2.54127384821
1539875904463697448,0.074062988162,0.0185659341514,2.54127384821
1539875904483503624,0.074062988162,0.0185659341514,2.54127384821
1539875904503448904,0.0486938208342,0.0048800650984,2.54228057066
1539875904523182568,0.0486938208342,0.0048800650984,2.54228057066
1539875904543482376,0.0486938208342,0.0048800650984,2.54228057066
1539875904563450376,0.0486938208342,0.0048800650984,2.54228057066
1539875904583234696,0.0486938208342,0.0048800650984,2.54228057066
1539875904603426824,0.0486938208342,0.0048800650984,2.54228057066
1539875904623341992,0.0486938208342,0.0048800650984,2.54228057066
1539875904643370184,0.0486938208342,0.0048800650984,2.54228057066
1539875904663949800,0.0486938208342,0.0048800650984,2.54228057066
1539875904683597544,0.0486938208342,0.0048800650984,2.54228057066
1539875904703498344,0.0486938208342,0.0048800650984,2.54228057066
1539875904724297672,0.0486938208342,0.0048800650984,2.54228057066
1539875904743947976,0.0131484922022,-0.00804956629872,2.56007064978
1539875904763672008,0.0131484922022,-0.00804956629872,2.56007064978
1539875904783554600,0.0131484922022,-0.00804956629872,2.56007064978
1539875904803816008,0.0131484922022,-0.00804956629872,2.56007064978
1539875904823342024,0.0131484922022,-0.00804956629872,2.56007064978
1539875904843250312,0.0131484922022,-0.00804956629872,2.56007064978
1539875904863429928,0.0131484922022,-0.00804956629872,2.56007064978
1539875904883961096,0.0131484922022,-0.00804956629872,2.56007064978
1539875904903214664,0.0131484922022,-0.00804956629872,2.56007064978
1539875904923754568,0.0131484922022,-0.00804956629872,2.56007064978
1539875904943322632,0.0131484922022,-0.00804956629872,2.56007064978
1539875904963432744,0.0131484922022,-0.00804956629872,2.56007064978
1539875904983425896,0.0131484922022,-0.00804956629872,2.56007064978
1539875905003539656,-0.0239607095718,-0.0140666235238,2.55774583022
1539875905023765032,-0.0239607095718,-0.0140666235238,2.55774583022
1539875905044072552,-0.0239607095718,-0.0140666235238,2.55774583022
1539875905063687112,-0.0239607095718,-0.0140666235238,2.55774583022
1539875905083251752,-0.0239607095718,-0.0140666235238,2.55774583022
1539875905103314088,-0.0239607095718,-0.0140666235238,2.55774583022
1539875905124043944,-0.0239607095718,-0.0140666235238,2.55774583022
1539875905143396712,-0.0239607095718,-0.0140666235238,2.55774583022
1539875905164015144,-0.0239607095718,-0.0140666235238,2.55774583022
1539875905183711112,-0.0239607095718,-0.0140666235238,2.55774583022
1539875905204084328,-0.0239607095718,-0.0140666235238,2.55774583022
1539875905223490568,-0.0239607095718,-0.0140666235238,2.55774583022
1539875905243526248,-0.0239607095718,-0.0140666235238,2.55774583022
1539875905263812840,-0.0239607095718,-0.0140666235238,2.55774583022
1539875905283231720,-0.0239607095718,-0.0140666235238,2.55774583022
1539875905303496104,-0.0239607095718,-0.0140666235238,2.55774583022
1539875905323305768,-0.0239607095718,-0.0140666235238,2.55774583022
1539875905343423336,-0.0239607095718,-0.0140666235238,2.55774583022
1539875905363820840,-0.0239607095718,-0.0140666235238,2.55774583022
1539875905383277352,-0.0239607095718,-0.0140666235238,2.55774583022
1539875905404605608,-0.0239607095718,-0.0140666235238,2.55774583022
1539875905423482728,-0.0239607095718,-0.0140666235238,2.55774583022
1539875905443381256,-0.0239607095718,-0.0140666235238,2.55774583022
1539875905463269704,-0.0239607095718,-0.0140666235238,2.55774583022
1539875905484536264,-0.0325505957007,-0.0254743676633,2.55346323649
1539875905503242984,-0.0325505957007,-0.0254743676633,2.55346323649
1539875905523305800,-0.0325505957007,-0.0254743676633,2.55346323649
1539875905543512168,-0.0325505957007,-0.0254743676633,2.55346323649
1539875905564472456,-0.0325505957007,-0.0254743676633,2.55346323649
1539875905583569128,-0.0325505957007,-0.0254743676633,2.55346323649
1539875905603697448,-0.0325505957007,-0.0254743676633,2.55346323649
1539875905623406536,-0.0325505957007,-0.0254743676633,2.55346323649
1539875905643261192,-0.0325505957007,-0.0254743676633,2.55346323649
1539875905663267080,-0.0325505957007,-0.0254743676633,2.55346323649
1539875905683680904,-0.0325505957007,-0.0254743676633,2.55346323649
1539875905703269512,-0.0325505957007,-0.0254743676633,2.55346323649
1539875905723257832,-0.0325505957007,-0.0254743676633,2.55346323649
1539875905743412008,-0.0325505957007,-0.0254743676633,2.55346323649
1539875905763644872,-0.0325505957007,-0.0254743676633,2.55346323649
1539875905784007688,-0.0325505957007,-0.0254743676633,2.55346323649
1539875905804110760,-0.0325505957007,-0.0254743676633,2.55346323649
1539875905823233640,-0.0325505957007,-0.0254743676633,2.55346323649
1539875905846770248,-0.0325505957007,-0.0254743676633,2.55346323649
1539875905863464200,-0.0325505957007,-0.0254743676633,2.55346323649
1539875905888150408,-0.0325505957007,-0.0254743676633,2.55346323649
1539875905903545992,-0.0325505957007,-0.0254743676633,2.55346323649
1539875905923727464,-0.0325505957007,-0.0254743676633,2.55346323649
1539875905943832232,-0.0371929481626,-0.0383236184716,2.55800385872
1539875905963425224,-0.0371929481626,-0.0383236184716,2.55800385872
1539875905984329608,-0.0371929481626,-0.0383236184716,2.55800385872
1539875906003949320,-0.0371929481626,-0.0383236184716,2.55800385872
1539875906023783304,-0.0371929481626,-0.0383236184716,2.55800385872
1539875906043397704,-0.0371929481626,-0.0383236184716,2.55800385872
1539875906063377992,-0.0371929481626,-0.0383236184716,2.55800385872
1539875906086140904,-0.0371929481626,-0.0383236184716,2.55800385872
1539875906105489320,-0.0371929481626,-0.0383236184716,2.55800385872
1539875906123730376,-0.0371929481626,-0.0383236184716,2.55800385872
1539875906143283784,-0.0371929481626,-0.0383236184716,2.55800385872
1539875906163757512,-0.0371929481626,-0.0383236184716,2.55800385872
1539875906183468840,-0.0371929481626,-0.0383236184716,2.55800385872
1539875906203997928,0.0194310024381,-0.0314031988382,2.54623778264
1539875906224033576,0.0194310024381,-0.0314031988382,2.54623778264
1539875906243412520,0.0194310024381,-0.0314031988382,2.54623778264
1539875906263778088,0.0194310024381,-0.0314031988382,2.54623778264
1539875906283422440,0.0194310024381,-0.0314031988382,2.54623778264
1539875906303229128,0.0194310024381,-0.0314031988382,2.54623778264
1539875906324596296,0.0194310024381,-0.0314031988382,2.54623778264
1539875906343280264,0.0194310024381,-0.0314031988382,2.54623778264
1539875906363348904,0.0194310024381,-0.0314031988382,2.54623778264
1539875906386220648,0.0194310024381,-0.0314031988382,2.54623778264
1539875906404134024,0.0194310024381,-0.0314031988382,2.54623778264
1539875906423408040,0.0194310024381,-0.0314031988382,2.54623778264
1539875906443344488,0.0194310024381,-0.0314031988382,2.54623778264
1539875906463204136,0.0194310024381,-0.0314031988382,2.54623778264
1539875906483271560,0.0194310024381,-0.0314031988382,2.54623778264
1539875906503262760,0.0194310024381,-0.0314031988382,2.54623778264
1539875906525001992,0.0194310024381,-0.0314031988382,2.54623778264
1539875906543432040,0.0194310024381,-0.0314031988382,2.54623778264
1539875906563828584,0.0194310024381,-0.0314031988382,2.54623778264
1539875906583773832,0.0194310024381,-0.0314031988382,2.54623778264
1539875906603444136,0.0194310024381,-0.0314031988382,2.54623778264
1539875906623844040,0.0194310024381,-0.0314031988382,2.54623778264
1539875906643939016,0.0194310024381,-0.0314031988382,2.54623778264
1539875906663378696,0.0194310024381,-0.0314031988382,2.54623778264
1539875906683672520,0.0194310024381,-0.0314031988382,2.54623778264
1539875906703319272,0.0950963497162,-0.012596430257,2.55232556263
1539875906723326600,0.0950963497162,-0.012596430257,2.55232556263
1539875906743780456,0.0950963497162,-0.012596430257,2.55232556263
1539875906763958440,0.0950963497162,-0.012596430257,2.55232556263
1539875906784605896,0.0950963497162,-0.012596430257,2.55232556263
1539875906803604264,0.0950963497162,-0.012596430257,2.55232556263
1539875906823396584,0.0950963497162,-0.012596430257,2.55232556263
1539875906843295304,0.0950963497162,-0.012596430257,2.55232556263
1539875906863319464,0.0950963497162,-0.012596430257,2.55232556263
1539875906883259336,0.0950963497162,-0.012596430257,2.55232556263
1539875906903248456,0.0950963497162,-0.012596430257,2.55232556263
1539875906923372520,0.0950963497162,-0.012596430257,2.55232556263
1539875906943754184,0.0950963497162,-0.012596430257,2.55232556263
1539875906963418792,0.0950963497162,-0.012596430257,2.55232556263
1539875906983870312,0.0950963497162,-0.012596430257,2.55232556263
1539875907005012136,0.0950963497162,-0.012596430257,2.55232556263
1539875907023410024,0.0950963497162,-0.012596430257,2.55232556263
1539875907043486920,0.0950963497162,-0.012596430257,2.55232556263
1539875907063445896,0.0950963497162,-0.012596430257,2.55232556263
1539875907085498568,0.0950963497162,-0.012596430257,2.55232556263
1539875907103455528,0.0950963497162,-0.012596430257,2.55232556263
1539875907123327432,0.0950963497162,-0.012596430257,2.55232556263
1539875907143723880,0.0950963497162,-0.012596430257,2.55232556263
1539875907163418472,0.0950963497162,-0.012596430257,2.55232556263
1539875907183680200,0.0950963497162,-0.012596430257,2.55232556263
1539875907203465672,0.116831466556,0.0244505535811,2.59304674069
1539875907223365896,0.116831466556,0.0244505535811,2.59304674069
1539875907243824552,0.116831466556,0.0244505535811,2.59304674069
1539875907263846024,0.116831466556,0.0244505535811,2.59304674069
1539875907284096968,0.116831466556,0.0244505535811,2.59304674069
1539875907303764264,0.116831466556,0.0244505535811,2.59304674069
1539875907323667336,0.116831466556,0.0244505535811,2.59304674069
1539875907343476232,0.116831466556,0.0244505535811,2.59304674069
1539875907363328072,0.116831466556,0.0244505535811,2.59304674069
1539875907383715592,0.116831466556,0.0244505535811,2.59304674069
1539875907403792456,0.116831466556,0.0244505535811,2.59304674069
1539875907423413064,0.116831466556,0.0244505535811,2.59304674069
