%time,field.header.seq,field.header.stamp,field.header.frame_id,field.child_frame_id,field.pose.pose.position.x,field.pose.pose.position.y,field.pose.pose.position.z,field.pose.pose.orientation.x,field.pose.pose.orientation.y,field.pose.pose.orientation.z,field.pose.pose.orientation.w,field.pose.covariance0,field.pose.covariance1,field.pose.covariance2,field.pose.covariance3,field.pose.covariance4,field.pose.covariance5,field.pose.covariance6,field.pose.covariance7,field.pose.covariance8,field.pose.covariance9,field.pose.covariance10,field.pose.covariance11,field.pose.covariance12,field.pose.covariance13,field.pose.covariance14,field.pose.covariance15,field.pose.covariance16,field.pose.covariance17,field.pose.covariance18,field.pose.covariance19,field.pose.covariance20,field.pose.covariance21,field.pose.covariance22,field.pose.covariance23,field.pose.covariance24,field.pose.covariance25,field.pose.covariance26,field.pose.covariance27,field.pose.covariance28,field.pose.covariance29,field.pose.covariance30,field.pose.covariance31,field.pose.covariance32,field.pose.covariance33,field.pose.covariance34,field.pose.covariance35,field.twist.twist.linear.x,field.twist.twist.linear.y,field.twist.twist.linear.z,field.twist.twist.angular.x,field.twist.twist.angular.y,field.twist.twist.angular.z,field.twist.covariance0,field.twist.covariance1,field.twist.covariance2,field.twist.covariance3,field.twist.covariance4,field.twist.covariance5,field.twist.covariance6,field.twist.covariance7,field.twist.covariance8,field.twist.covariance9,field.twist.covariance10,field.twist.covariance11,field.twist.covariance12,field.twist.covariance13,field.twist.covariance14,field.twist.covariance15,field.twist.covariance16,field.twist.covariance17,field.twist.covariance18,field.twist.covariance19,field.twist.covariance20,field.twist.covariance21,field.twist.covariance22,field.twist.covariance23,field.twist.covariance24,field.twist.covariance25,field.twist.covariance26,field.twist.covariance27,field.twist.covariance28,field.twist.covariance29,field.twist.covariance30,field.twist.covariance31,field.twist.covariance32,field.twist.covariance33,field.twist.covariance34,field.twist.covariance35
1539875881150027656,2817,1539875881149063304,map,base_link,170.052303905,6.88721875332,76.817,0.00333088208941,-0.0266046815566,-0.998691807106,-0.043540447428,0.50409996953,0.0,0.0,0.0,0.0,0.0,0.0,0.50409996953,0.0,0.0,0.0,0.0,0.0,0.0,2.01639987812,0.0,0.0,0.0,0.0,0.0,0.0,99999.0,0.0,0.0,0.0,0.0,0.0,0.0,99999.0,0.0,0.0,0.0,0.0,0.0,0.0,99999.0,1.6,-13.03,0.88,0.0,0.0,0.0,-1.0,0.0,0.0,0.0,0.0,0.0,0.0,0.0,0.0,0.0,0.0,0.0,0.0,0.0,0.0,0.0,0.0,0.0,0.0,0.0,0.0,0.0,0.0,0.0,0.0,0.0,0.0,0.0,0.0,0.0,0.0,0.0,0.0,0.0,0.0,0.0
1539875881376825608,2818,1539875881370837064,map,base_link,167.199320038,7.22031265614,76.603,0.00373593994701,-0.0106746067043,-0.999248838112,-0.0370655507937,0.50409996953,0.0,0.0,0.0,0.0,0.0,0.0,0.50409996953,0.0,0.0,0.0,0.0,0.0,0.0,2.01639987812,0.0,0.0,0.0,0.0,0.0,0.0,99999.0,0.0,0.0,0.0,0.0,0.0,0.0,99999.0,0.0,0.0,0.0,0.0,0.0,0.0,99999.0,1.52,-13.07,0.93,0.0,0.0,0.0,-1.0,0.0,0.0,0.0,0.0,0.0,0.0,0.0,0.0,0.0,0.0,0.0,0.0,0.0,0.0,0.0,0.0,0.0,0.0,0.0,0.0,0.0,0.0,0.0,0.0,0.0,0.0,0.0,0.0,0.0,0.0,0.0,0.0,0.0,0.0,0.0
1539875881620951016,2819,1539875881619632008,map,base_link,163.796057899,7.59781659802,76.339,0.00252384907095,-0.055372818733,-0.997190691366,-0.0503806131767,0.50409996953,0.0,0.0,0.0,0.0,0.0,0.0,0.50409996953,0.0,0.0,0.0,0.0,0.0,0.0,2.01639987812,0.0,0.0,0.0,0.0,0.0,0.0,99999.0,0.0,0.0,0.0,0.0,0.0,0.0,99999.0,0.0,0.0,0.0,0.0,0.0,0.0,99999.0,1.68,-13.05,0.8,0.0,0.0,0.0,-1.0,0.0,0.0,0.0,0.0,0.0,0.0,0.0,0.0,0.0,0.0,0.0,0.0,0.0,0.0,0.0,0.0,0.0,0.0,0.0,0.0,0.0,0.0,0.0,0.0,0.0,0.0,0.0,0.0,0.0,0.0,0.0,0.0,0.0,0.0,0.0
1539875881868438088,2820,1539875881867461384,map,base_link,160.697563557,8.06417096698,76.097,0.00252384907095,-0.055372818733,-0.997190691366,-0.0503806131767,0.50409996953,0.0,0.0,0.0,0.0,0.0,0.0,0.50409996953,0.0,0.0,0.0,0.0,0.0,0.0,2.01639987812,0.0,0.0,0.0,0.0,0.0,0.0,99999.0,0.0,0.0,0.0,0.0,0.0,0.0,99999.0,0.0,0.0,0.0,0.0,0.0,0.0,99999.0,2.31,-12.92,1.0,0.0,0.0,0.0,-1.0,0.0,0.0,0.0,0.0,0.0,0.0,0.0,0.0,0.0,0.0,0.0,0.0,0.0,0.0,0.0,0.0,0.0,0.0,0.0,0.0,0.0,0.0,0.0,0.0,0.0,0.0,0.0,0.0,0.0,0.0,0.0,0.0,0.0,0.0,0.0
1539875882137131624,2821,1539875882135938792,map,base_link,157.387416135,8.81925942592,75.737,0.00182213222706,-0.236942273754,-0.968485795829,-0.0767483030388,0.50409996953,0.0,0.0,0.0,0.0,0.0,0.0,0.50409996953,0.0,0.0,0.0,0.0,0.0,0.0,2.01639987812,0.0,0.0,0.0,0.0,0.0,0.0,99999.0,0.0,0.0,0.0,0.0,0.0,0.0,99999.0,0.0,0.0,0.0,0.0,0.0,0.0,99999.0,3.18,-12.68,1.57,0.0,0.0,0.0,-1.0,0.0,0.0,0.0,0.0,0.0,0.0,0.0,0.0,0.0,0.0,0.0,0.0,0.0,0.0,0.0,0.0,0.0,0.0,0.0,0.0,0.0,0.0,0.0,0.0,0.0,0.0,0.0,0.0,0.0,0.0,0.0,0.0,0.0,0.0,0.0
1539875882397742056,2822,1539875882396864456,map,base_link,153.899476583,9.89639858278,75.169,0.00785431100059,-0.253764884922,-0.962951335576,-0.0909198454176,0.50409996953,0.0,0.0,0.0,0.0,0.0,0.0,0.50409996953,0.0,0.0,0.0,0.0,0.0,0.0,2.01639987812,0.0,0.0,0.0,0.0,0.0,0.0,99999.0,0.0,0.0,0.0,0.0,0.0,0.0,99999.0,0.0,0.0,0.0,0.0,0.0,0.0,99999.0,4.1,-12.4,2.31,0.0,0.0,0.0,-1.0,0.0,0.0,0.0,0.0,0.0,0.0,0.0,0.0,0.0,0.0,0.0,0.0,0.0,0.0,0.0,0.0,0.0,0.0,0.0,0.0,0.0,0.0,0.0,0.0,0.0,0.0,0.0,0.0,0.0,0.0,0.0,0.0,0.0,0.0,0.0
1539875882631762504,2823,1539875882631037224,map,base_link,150.97027792,11.0179715122,74.533,0.00785431100059,-0.253764884922,-0.962951335576,-0.0909198454176,0.50409996953,0.0,0.0,0.0,0.0,0.0,0.0,0.50409996953,0.0,0.0,0.0,0.0,0.0,0.0,2.01639987812,0.0,0.0,0.0,0.0,0.0,0.0,99999.0,0.0,0.0,0.0,0.0,0.0,0.0,99999.0,0.0,0.0,0.0,0.0,0.0,0.0,99999.0,4.82,-12.15,2.86,0.0,0.0,0.0,-1.0,0.0,0.0,0.0,0.0,0.0,0.0,0.0,0.0,0.0,0.0,0.0,0.0,0.0,0.0,0.0,0.0,0.0,0.0,0.0,0.0,0.0,0.0,0.0,0.0,0.0,0.0,0.0,0.0,0.0,0.0,0.0,0.0,0.0,0.0,0.0
1539875882878336680,2824,1539875882877283240,map,base_link,148.15112996,12.2839160027,73.775,0.0446423581238,-0.24002638212,-0.958910738606,-0.144515020445,0.50409996953,0.0,0.0,0.0,0.0,0.0,0.0,0.50409996953,0.0,0.0,0.0,0.0,0.0,0.0,2.01639987812,0.0,0.0,0.0,0.0,0.0,0.0,99999.0,0.0,0.0,0.0,0.0,0.0,0.0,99999.0,0.0,0.0,0.0,0.0,0.0,0.0,99999.0,5.42,-11.92,3.61,0.0,0.0,0.0,-1.0,0.0,0.0,0.0,0.0,0.0,0.0,0.0,0.0,0.0,0.0,0.0,0.0,0.0,0.0,0.0,0.0,0.0,0.0,0.0,0.0,0.0,0.0,0.0,0.0,0.0,0.0,0.0,0.0,0.0,0.0,0.0,0.0,0.0,0.0,0.0
1539875883151510760,2825,1539875883150230376,map,base_link,145.162656503,13.7719629188,72.695,0.0446423581238,-0.24002638212,-0.958910738606,-0.144515020445,0.50409996953,0.0,0.0,0.0,0.0,0.0,0.0,0.50409996953,0.0,0.0,0.0,0.0,0.0,0.0,2.01639987812,0.0,0.0,0.0,0.0,0.0,0.0,99999.0,0.0,0.0,0.0,0.0,0.0,0.0,99999.0,0.0,0.0,0.0,0.0,0.0,0.0,99999.0,5.94,-11.65,4.79,0.0,0.0,0.0,-1.0,0.0,0.0,0.0,0.0,0.0,0.0,0.0,0.0,0.0,0.0,0.0,0.0,0.0,0.0,0.0,0.0,0.0,0.0,0.0,0.0,0.0,0.0,0.0,0.0,0.0,0.0,0.0,0.0,0.0,0.0,0.0,0.0,0.0,0.0,0.0
1539875883375940456,2826,1539875883375175048,map,base_link,142.61440534,15.1711765084,71.53,0.0849398548373,-0.231952259757,-0.947416946899,-0.203431804253,0.50409996953,0.0,0.0,0.0,0.0,0.0,0.0,0.50409996953,0.0,0.0,0.0,0.0,0.0,0.0,2.01639987812,0.0,0.0,0.0,0.0,0.0,0.0,99999.0,0.0,0.0,0.0,0.0,0.0,0.0,99999.0,0.0,0.0,0.0,0.0,0.0,0.0,99999.0,6.46,-11.42,5.56,0.0,0.0,0.0,-1.0,0.0,0.0,0.0,0.0,0.0,0.0,0.0,0.0,0.0,0.0,0.0,0.0,0.0,0.0,0.0,0.0,0.0,0.0,0.0,0.0,0.0,0.0,0.0,0.0,0.0,0.0,0.0,0.0,0.0,0.0,0.0,0.0,0.0,0.0,0.0
1539875883596915304,2827,1539875883596013224,map,base_link,139.888364401,16.8147025262,70.109,0.0849398548373,-0.231952259757,-0.947416946899,-0.203431804253,0.50409996953,0.0,0.0,0.0,0.0,0.0,0.0,0.50409996953,0.0,0.0,0.0,0.0,0.0,0.0,2.01639987812,0.0,0.0,0.0,0.0,0.0,0.0,99999.0,0.0,0.0,0.0,0.0,0.0,0.0,99999.0,0.0,0.0,0.0,0.0,0.0,0.0,99999.0,7.02,-11.28,6.1,0.0,0.0,0.0,-1.0,0.0,0.0,0.0,0.0,0.0,0.0,0.0,0.0,0.0,0.0,0.0,0.0,0.0,0.0,0.0,0.0,0.0,0.0,0.0,0.0,0.0,0.0,0.0,0.0,0.0,0.0,0.0,0.0,0.0,0.0,0.0,0.0,0.0,0.0,0.0
1539875883868547560,2828,1539875883867841288,map,base_link,136.993000774,18.7469622287,68.469,0.106487390342,-0.197131176333,-0.947869483624,-0.226590328632,0.50409996953,0.0,0.0,0.0,0.0,0.0,0.0,0.50409996953,0.0,0.0,0.0,0.0,0.0,0.0,2.01639987812,0.0,0.0,0.0,0.0,0.0,0.0,99999.0,0.0,0.0,0.0,0.0,0.0,0.0,99999.0,0.0,0.0,0.0,0.0,0.0,0.0,99999.0,7.67,-11.16,6.51,0.0,0.0,0.0,-1.0,0.0,0.0,0.0,0.0,0.0,0.0,0.0,0.0,0.0,0.0,0.0,0.0,0.0,0.0,0.0,0.0,0.0,0.0,0.0,0.0,0.0,0.0,0.0,0.0,0.0,0.0,0.0,0.0,0.0,0.0,0.0,0.0,0.0,0.0,0.0
1539875884067887912,2829,1539875884067008424,map,base_link,134.520934936,20.5126511912,67.002,0.121875446521,-0.171128787791,-0.947083737285,-0.242680258972,0.50409996953,0.0,0.0,0.0,0.0,0.0,0.0,0.50409996953,0.0,0.0,0.0,0.0,0.0,0.0,2.01639987812,0.0,0.0,0.0,0.0,0.0,0.0,99999.0,0.0,0.0,0.0,0.0,0.0,0.0,99999.0,0.0,0.0,0.0,0.0,0.0,0.0,99999.0,8.13,-11.12,6.79,0.0,0.0,0.0,-1.0,0.0,0.0,0.0,0.0,0.0,0.0,0.0,0.0,0.0,0.0,0.0,0.0,0.0,0.0,0.0,0.0,0.0,0.0,0.0,0.0,0.0,0.0,0.0,0.0,0.0,0.0,0.0,0.0,0.0,0.0,0.0,0.0,0.0,0.0,0.0
1539875884372933864,2830,1539875884371496808,map,base_link,131.151476251,23.0779018246,65.017,0.121875446521,-0.171128787791,-0.947083737285,-0.242680258972,0.50409996953,0.0,0.0,0.0,0.0,0.0,0.0,0.50409996953,0.0,0.0,0.0,0.0,0.0,0.0,2.01639987812,0.0,0.0,0.0,0.0,0.0,0.0,99999.0,0.0,0.0,0.0,0.0,0.0,0.0,99999.0,0.0,0.0,0.0,0.0,0.0,0.0,99999.0,8.81,-11.27,6.53,0.0,0.0,0.0,-1.0,0.0,0.0,0.0,0.0,0.0,0.0,0.0,0.0,0.0,0.0,0.0,0.0,0.0,0.0,0.0,0.0,0.0,0.0,0.0,0.0,0.0,0.0,0.0,0.0,0.0,0.0,0.0,0.0,0.0,0.0,0.0,0.0,0.0,0.0,0.0
1539875884570354472,2831,1539875884569433928,map,base_link,128.865665502,24.8991211168,63.752,0.136429488999,-0.134409572315,-0.945818548377,-0.262199036893,0.50409996953,0.0,0.0,0.0,0.0,0.0,0.0,0.50409996953,0.0,0.0,0.0,0.0,0.0,0.0,2.01639987812,0.0,0.0,0.0,0.0,0.0,0.0,99999.0,0.0,0.0,0.0,0.0,0.0,0.0,99999.0,0.0,0.0,0.0,0.0,0.0,0.0,99999.0,9.28,-11.36,6.3,0.0,0.0,0.0,-1.0,0.0,0.0,0.0,0.0,0.0,0.0,0.0,0.0,0.0,0.0,0.0,0.0,0.0,0.0,0.0,0.0,0.0,0.0,0.0,0.0,0.0,0.0,0.0,0.0,0.0,0.0,0.0,0.0,0.0,0.0,0.0,0.0,0.0,0.0,0.0
1539875884873529992,2832,1539875884872876616,map,base_link,125.411553694,27.7753180672,61.879,0.134939919391,-0.129627749789,-0.945842530716,-0.265273013571,0.50409996953,0.0,0.0,0.0,0.0,0.0,0.0,0.50409996953,0.0,0.0,0.0,0.0,0.0,0.0,2.01639987812,0.0,0.0,0.0,0.0,0.0,0.0,99999.0,0.0,0.0,0.0,0.0,0.0,0.0,99999.0,0.0,0.0,0.0,0.0,0.0,0.0,99999.0,9.8,-11.44,6.33,0.0,0.0,0.0,-1.0,0.0,0.0,0.0,0.0,0.0,0.0,0.0,0.0,0.0,0.0,0.0,0.0,0.0,0.0,0.0,0.0,0.0,0.0,0.0,0.0,0.0,0.0,0.0,0.0,0.0,0.0,0.0,0.0,0.0,0.0,0.0,0.0,0.0,0.0,0.0
1539875885070458376,2833,1539875885069500168,map,base_link,123.100349205,29.7409054679,60.655,0.134939919391,-0.129627749789,-0.945842530716,-0.265273013571,0.50409996953,0.0,0.0,0.0,0.0,0.0,0.0,0.50409996953,0.0,0.0,0.0,0.0,0.0,0.0,2.01639987812,0.0,0.0,0.0,0.0,0.0,0.0,99999.0,0.0,0.0,0.0,0.0,0.0,0.0,99999.0,0.0,0.0,0.0,0.0,0.0,0.0,99999.0,10.14,-11.57,6.06,0.0,0.0,0.0,-1.0,0.0,0.0,0.0,0.0,0.0,0.0,0.0,0.0,0.0,0.0,0.0,0.0,0.0,0.0,0.0,0.0,0.0,0.0,0.0,0.0,0.0,0.0,0.0,0.0,0.0,0.0,0.0,0.0,0.0,0.0,0.0,0.0,0.0,0.0,0.0
1539875885272718344,2834,1539875885271959592,map,base_link,120.738351698,31.784228978,59.469,0.135710491762,-0.105450432195,-0.948625664275,-0.265654320226,0.50409996953,0.0,0.0,0.0,0.0,0.0,0.0,0.50409996953,0.0,0.0,0.0,0.0,0.0,0.0,2.01639987812,0.0,0.0,0.0,0.0,0.0,0.0,99999.0,0.0,0.0,0.0,0.0,0.0,0.0,99999.0,0.0,0.0,0.0,0.0,0.0,0.0,99999.0,10.38,-11.73,5.86,0.0,0.0,0.0,-1.0,0.0,0.0,0.0,0.0,0.0,0.0,0.0,0.0,0.0,0.0,0.0,0.0,0.0,0.0,0.0,0.0,0.0,0.0,0.0,0.0,0.0,0.0,0.0,0.0,0.0,0.0,0.0,0.0,0.0,0.0,0.0,0.0,0.0,0.0,0.0
1539875885532406856,2835,1539875885531228264,map,base_link,117.885334362,34.2495436656,58.127,0.135710491762,-0.105450432195,-0.948625664275,-0.265654320226,0.50409996953,0.0,0.0,0.0,0.0,0.0,0.0,0.50409996953,0.0,0.0,0.0,0.0,0.0,0.0,2.01639987812,0.0,0.0,0.0,0.0,0.0,0.0,99999.0,0.0,0.0,0.0,0.0,0.0,0.0,99999.0,0.0,0.0,0.0,0.0,0.0,0.0,99999.0,10.57,-11.99,5.52,0.0,0.0,0.0,-1.0,0.0,0.0,0.0,0.0,0.0,0.0,0.0,0.0,0.0,0.0,0.0,0.0,0.0,0.0,0.0,0.0,0.0,0.0,0.0,0.0,0.0,0.0,0.0,0.0,0.0,0.0,0.0,0.0,0.0,0.0,0.0,0.0,0.0,0.0,0.0
1539875885750781256,2836,1539875885748214440,map,base_link,115.227037311,36.5260728975,56.926,0.139115736289,-0.0721801295308,-0.947999363471,-0.27700911118,0.50409996953,0.0,0.0,0.0,0.0,0.0,0.0,0.50409996953,0.0,0.0,0.0,0.0,0.0,0.0,2.01639987812,0.0,0.0,0.0,0.0,0.0,0.0,99999.0,0.0,0.0,0.0,0.0,0.0,0.0,99999.0,0.0,0.0,0.0,0.0,0.0,0.0,99999.0,10.7,-12.13,5.49,0.0,0.0,0.0,-1.0,0.0,0.0,0.0,0.0,0.0,0.0,0.0,0.0,0.0,0.0,0.0,0.0,0.0,0.0,0.0,0.0,0.0,0.0,0.0,0.0,0.0,0.0,0.0,0.0,0.0,0.0,0.0,0.0,0.0,0.0,0.0,0.0,0.0,0.0,0.0
1539875886021570600,2837,1539875886020208616,map,base_link,111.815277778,39.4689040743,55.402,0.135808093892,-0.0735136666705,-0.944483454772,-0.290005010489,0.50409996953,0.0,0.0,0.0,0.0,0.0,0.0,0.50409996953,0.0,0.0,0.0,0.0,0.0,0.0,2.01639987812,0.0,0.0,0.0,0.0,0.0,0.0,99999.0,0.0,0.0,0.0,0.0,0.0,0.0,99999.0,0.0,0.0,0.0,0.0,0.0,0.0,99999.0,10.93,-12.26,5.35,0.0,0.0,0.0,-1.0,0.0,0.0,0.0,0.0,0.0,0.0,0.0,0.0,0.0,0.0,0.0,0.0,0.0,0.0,0.0,0.0,0.0,0.0,0.0,0.0,0.0,0.0,0.0,0.0,0.0,0.0,0.0,0.0,0.0,0.0,0.0,0.0,0.0,0.0,0.0
1539875886258650440,2838,1539875886257658792,map,base_link,108.860680953,42.0341651775,54.123,0.124585932515,-0.0810886422459,-0.943919592299,-0.294819912476,0.50409996953,0.0,0.0,0.0,0.0,0.0,0.0,0.50409996953,0.0,0.0,0.0,0.0,0.0,0.0,2.01639987812,0.0,0.0,0.0,0.0,0.0,0.0,99999.0,0.0,0.0,0.0,0.0,0.0,0.0,99999.0,0.0,0.0,0.0,0.0,0.0,0.0,99999.0,11.05,-12.34,5.38,0.0,0.0,0.0,-1.0,0.0,0.0,0.0,0.0,0.0,0.0,0.0,0.0,0.0,0.0,0.0,0.0,0.0,0.0,0.0,0.0,0.0,0.0,0.0,0.0,0.0,0.0,0.0,0.0,0.0,0.0,0.0,0.0,0.0,0.0,0.0,0.0,0.0,0.0,0.0
1539875886510695048,2839,1539875886509345160,map,base_link,105.897620677,44.6549524786,52.836,0.124585932515,-0.0810886422459,-0.943919592299,-0.294819912476,0.50409996953,0.0,0.0,0.0,0.0,0.0,0.0,0.50409996953,0.0,0.0,0.0,0.0,0.0,0.0,2.01639987812,0.0,0.0,0.0,0.0,0.0,0.0,99999.0,0.0,0.0,0.0,0.0,0.0,0.0,99999.0,0.0,0.0,0.0,0.0,0.0,0.0,99999.0,11.35,-12.36,5.19,0.0,0.0,0.0,-1.0,0.0,0.0,0.0,0.0,0.0,0.0,0.0,0.0,0.0,0.0,0.0,0.0,0.0,0.0,0.0,0.0,0.0,0.0,0.0,0.0,0.0,0.0,0.0,0.0,0.0,0.0,0.0,0.0,0.0,0.0,0.0,0.0,0.0,0.0,0.0
1539875886724519848,2840,1539875886722640776,map,base_link,103.171607487,47.1313758771,51.669,0.109566785064,-0.0926601587705,-0.948510908643,-0.282376115796,0.50409996953,0.0,0.0,0.0,0.0,0.0,0.0,0.50409996953,0.0,0.0,0.0,0.0,0.0,0.0,2.01639987812,0.0,0.0,0.0,0.0,0.0,0.0,99999.0,0.0,0.0,0.0,0.0,0.0,0.0,99999.0,0.0,0.0,0.0,0.0,0.0,0.0,99999.0,11.52,-12.34,5.24,0.0,0.0,0.0,-1.0,0.0,0.0,0.0,0.0,0.0,0.0,0.0,0.0,0.0,0.0,0.0,0.0,0.0,0.0,0.0,0.0,0.0,0.0,0.0,0.0,0.0,0.0,0.0,0.0,0.0,0.0,0.0,0.0,0.0,0.0,0.0,0.0,0.0,0.0,0.0
1539875886980665960,2841,1539875886979837896,map,base_link,99.9630420339,50.0742113204,50.264,0.109566785064,-0.0926601587705,-0.948510908643,-0.282376115796,0.50409996953,0.0,0.0,0.0,0.0,0.0,0.0,0.50409996953,0.0,0.0,0.0,0.0,0.0,0.0,2.01639987812,0.0,0.0,0.0,0.0,0.0,0.0,99999.0,0.0,0.0,0.0,0.0,0.0,0.0,99999.0,0.0,0.0,0.0,0.0,0.0,0.0,99999.0,11.52,-12.47,5.14,0.0,0.0,0.0,-1.0,0.0,0.0,0.0,0.0,0.0,0.0,0.0,0.0,0.0,0.0,0.0,0.0,0.0,0.0,0.0,0.0,0.0,0.0,0.0,0.0,0.0,0.0,0.0,0.0,0.0,0.0,0.0,0.0,0.0,0.0,0.0,0.0,0.0,0.0,0.0
1539875887236687752,2842,1539875887235276264,map,base_link,96.7206186081,52.9837309486,48.894,0.113977795665,-0.0497698402987,-0.955076306584,-0.269000508724,0.50409996953,0.0,0.0,0.0,0.0,0.0,0.0,0.50409996953,0.0,0.0,0.0,0.0,0.0,0.0,2.01639987812,0.0,0.0,0.0,0.0,0.0,0.0,99999.0,0.0,0.0,0.0,0.0,0.0,0.0,99999.0,0.0,0.0,0.0,0.0,0.0,0.0,99999.0,11.46,-12.66,5.02,0.0,0.0,0.0,-1.0,0.0,0.0,0.0,0.0,0.0,0.0,0.0,0.0,0.0,0.0,0.0,0.0,0.0,0.0,0.0,0.0,0.0,0.0,0.0,0.0,0.0,0.0,0.0,0.0,0.0,0.0,0.0,0.0,0.0,0.0,0.0,0.0,0.0,0.0,0.0
1539875887428326248,2843,1539875887423026312,map,base_link,94.4348406279,54.9826370231,47.967,0.113977795665,-0.0497698402987,-0.955076306584,-0.269000508724,0.50409996953,0.0,0.0,0.0,0.0,0.0,0.0,0.50409996953,0.0,0.0,0.0,0.0,0.0,0.0,2.01639987812,0.0,0.0,0.0,0.0,0.0,0.0,99999.0,0.0,0.0,0.0,0.0,0.0,0.0,99999.0,0.0,0.0,0.0,0.0,0.0,0.0,99999.0,11.39,-12.84,4.89,0.0,0.0,0.0,-1.0,0.0,0.0,0.0,0.0,0.0,0.0,0.0,0.0,0.0,0.0,0.0,0.0,0.0,0.0,0.0,0.0,0.0,0.0,0.0,0.0,0.0,0.0,0.0,0.0,0.0,0.0,0.0,0.0,0.0,0.0,0.0,0.0,0.0,0.0,0.0
1539875887660671304,2844,1539875887657282568,map,base_link,91.5818551071,57.4479547823,46.879,0.0974665670837,0.000235517783665,-0.949108128495,-0.299489521113,0.50409996953,0.0,0.0,0.0,0.0,0.0,0.0,0.50409996953,0.0,0.0,0.0,0.0,0.0,0.0,2.01639987812,0.0,0.0,0.0,0.0,0.0,0.0,99999.0,0.0,0.0,0.0,0.0,0.0,0.0,99999.0,0.0,0.0,0.0,0.0,0.0,0.0,99999.0,11.41,-13.14,4.32,0.0,0.0,0.0,-1.0,0.0,0.0,0.0,0.0,0.0,0.0,0.0,0.0,0.0,0.0,0.0,0.0,0.0,0.0,0.0,0.0,0.0,0.0,0.0,0.0,0.0,0.0,0.0,0.0,0.0,0.0,0.0,0.0,0.0,0.0,0.0,0.0,0.0,0.0,0.0
1539875887926611272,2845,1539875887924972648,map,base_link,87.8992265187,60.5906819774,45.742,0.0328139172588,-0.0245786910396,-0.952858312072,-0.300632952114,0.50409996953,0.0,0.0,0.0,0.0,0.0,0.0,0.50409996953,0.0,0.0,0.0,0.0,0.0,0.0,2.01639987812,0.0,0.0,0.0,0.0,0.0,0.0,99999.0,0.0,0.0,0.0,0.0,0.0,0.0,99999.0,0.0,0.0,0.0,0.0,0.0,0.0,99999.0,11.6,-13.42,3.06,0.0,0.0,0.0,-1.0,0.0,0.0,0.0,0.0,0.0,0.0,0.0,0.0,0.0,0.0,0.0,0.0,0.0,0.0,0.0,0.0,0.0,0.0,0.0,0.0,0.0,0.0,0.0,0.0,0.0,0.0,0.0,0.0,0.0,0.0,0.0,0.0,0.0,0.0,0.0
1539875888140695944,2846,1539875888137087400,map,base_link,85.232501406,62.8894292939,45.185,0.0328139172588,-0.0245786910396,-0.952858312072,-0.300632952114,0.50409996953,0.0,0.0,0.0,0.0,0.0,0.0,0.50409996953,0.0,0.0,0.0,0.0,0.0,0.0,2.01639987812,0.0,0.0,0.0,0.0,0.0,0.0,99999.0,0.0,0.0,0.0,0.0,0.0,0.0,99999.0,0.0,0.0,0.0,0.0,0.0,0.0,99999.0,11.75,-13.49,1.82,0.0,0.0,0.0,-1.0,0.0,0.0,0.0,0.0,0.0,0.0,0.0,0.0,0.0,0.0,0.0,0.0,0.0,0.0,0.0,0.0,0.0,0.0,0.0,0.0,0.0,0.0,0.0,0.0,0.0,0.0,0.0,0.0,0.0,0.0,0.0,0.0,0.0,0.0,0.0
1539875888379979016,2847,1539875888378602664,map,base_link,81.7699996458,65.9433271043,44.899,-0.0456351323867,-0.0405542087255,-0.95870092386,-0.277786481737,0.50409996953,0.0,0.0,0.0,0.0,0.0,0.0,0.50409996953,0.0,0.0,0.0,0.0,0.0,0.0,2.01639987812,0.0,0.0,0.0,0.0,0.0,0.0,99999.0,0.0,0.0,0.0,0.0,0.0,0.0,99999.0,0.0,0.0,0.0,0.0,0.0,0.0,99999.0,11.92,-13.37,-0.14,0.0,0.0,0.0,-1.0,0.0,0.0,0.0,0.0,0.0,0.0,0.0,0.0,0.0,0.0,0.0,0.0,0.0,0.0,0.0,0.0,0.0,0.0,0.0,0.0,0.0,0.0,0.0,0.0,0.0,0.0,0.0,0.0,0.0,0.0,0.0,0.0,0.0,0.0,0.0
1539875888621027240,2848,1539875888620183496,map,base_link,78.6207392922,68.7751300648,45.084,-0.0456351323867,-0.0405542087255,-0.95870092386,-0.277786481737,0.50409996953,0.0,0.0,0.0,0.0,0.0,0.0,0.50409996953,0.0,0.0,0.0,0.0,0.0,0.0,2.01639987812,0.0,0.0,0.0,0.0,0.0,0.0,99999.0,0.0,0.0,0.0,0.0,0.0,0.0,99999.0,0.0,0.0,0.0,0.0,0.0,0.0,99999.0,11.87,-13.1,-1.66,0.0,0.0,0.0,-1.0,0.0,0.0,0.0,0.0,0.0,0.0,0.0,0.0,0.0,0.0,0.0,0.0,0.0,0.0,0.0,0.0,0.0,0.0,0.0,0.0,0.0,0.0,0.0,0.0,0.0,0.0,0.0,0.0,0.0,0.0,0.0,0.0,0.0,0.0,0.0
1539875888863165992,2849,1539875888856940008,map,base_link,75.5561408195,71.5736221626,45.49,-0.0845596130275,-0.0233998313379,-0.95224769245,-0.292449058747,0.50409996953,0.0,0.0,0.0,0.0,0.0,0.0,0.50409996953,0.0,0.0,0.0,0.0,0.0,0.0,2.01639987812,0.0,0.0,0.0,0.0,0.0,0.0,99999.0,0.0,0.0,0.0,0.0,0.0,0.0,99999.0,0.0,0.0,0.0,0.0,0.0,0.0,99999.0,11.84,-12.78,-2.32,0.0,0.0,0.0,-1.0,0.0,0.0,0.0,0.0,0.0,0.0,0.0,0.0,0.0,0.0,0.0,0.0,0.0,0.0,0.0,0.0,0.0,0.0,0.0,0.0,0.0,0.0,0.0,0.0,0.0,0.0,0.0,0.0,0.0,0.0,0.0,0.0,0.0,0.0,0.0
1539875889140042408,2850,1539875889138382664,map,base_link,72.347627272,74.5942208653,46.044,-0.0845596130275,-0.0233998313379,-0.95224769245,-0.292449058747,0.50409996953,0.0,0.0,0.0,0.0,0.0,0.0,0.50409996953,0.0,0.0,0.0,0.0,0.0,0.0,2.01639987812,0.0,0.0,0.0,0.0,0.0,0.0,99999.0,0.0,0.0,0.0,0.0,0.0,0.0,99999.0,0.0,0.0,0.0,0.0,0.0,0.0,99999.0,11.81,-12.29,-3.05,0.0,0.0,0.0,-1.0,0.0,0.0,0.0,0.0,0.0,0.0,0.0,0.0,0.0,0.0,0.0,0.0,0.0,0.0,0.0,0.0,0.0,0.0,0.0,0.0,0.0,0.0,0.0,0.0,0.0,0.0,0.0,0.0,0.0,0.0,0.0,0.0,0.0,0.0,0.0
1539875889377520552,2851,1539875889372113544,map,base_link,69.5285403318,77.3705115813,46.739,-0.116660367458,-0.0243787107431,-0.944339389473,-0.306625430481,0.50409996953,0.0,0.0,0.0,0.0,0.0,0.0,0.50409996953,0.0,0.0,0.0,0.0,0.0,0.0,2.01639987812,0.0,0.0,0.0,0.0,0.0,0.0,99999.0,0.0,0.0,0.0,0.0,0.0,0.0,99999.0,0.0,0.0,0.0,0.0,0.0,0.0,99999.0,11.72,-11.83,-3.64,0.0,0.0,0.0,-1.0,0.0,0.0,0.0,0.0,0.0,0.0,0.0,0.0,0.0,0.0,0.0,0.0,0.0,0.0,0.0,0.0,0.0,0.0,0.0,0.0,0.0,0.0,0.0,0.0,0.0,0.0,0.0,0.0,0.0,0.0,0.0,0.0,0.0,0.0,0.0
1539875889580279752,2852,1539875889579258056,map,base_link,67.0057559385,79.8913866376,47.463,-0.11657137831,0.00565085692423,-0.945442761749,-0.30416634566,0.50409996953,0.0,0.0,0.0,0.0,0.0,0.0,0.50409996953,0.0,0.0,0.0,0.0,0.0,0.0,2.01639987812,0.0,0.0,0.0,0.0,0.0,0.0,99999.0,0.0,0.0,0.0,0.0,0.0,0.0,99999.0,0.0,0.0,0.0,0.0,0.0,0.0,99999.0,11.5,-11.59,-3.74,0.0,0.0,0.0,-1.0,0.0,0.0,0.0,0.0,0.0,0.0,0.0,0.0,0.0,0.0,0.0,0.0,0.0,0.0,0.0,0.0,0.0,0.0,0.0,0.0,0.0,0.0,0.0,0.0,0.0,0.0,0.0,0.0,0.0,0.0,0.0,0.0,0.0,0.0,0.0
1539875889833546024,2853,1539875889831751336,map,base_link,64.0427548528,82.8342590021,48.236,-0.11657137831,0.00565085692423,-0.945442761749,-0.30416634566,0.50409996953,0.0,0.0,0.0,0.0,0.0,0.0,0.50409996953,0.0,0.0,0.0,0.0,0.0,0.0,2.01639987812,0.0,0.0,0.0,0.0,0.0,0.0,99999.0,0.0,0.0,0.0,0.0,0.0,0.0,99999.0,0.0,0.0,0.0,0.0,0.0,0.0,99999.0,11.32,-11.46,-3.15,0.0,0.0,0.0,-1.0,0.0,0.0,0.0,0.0,0.0,0.0,0.0,0.0,0.0,0.0,0.0,0.0,0.0,0.0,0.0,0.0,0.0,0.0,0.0,0.0,0.0,0.0,0.0,0.0,0.0,0.0,0.0,0.0,0.0,0.0,0.0,0.0,0.0,0.0,0.0
1539875890070783976,2854,1539875890069437352,map,base_link,61.5876972509,85.2773987447,48.797,-0.0996891800071,0.0324452188268,-0.941714579028,-0.319660799615,0.50409996953,0.0,0.0,0.0,0.0,0.0,0.0,0.50409996953,0.0,0.0,0.0,0.0,0.0,0.0,2.01639987812,0.0,0.0,0.0,0.0,0.0,0.0,99999.0,0.0,0.0,0.0,0.0,0.0,0.0,99999.0,0.0,0.0,0.0,0.0,0.0,0.0,99999.0,11.16,-11.32,-2.96,0.0,0.0,0.0,-1.0,0.0,0.0,0.0,0.0,0.0,0.0,0.0,0.0,0.0,0.0,0.0,0.0,0.0,0.0,0.0,0.0,0.0,0.0,0.0,0.0,0.0,0.0,0.0,0.0,0.0,0.0,0.0,0.0,0.0,0.0,0.0,0.0,0.0,0.0,0.0
1539875890328497352,2855,1539875890327483784,map,base_link,58.6754951016,88.0759080398,49.657,-0.0996891800071,0.0324452188268,-0.941714579028,-0.319660799615,0.50409996953,0.0,0.0,0.0,0.0,0.0,0.0,0.50409996953,0.0,0.0,0.0,0.0,0.0,0.0,2.01639987812,0.0,0.0,0.0,0.0,0.0,0.0,99999.0,0.0,0.0,0.0,0.0,0.0,0.0,99999.0,0.0,0.0,0.0,0.0,0.0,0.0,99999.0,10.3,-11.23,-4.57,0.0,0.0,0.0,-1.0,0.0,0.0,0.0,0.0,0.0,0.0,0.0,0.0,0.0,0.0,0.0,0.0,0.0,0.0,0.0,0.0,0.0,0.0,0.0,0.0,0.0,0.0,0.0,0.0,0.0,0.0,0.0,0.0,0.0,0.0,0.0,0.0,0.0,0.0,0.0
1539875890567007912,2856,1539875890564172360,map,base_link,56.0088044325,90.4413209467,50.826,-0.0846607509126,0.0857353373623,-0.941357559207,-0.315163378118,0.50409996953,0.0,0.0,0.0,0.0,0.0,0.0,0.50409996953,0.0,0.0,0.0,0.0,0.0,0.0,2.01639987812,0.0,0.0,0.0,0.0,0.0,0.0,99999.0,0.0,0.0,0.0,0.0,0.0,0.0,99999.0,0.0,0.0,0.0,0.0,0.0,0.0,99999.0,9.69,-11.13,-5.0,0.0,0.0,0.0,-1.0,0.0,0.0,0.0,0.0,0.0,0.0,0.0,0.0,0.0,0.0,0.0,0.0,0.0,0.0,0.0,0.0,0.0,0.0,0.0,0.0,0.0,0.0,0.0,0.0,0.0,0.0,0.0,0.0,0.0,0.0,0.0,0.0,0.0,0.0,0.0
1539875890846292520,2857,1539875890844844488,map,base_link,53.1728006775,92.9066818464,52.004,-0.0803197545668,0.0517713638893,-0.941283296356,-0.323812011682,0.50409996953,0.0,0.0,0.0,0.0,0.0,0.0,0.50409996953,0.0,0.0,0.0,0.0,0.0,0.0,2.01639987812,0.0,0.0,0.0,0.0,0.0,0.0,99999.0,0.0,0.0,0.0,0.0,0.0,0.0,99999.0,0.0,0.0,0.0,0.0,0.0,0.0,99999.0,9.54,-11.05,-3.84,0.0,0.0,0.0,-1.0,0.0,0.0,0.0,0.0,0.0,0.0,0.0,0.0,0.0,0.0,0.0,0.0,0.0,0.0,0.0,0.0,0.0,0.0,0.0,0.0,0.0,0.0,0.0,0.0,0.0,0.0,0.0,0.0,0.0,0.0,0.0,0.0,0.0,0.0,0.0
1539875891089243272,2858,1539875891086756328,map,base_link,50.362191572,95.3831443259,52.799,-0.0719768046688,-0.0349177508712,-0.944143363488,-0.319677023643,0.50409996953,0.0,0.0,0.0,0.0,0.0,0.0,0.50409996953,0.0,0.0,0.0,0.0,0.0,0.0,2.01639987812,0.0,0.0,0.0,0.0,0.0,0.0,99999.0,0.0,0.0,0.0,0.0,0.0,0.0,99999.0,0.0,0.0,0.0,0.0,0.0,0.0,99999.0,9.51,-10.91,-2.54,0.0,0.0,0.0,-1.0,0.0,0.0,0.0,0.0,0.0,0.0,0.0,0.0,0.0,0.0,0.0,0.0,0.0,0.0,0.0,0.0,0.0,0.0,0.0,0.0,0.0,0.0,0.0,0.0,0.0,0.0,0.0,0.0,0.0,0.0,0.0,0.0,0.0,0.0,0.0
1539875891334502920,2859,1539875891332811880,map,base_link,47.797086313,97.7152371992,53.281,-0.0719768046688,-0.0349177508712,-0.944143363488,-0.319677023643,0.50409996953,0.0,0.0,0.0,0.0,0.0,0.0,0.50409996953,0.0,0.0,0.0,0.0,0.0,0.0,2.01639987812,0.0,0.0,0.0,0.0,0.0,0.0,99999.0,0.0,0.0,0.0,0.0,0.0,0.0,99999.0,0.0,0.0,0.0,0.0,0.0,0.0,99999.0,9.49,-10.73,-1.87,0.0,0.0,0.0,-1.0,0.0,0.0,0.0,0.0,0.0,0.0,0.0,0.0,0.0,0.0,0.0,0.0,0.0,0.0,0.0,0.0,0.0,0.0,0.0,0.0,0.0,0.0,0.0,0.0,0.0,0.0,0.0,0.0,0.0,0.0,0.0,0.0,0.0,0.0,0.0
1539875891566576584,2860,1539875891563402504,map,base_link,45.28277533,100.047329744,53.655,-0.0357982817573,-0.0299979333961,-0.946653096721,-0.318851880163,0.50409996953,0.0,0.0,0.0,0.0,0.0,0.0,0.50409996953,0.0,0.0,0.0,0.0,0.0,0.0,2.01639987812,0.0,0.0,0.0,0.0,0.0,0.0,99999.0,0.0,0.0,0.0,0.0,0.0,0.0,99999.0,0.0,0.0,0.0,0.0,0.0,0.0,99999.0,9.48,-10.6,-1.19,0.0,0.0,0.0,-1.0,0.0,0.0,0.0,0.0,0.0,0.0,0.0,0.0,0.0,0.0,0.0,0.0,0.0,0.0,0.0,0.0,0.0,0.0,0.0,0.0,0.0,0.0,0.0,0.0,0.0,0.0,0.0,0.0,0.0,0.0,0.0,0.0,0.0,0.0,0.0
1539875891808989992,2861,1539875891808352200,map,base_link,42.7769298154,102.41273616,53.839,-0.0357982817573,-0.0299979333961,-0.946653096721,-0.318851880163,0.50409996953,0.0,0.0,0.0,0.0,0.0,0.0,0.50409996953,0.0,0.0,0.0,0.0,0.0,0.0,2.01639987812,0.0,0.0,0.0,0.0,0.0,0.0,99999.0,0.0,0.0,0.0,0.0,0.0,0.0,99999.0,0.0,0.0,0.0,0.0,0.0,0.0,99999.0,9.61,-10.39,-1.14,0.0,0.0,0.0,-1.0,0.0,0.0,0.0,0.0,0.0,0.0,0.0,0.0,0.0,0.0,0.0,0.0,0.0,0.0,0.0,0.0,0.0,0.0,0.0,0.0,0.0,0.0,0.0,0.0,0.0,0.0,0.0,0.0,0.0,0.0,0.0,0.0,0.0,0.0,0.0
1539875892099003752,2862,1539875892096243656,map,base_link,39.957855762,105.144617638,54.163,-0.0220762194594,-0.0385068565542,-0.94866612406,-0.313149241726,0.50409996953,0.0,0.0,0.0,0.0,0.0,0.0,0.50409996953,0.0,0.0,0.0,0.0,0.0,0.0,2.01639987812,0.0,0.0,0.0,0.0,0.0,0.0,99999.0,0.0,0.0,0.0,0.0,0.0,0.0,99999.0,0.0,0.0,0.0,0.0,0.0,0.0,99999.0,9.57,-10.27,-0.56,0.0,0.0,0.0,-1.0,0.0,0.0,0.0,0.0,0.0,0.0,0.0,0.0,0.0,0.0,0.0,0.0,0.0,0.0,0.0,0.0,0.0,0.0,0.0,0.0,0.0,0.0,0.0,0.0,0.0,0.0,0.0,0.0,0.0,0.0,0.0,0.0,0.0,0.0,0.0
1539875892297933032,2863,1539875892295937288,map,base_link,37.9176252725,107.110237977,54.258,0.00465574211442,-0.0233504799345,-0.950369941812,-0.310209691744,0.50409996953,0.0,0.0,0.0,0.0,0.0,0.0,0.50409996953,0.0,0.0,0.0,0.0,0.0,0.0,2.01639987812,0.0,0.0,0.0,0.0,0.0,0.0,99999.0,0.0,0.0,0.0,0.0,0.0,0.0,99999.0,0.0,0.0,0.0,0.0,0.0,0.0,99999.0,9.49,-10.25,0.0,0.0,0.0,0.0,-1.0,0.0,0.0,0.0,0.0,0.0,0.0,0.0,0.0,0.0,0.0,0.0,0.0,0.0,0.0,0.0,0.0,0.0,0.0,0.0,0.0,0.0,0.0,0.0,0.0,0.0,0.0,0.0,0.0,0.0,0.0,0.0,0.0,0.0,0.0,0.0
1539875892542913160,2864,1539875892541303176,map,base_link,35.2763312409,109.642220111,54.12,0.00465574211442,-0.0233504799345,-0.950369941812,-0.310209691744,0.50409996953,0.0,0.0,0.0,0.0,0.0,0.0,0.50409996953,0.0,0.0,0.0,0.0,0.0,0.0,2.01639987812,0.0,0.0,0.0,0.0,0.0,0.0,99999.0,0.0,0.0,0.0,0.0,0.0,0.0,99999.0,0.0,0.0,0.0,0.0,0.0,0.0,99999.0,9.55,-10.18,1.36,0.0,0.0,0.0,-1.0,0.0,0.0,0.0,0.0,0.0,0.0,0.0,0.0,0.0,0.0,0.0,0.0,0.0,0.0,0.0,0.0,0.0,0.0,0.0,0.0,0.0,0.0,0.0,0.0,0.0,0.0,0.0,0.0,0.0,0.0,0.0,0.0,0.0,0.0,0.0
1539875892793461800,2865,1539875892791521480,map,base_link,32.6689000382,112.207513875,53.709,0.0172465112867,-0.04983288886,-0.944267933812,-0.32492662281,0.50409996953,0.0,0.0,0.0,0.0,0.0,0.0,0.50409996953,0.0,0.0,0.0,0.0,0.0,0.0,2.01639987812,0.0,0.0,0.0,0.0,0.0,0.0,99999.0,0.0,0.0,0.0,0.0,0.0,0.0,99999.0,0.0,0.0,0.0,0.0,0.0,0.0,99999.0,9.81,-10.07,1.56,0.0,0.0,0.0,-1.0,0.0,0.0,0.0,0.0,0.0,0.0,0.0,0.0,0.0,0.0,0.0,0.0,0.0,0.0,0.0,0.0,0.0,0.0,0.0,0.0,0.0,0.0,0.0,0.0,0.0,0.0,0.0,0.0,0.0,0.0,0.0,0.0,0.0,0.0,0.0
1539875893042274280,2866,1539875893039301128,map,base_link,30.2815794164,114.683973063,53.619,-0.00567484646894,-0.0662325939721,-0.951460601216,-0.300505846777,0.50409996953,0.0,0.0,0.0,0.0,0.0,0.0,0.50409996953,0.0,0.0,0.0,0.0,0.0,0.0,2.01639987812,0.0,0.0,0.0,0.0,0.0,0.0,99999.0,0.0,0.0,0.0,0.0,0.0,0.0,99999.0,0.0,0.0,0.0,0.0,0.0,0.0,99999.0,10.35,-9.96,-0.71,0.0,0.0,0.0,-1.0,0.0,0.0,0.0,0.0,0.0,0.0,0.0,0.0,0.0,0.0,0.0,0.0,0.0,0.0,0.0,0.0,0.0,0.0,0.0,0.0,0.0,0.0,0.0,0.0,0.0,0.0,0.0,0.0,0.0,0.0,0.0,0.0,0.0,0.0,0.0
1539875893291845832,2867,1539875893290696200,map,base_link,27.7249491553,117.493600913,54.124,-0.00567484646894,-0.0662325939721,-0.951460601216,-0.300505846777,0.50409996953,0.0,0.0,0.0,0.0,0.0,0.0,0.50409996953,0.0,0.0,0.0,0.0,0.0,0.0,2.01639987812,0.0,0.0,0.0,0.0,0.0,0.0,99999.0,0.0,0.0,0.0,0.0,0.0,0.0,99999.0,0.0,0.0,0.0,0.0,0.0,0.0,99999.0,10.53,-9.84,-1.77,0.0,0.0,0.0,-1.0,0.0,0.0,0.0,0.0,0.0,0.0,0.0,0.0,0.0,0.0,0.0,0.0,0.0,0.0,0.0,0.0,0.0,0.0,0.0,0.0,0.0,0.0,0.0,0.0,0.0,0.0,0.0,0.0,0.0,0.0,0.0,0.0,0.0,0.0,0.0
1539875893578495880,2868,1539875893576596712,map,base_link,24.9397480194,120.469809067,54.686,0.0106877787439,-0.0104763420233,-0.963866623786,-0.265964563794,0.624100033903,0.0,0.0,0.0,0.0,0.0,0.0,0.624100033903,0.0,0.0,0.0,0.0,0.0,0.0,2.49640013561,0.0,0.0,0.0,0.0,0.0,0.0,99999.0,0.0,0.0,0.0,0.0,0.0,0.0,99999.0,0.0,0.0,0.0,0.0,0.0,0.0,99999.0,10.31,-9.87,-0.92,0.0,0.0,0.0,-1.0,0.0,0.0,0.0,0.0,0.0,0.0,0.0,0.0,0.0,0.0,0.0,0.0,0.0,0.0,0.0,0.0,0.0,0.0,0.0,0.0,0.0,0.0,0.0,0.0,0.0,0.0,0.0,0.0,0.0,0.0,0.0,0.0,0.0,0.0,0.0
1539875893791010248,2869,1539875893789292040,map,base_link,22.9249222383,122.502066883,54.849,0.0106877787439,-0.0104763420233,-0.963866623786,-0.265964563794,0.624100033903,0.0,0.0,0.0,0.0,0.0,0.0,0.624100033903,0.0,0.0,0.0,0.0,0.0,0.0,2.49640013561,0.0,0.0,0.0,0.0,0.0,0.0,99999.0,0.0,0.0,0.0,0.0,0.0,0.0,99999.0,0.0,0.0,0.0,0.0,0.0,0.0,99999.0,10.05,-9.97,-0.31,0.0,0.0,0.0,-1.0,0.0,0.0,0.0,0.0,0.0,0.0,0.0,0.0,0.0,0.0,0.0,0.0,0.0,0.0,0.0,0.0,0.0,0.0,0.0,0.0,0.0,0.0,0.0,0.0,0.0,0.0,0.0,0.0,0.0,0.0,0.0,0.0,0.0,0.0,0.0
1539875893996502600,2870,1539875893995334088,map,base_link,20.9100972782,124.434375334,54.864,0.050782355974,0.0450536916399,-0.956533793746,-0.283609623626,0.50409996953,0.0,0.0,0.0,0.0,0.0,0.0,0.50409996953,0.0,0.0,0.0,0.0,0.0,0.0,2.01639987812,0.0,0.0,0.0,0.0,0.0,0.0,99999.0,0.0,0.0,0.0,0.0,0.0,0.0,99999.0,0.0,0.0,0.0,0.0,0.0,0.0,99999.0,9.8,-10.06,0.32,0.0,0.0,0.0,-1.0,0.0,0.0,0.0,0.0,0.0,0.0,0.0,0.0,0.0,0.0,0.0,0.0,0.0,0.0,0.0,0.0,0.0,0.0,0.0,0.0,0.0,0.0,0.0,0.0,0.0,0.0,0.0,0.0,0.0,0.0,0.0,0.0,0.0,0.0,0.0
1539875894234611112,2871,1539875894233338184,map,base_link,18.2349530104,126.899732451,54.761,0.050782355974,0.0450536916399,-0.956533793746,-0.283609623626,0.50409996953,0.0,0.0,0.0,0.0,0.0,0.0,0.50409996953,0.0,0.0,0.0,0.0,0.0,0.0,2.01639987812,0.0,0.0,0.0,0.0,0.0,0.0,99999.0,0.0,0.0,0.0,0.0,0.0,0.0,99999.0,0.0,0.0,0.0,0.0,0.0,0.0,99999.0,9.53,-10.21,0.58,0.0,0.0,0.0,-1.0,0.0,0.0,0.0,0.0,0.0,0.0,0.0,0.0,0.0,0.0,0.0,0.0,0.0,0.0,0.0,0.0,0.0,0.0,0.0,0.0,0.0,0.0,0.0,0.0,0.0,0.0,0.0,0.0,0.0,0.0,0.0,0.0,0.0,0.0,0.0
1539875894487915560,2872,1539875894485772808,map,base_link,15.7460545448,129.142984379,54.598,0.0518641966606,0.0232908140185,-0.954554897957,-0.292562112845,0.624100033903,0.0,0.0,0.0,0.0,0.0,0.0,0.624100033903,0.0,0.0,0.0,0.0,0.0,0.0,2.49640013561,0.0,0.0,0.0,0.0,0.0,0.0,99999.0,0.0,0.0,0.0,0.0,0.0,0.0,99999.0,0.0,0.0,0.0,0.0,0.0,0.0,99999.0,9.42,-10.28,1.03,0.0,0.0,0.0,-1.0,0.0,0.0,0.0,0.0,0.0,0.0,0.0,0.0,0.0,0.0,0.0,0.0,0.0,0.0,0.0,0.0,0.0,0.0,0.0,0.0,0.0,0.0,0.0,0.0,0.0,0.0,0.0,0.0,0.0,0.0,0.0,0.0,0.0,0.0,0.0
1539875894690147560,2873,1539875894687837384,map,base_link,13.6635079565,131.008658155,54.374,0.0572016827623,0.0129322689206,-0.96038179507,-0.272447300605,0.624100033903,0.0,0.0,0.0,0.0,0.0,0.0,0.624100033903,0.0,0.0,0.0,0.0,0.0,0.0,2.49640013561,0.0,0.0,0.0,0.0,0.0,0.0,99999.0,0.0,0.0,0.0,0.0,0.0,0.0,99999.0,0.0,0.0,0.0,0.0,0.0,0.0,99999.0,9.37,-10.34,1.41,0.0,0.0,0.0,-1.0,0.0,0.0,0.0,0.0,0.0,0.0,0.0,0.0,0.0,0.0,0.0,0.0,0.0,0.0,0.0,0.0,0.0,0.0,0.0,0.0,0.0,0.0,0.0,0.0,0.0,0.0,0.0,0.0,0.0,0.0,0.0,0.0,0.0,0.0,0.0
1539875894924627464,2874,1539875894922680904,map,base_link,10.9291091256,133.407380764,54.023,0.0567645783874,0.00797945996388,-0.967674305039,-0.245602423087,0.624100033903,0.0,0.0,0.0,0.0,0.0,0.0,0.624100033903,0.0,0.0,0.0,0.0,0.0,0.0,2.49640013561,0.0,0.0,0.0,0.0,0.0,0.0,99999.0,0.0,0.0,0.0,0.0,0.0,0.0,99999.0,0.0,0.0,0.0,0.0,0.0,0.0,99999.0,9.18,-10.56,1.52,0.0,0.0,0.0,-1.0,0.0,0.0,0.0,0.0,0.0,0.0,0.0,0.0,0.0,0.0,0.0,0.0,0.0,0.0,0.0,0.0,0.0,0.0,0.0,0.0,0.0,0.0,0.0,0.0,0.0,0.0,0.0,0.0,0.0,0.0,0.0,0.0,0.0,0.0,0.0
1539875895169655240,2875,1539875895168283944,map,base_link,8.56719977855,135.384105216,53.68,0.0567645783874,0.00797945996388,-0.967674305039,-0.245602423087,0.624100033903,0.0,0.0,0.0,0.0,0.0,0.0,0.624100033903,0.0,0.0,0.0,0.0,0.0,0.0,2.49640013561,0.0,0.0,0.0,0.0,0.0,0.0,99999.0,0.0,0.0,0.0,0.0,0.0,0.0,99999.0,0.0,0.0,0.0,0.0,0.0,0.0,99999.0,8.98,-10.77,1.89,0.0,0.0,0.0,-1.0,0.0,0.0,0.0,0.0,0.0,0.0,0.0,0.0,0.0,0.0,0.0,0.0,0.0,0.0,0.0,0.0,0.0,0.0,0.0,0.0,0.0,0.0,0.0,0.0,0.0,0.0,0.0,0.0,0.0,0.0,0.0,0.0,0.0,0.0,0.0
1539875895435313832,2876,1539875895433752264,map,base_link,5.49418009011,137.849453956,53.036,0.0563393494856,-0.0318530463224,-0.963131015788,-0.261131973468,0.624100033903,0.0,0.0,0.0,0.0,0.0,0.0,0.624100033903,0.0,0.0,0.0,0.0,0.0,0.0,2.49640013561,0.0,0.0,0.0,0.0,0.0,0.0,99999.0,0.0,0.0,0.0,0.0,0.0,0.0,99999.0,0.0,0.0,0.0,0.0,0.0,0.0,99999.0,8.89,-10.95,2.8,0.0,0.0,0.0,-1.0,0.0,0.0,0.0,0.0,0.0,0.0,0.0,0.0,0.0,0.0,0.0,0.0,0.0,0.0,0.0,0.0,0.0,0.0,0.0,0.0,0.0,0.0,0.0,0.0,0.0,0.0,0.0,0.0,0.0,0.0,0.0,0.0,0.0,0.0,0.0
1539875895691841032,2877,1539875895690718344,map,base_link,2.83597779775,139.992749639,52.303,0.0563393494856,-0.0318530463224,-0.963131015788,-0.261131973468,0.624100033903,0.0,0.0,0.0,0.0,0.0,0.0,0.624100033903,0.0,0.0,0.0,0.0,0.0,0.0,2.49640013561,0.0,0.0,0.0,0.0,0.0,0.0,99999.0,0.0,0.0,0.0,0.0,0.0,0.0,99999.0,0.0,0.0,0.0,0.0,0.0,0.0,99999.0,9.1,-11.02,3.11,0.0,0.0,0.0,-1.0,0.0,0.0,0.0,0.0,0.0,0.0,0.0,0.0,0.0,0.0,0.0,0.0,0.0,0.0,0.0,0.0,0.0,0.0,0.0,0.0,0.0,0.0,0.0,0.0,0.0,0.0,0.0,0.0,0.0,0.0,0.0,0.0,0.0,0.0,0.0
1539875895910484712,2878,1539875895901804904,map,base_link,0.397883304964,142.013890081,51.664,0.0354329256881,-0.0406060863092,-0.957281001158,-0.284092834043,0.624100033903,0.0,0.0,0.0,0.0,0.0,0.0,0.624100033903,0.0,0.0,0.0,0.0,0.0,0.0,2.49640013561,0.0,0.0,0.0,0.0,0.0,0.0,99999.0,0.0,0.0,0.0,0.0,0.0,0.0,99999.0,0.0,0.0,0.0,0.0,0.0,0.0,99999.0,9.34,-11.14,2.67,0.0,0.0,0.0,-1.0,0.0,0.0,0.0,0.0,0.0,0.0,0.0,0.0,0.0,0.0,0.0,0.0,0.0,0.0,0.0,0.0,0.0,0.0,0.0,0.0,0.0,0.0,0.0,0.0,0.0,0.0,0.0,0.0,0.0,0.0,0.0,0.0,0.0,0.0,0.0
1539875896152174792,2879,1539875896150937896,map,base_link,-2.5227484071,144.457031796,51.083,0.0354329256881,-0.0406060863092,-0.957281001158,-0.284092834043,0.624100033903,0.0,0.0,0.0,0.0,0.0,0.0,0.624100033903,0.0,0.0,0.0,0.0,0.0,0.0,2.49640013561,0.0,0.0,0.0,0.0,0.0,0.0,99999.0,0.0,0.0,0.0,0.0,0.0,0.0,99999.0,0.0,0.0,0.0,0.0,0.0,0.0,99999.0,9.56,-11.26,1.93,0.0,0.0,0.0,-1.0,0.0,0.0,0.0,0.0,0.0,0.0,0.0,0.0,0.0,0.0,0.0,0.0,0.0,0.0,0.0,0.0,0.0,0.0,0.0,0.0,0.0,0.0,0.0,0.0,0.0,0.0,0.0,0.0,0.0,0.0,0.0,0.0,0.0,0.0,0.0
1539875896365773864,2880,1539875896363448584,map,base_link,-4.8084585703,146.400444173,50.786,-0.0103887265864,-0.0456404186552,-0.963900055359,-0.262117740383,0.624100033903,0.0,0.0,0.0,0.0,0.0,0.0,0.624100033903,0.0,0.0,0.0,0.0,0.0,0.0,2.49640013561,0.0,0.0,0.0,0.0,0.0,0.0,99999.0,0.0,0.0,0.0,0.0,0.0,0.0,99999.0,0.0,0.0,0.0,0.0,0.0,0.0,99999.0,9.69,-11.29,1.41,0.0,0.0,0.0,-1.0,0.0,0.0,0.0,0.0,0.0,0.0,0.0,0.0,0.0,0.0,0.0,0.0,0.0,0.0,0.0,0.0,0.0,0.0,0.0,0.0,0.0,0.0,0.0,0.0,0.0,0.0,0.0,0.0,0.0,0.0,0.0,0.0,0.0,0.0,0.0
1539875896610857960,2881,1539875896606994952,map,base_link,-7.54284347039,148.721437268,50.549,-0.0262201152884,-0.0517987917841,-0.96447370631,-0.257720508613,0.624100033903,0.0,0.0,0.0,0.0,0.0,0.0,0.624100033903,0.0,0.0,0.0,0.0,0.0,0.0,2.49640013561,0.0,0.0,0.0,0.0,0.0,0.0,99999.0,0.0,0.0,0.0,0.0,0.0,0.0,99999.0,0.0,0.0,0.0,0.0,0.0,0.0,99999.0,9.85,-11.29,0.95,0.0,0.0,0.0,-1.0,0.0,0.0,0.0,0.0,0.0,0.0,0.0,0.0,0.0,0.0,0.0,0.0,0.0,0.0,0.0,0.0,0.0,0.0,0.0,0.0,0.0,0.0,0.0,0.0,0.0,0.0,0.0,0.0,0.0,0.0,0.0,0.0,0.0,0.0,0.0
1539875896878942920,2882,1539875896878271880,map,base_link,-10.7682301187,151.486642657,50.346,-0.0262201152884,-0.0517987917841,-0.96447370631,-0.257720508613,0.624100033903,0.0,0.0,0.0,0.0,0.0,0.0,0.624100033903,0.0,0.0,0.0,0.0,0.0,0.0,2.49640013561,0.0,0.0,0.0,0.0,0.0,0.0,99999.0,0.0,0.0,0.0,0.0,0.0,0.0,99999.0,0.0,0.0,0.0,0.0,0.0,0.0,99999.0,9.98,-11.29,0.65,0.0,0.0,0.0,-1.0,0.0,0.0,0.0,0.0,0.0,0.0,0.0,0.0,0.0,0.0,0.0,0.0,0.0,0.0,0.0,0.0,0.0,0.0,0.0,0.0,0.0,0.0,0.0,0.0,0.0,0.0,0.0,0.0,0.0,0.0,0.0,0.0,0.0,0.0,0.0
1539875897135478344,2883,1539875897133829000,map,base_link,-13.5026110362,153.852061243,50.217,-0.0342977065098,-0.0405949284736,-0.964271508578,-0.259530685768,0.624100033903,0.0,0.0,0.0,0.0,0.0,0.0,0.624100033903,0.0,0.0,0.0,0.0,0.0,0.0,2.49640013561,0.0,0.0,0.0,0.0,0.0,0.0,99999.0,0.0,0.0,0.0,0.0,0.0,0.0,99999.0,0.0,0.0,0.0,0.0,0.0,0.0,99999.0,10.06,-11.26,0.4,0.0,0.0,0.0,-1.0,0.0,0.0,0.0,0.0,0.0,0.0,0.0,0.0,0.0,0.0,0.0,0.0,0.0,0.0,0.0,0.0,0.0,0.0,0.0,0.0,0.0,0.0,0.0,0.0,0.0,0.0,0.0,0.0,0.0,0.0,0.0,0.0,0.0,0.0,0.0
1539875897350741000,2884,1539875897347186152,map,base_link,-16.2623870149,156.228587763,50.155,-0.0342977065098,-0.0405949284736,-0.964271508578,-0.259530685768,0.624100033903,0.0,0.0,0.0,0.0,0.0,0.0,0.624100033903,0.0,0.0,0.0,0.0,0.0,0.0,2.49640013561,0.0,0.0,0.0,0.0,0.0,0.0,99999.0,0.0,0.0,0.0,0.0,0.0,0.0,99999.0,0.0,0.0,0.0,0.0,0.0,0.0,99999.0,10.03,-11.29,0.13,0.0,0.0,0.0,-1.0,0.0,0.0,0.0,0.0,0.0,0.0,0.0,0.0,0.0,0.0,0.0,0.0,0.0,0.0,0.0,0.0,0.0,0.0,0.0,0.0,0.0,0.0,0.0,0.0,0.0,0.0,0.0,0.0,0.0,0.0,0.0,0.0,0.0,0.0,0.0
1539875897559180360,2885,1539875897558357256,map,base_link,-18.5650209576,158.183115798,50.138,-0.0338491800583,-0.0144701188738,-0.963740034144,-0.264291496757,0.624100033903,0.0,0.0,0.0,0.0,0.0,0.0,0.624100033903,0.0,0.0,0.0,0.0,0.0,0.0,2.49640013561,0.0,0.0,0.0,0.0,0.0,0.0,99999.0,0.0,0.0,0.0,0.0,0.0,0.0,99999.0,0.0,0.0,0.0,0.0,0.0,0.0,99999.0,9.95,-11.35,0.0,0.0,0.0,0.0,-1.0,0.0,0.0,0.0,0.0,0.0,0.0,0.0,0.0,0.0,0.0,0.0,0.0,0.0,0.0,0.0,0.0,0.0,0.0,0.0,0.0,0.0,0.0,0.0,0.0,0.0,0.0,0.0,0.0,0.0,0.0,0.0,0.0,0.0,0.0,0.0
1539875897809515336,2886,1539875897808866120,map,base_link,-21.5702951803,160.704014292,50.129,-0.0336308610951,-0.00534051771251,-0.962374045427,-0.269586054426,0.50409996953,0.0,0.0,0.0,0.0,0.0,0.0,0.50409996953,0.0,0.0,0.0,0.0,0.0,0.0,2.01639987812,0.0,0.0,0.0,0.0,0.0,0.0,99999.0,0.0,0.0,0.0,0.0,0.0,0.0,99999.0,0.0,0.0,0.0,0.0,0.0,0.0,99999.0,9.87,-11.36,-0.06,0.0,0.0,0.0,-1.0,0.0,0.0,0.0,0.0,0.0,0.0,0.0,0.0,0.0,0.0,0.0,0.0,0.0,0.0,0.0,0.0,0.0,0.0,0.0,0.0,0.0,0.0,0.0,0.0,0.0,0.0,0.0,0.0,0.0,0.0,0.0,0.0,0.0,0.0,0.0
1539875898069301960,2887,1539875898067093896,map,base_link,-24.3300665691,163.002809573,50.16,-0.0336308610951,-0.00534051771251,-0.962374045427,-0.269586054426,0.50409996953,0.0,0.0,0.0,0.0,0.0,0.0,0.50409996953,0.0,0.0,0.0,0.0,0.0,0.0,2.01639987812,0.0,0.0,0.0,0.0,0.0,0.0,99999.0,0.0,0.0,0.0,0.0,0.0,0.0,99999.0,0.0,0.0,0.0,0.0,0.0,0.0,99999.0,9.74,-11.36,-0.35,0.0,0.0,0.0,-1.0,0.0,0.0,0.0,0.0,0.0,0.0,0.0,0.0,0.0,0.0,0.0,0.0,0.0,0.0,0.0,0.0,0.0,0.0,0.0,0.0,0.0,0.0,0.0,0.0,0.0,0.0,0.0,0.0,0.0,0.0,0.0,0.0,0.0,0.0,0.0
1539875898263911400,2888,1539875898262965800,map,base_link,-26.8443355348,165.090606137,50.232,-0.0428844201471,-0.0370611657498,-0.961244907302,-0.269806643149,0.50409996953,0.0,0.0,0.0,0.0,0.0,0.0,0.50409996953,0.0,0.0,0.0,0.0,0.0,0.0,2.01639987812,0.0,0.0,0.0,0.0,0.0,0.0,99999.0,0.0,0.0,0.0,0.0,0.0,0.0,99999.0,0.0,0.0,0.0,0.0,0.0,0.0,99999.0,9.78,-11.31,-0.36,0.0,0.0,0.0,-1.0,0.0,0.0,0.0,0.0,0.0,0.0,0.0,0.0,0.0,0.0,0.0,0.0,0.0,0.0,0.0,0.0,0.0,0.0,0.0,0.0,0.0,0.0,0.0,0.0,0.0,0.0,0.0,0.0,0.0,0.0,0.0,0.0,0.0,0.0,0.0
1539875898516240296,2889,1539875898515124456,map,base_link,-29.5871725244,167.422719387,50.283,-0.0428844201471,-0.0370611657498,-0.961244907302,-0.269806643149,0.50409996953,0.0,0.0,0.0,0.0,0.0,0.0,0.50409996953,0.0,0.0,0.0,0.0,0.0,0.0,2.01639987812,0.0,0.0,0.0,0.0,0.0,0.0,99999.0,0.0,0.0,0.0,0.0,0.0,0.0,99999.0,0.0,0.0,0.0,0.0,0.0,0.0,99999.0,9.88,-11.24,-0.27,0.0,0.0,0.0,-1.0,0.0,0.0,0.0,0.0,0.0,0.0,0.0,0.0,0.0,0.0,0.0,0.0,0.0,0.0,0.0,0.0,0.0,0.0,0.0,0.0,0.0,0.0,0.0,0.0,0.0,0.0,0.0,0.0,0.0,0.0,0.0,0.0,0.0,0.0,0.0
1539875898783470536,2890,1539875898782263656,map,base_link,-32.296145621,169.777044834,50.367,-0.0498743825199,-0.0530732981196,-0.961004703774,-0.266769058025,0.50409996953,0.0,0.0,0.0,0.0,0.0,0.0,0.50409996953,0.0,0.0,0.0,0.0,0.0,0.0,2.01639987812,0.0,0.0,0.0,0.0,0.0,0.0,99999.0,0.0,0.0,0.0,0.0,0.0,0.0,99999.0,0.0,0.0,0.0,0.0,0.0,0.0,99999.0,10.01,-11.11,-0.57,0.0,0.0,0.0,-1.0,0.0,0.0,0.0,0.0,0.0,0.0,0.0,0.0,0.0,0.0,0.0,0.0,0.0,0.0,0.0,0.0,0.0,0.0,0.0,0.0,0.0,0.0,0.0,0.0,0.0,0.0,0.0,0.0,0.0,0.0,0.0,0.0,0.0,0.0,0.0
1539875898979025672,2891,1539875898977972744,map,base_link,-34.7426856186,171.964793039,50.504,-0.0498743825199,-0.0530732981196,-0.961004703774,-0.266769058025,0.624100033903,0.0,0.0,0.0,0.0,0.0,0.0,0.624100033903,0.0,0.0,0.0,0.0,0.0,0.0,2.49640013561,0.0,0.0,0.0,0.0,0.0,0.0,99999.0,0.0,0.0,0.0,0.0,0.0,0.0,99999.0,0.0,0.0,0.0,0.0,0.0,0.0,99999.0,10.06,-11.05,-0.56,0.0,0.0,0.0,-1.0,0.0,0.0,0.0,0.0,0.0,0.0,0.0,0.0,0.0,0.0,0.0,0.0,0.0,0.0,0.0,0.0,0.0,0.0,0.0,0.0,0.0,0.0,0.0,0.0,0.0,0.0,0.0,0.0,0.0,0.0,0.0,0.0,0.0,0.0,0.0
1539875899255887688,2892,1539875899254645672,map,base_link,-37.6378972996,174.563439338,50.67,-0.0432317280209,-0.0404438532712,-0.961210465873,-0.26938773677,0.624100033903,0.0,0.0,0.0,0.0,0.0,0.0,0.624100033903,0.0,0.0,0.0,0.0,0.0,0.0,2.49640013561,0.0,0.0,0.0,0.0,0.0,0.0,99999.0,0.0,0.0,0.0,0.0,0.0,0.0,99999.0,0.0,0.0,0.0,0.0,0.0,0.0,99999.0,10.1,-11.01,-0.63,0.0,0.0,0.0,-1.0,0.0,0.0,0.0,0.0,0.0,0.0,0.0,0.0,0.0,0.0,0.0,0.0,0.0,0.0,0.0,0.0,0.0,0.0,0.0,0.0,0.0,0.0,0.0,0.0,0.0,0.0,0.0,0.0,0.0,0.0,0.0,0.0,0.0,0.0,0.0
1539875899484082120,2893,1539875899482695176,map,base_link,-40.3045379193,176.962190677,50.823,-0.0287033667229,-0.0150064434623,-0.960277956692,-0.277159104638,0.50409996953,0.0,0.0,0.0,0.0,0.0,0.0,0.50409996953,0.0,0.0,0.0,0.0,0.0,0.0,2.01639987812,0.0,0.0,0.0,0.0,0.0,0.0,99999.0,0.0,0.0,0.0,0.0,0.0,0.0,99999.0,0.0,0.0,0.0,0.0,0.0,0.0,99999.0,10.12,-11.02,-0.52,0.0,0.0,0.0,-1.0,0.0,0.0,0.0,0.0,0.0,0.0,0.0,0.0,0.0,0.0,0.0,0.0,0.0,0.0,0.0,0.0,0.0,0.0,0.0,0.0,0.0,0.0,0.0,0.0,0.0,0.0,0.0,0.0,0.0,0.0,0.0,0.0,0.0,0.0,0.0
1539875899754298248,2894,1539875899753114568,map,base_link,-43.4452455109,179.771838564,50.926,-0.0287033667229,-0.0150064434623,-0.960277956692,-0.277159104638,0.50409996953,0.0,0.0,0.0,0.0,0.0,0.0,0.50409996953,0.0,0.0,0.0,0.0,0.0,0.0,2.01639987812,0.0,0.0,0.0,0.0,0.0,0.0,99999.0,0.0,0.0,0.0,0.0,0.0,0.0,99999.0,0.0,0.0,0.0,0.0,0.0,0.0,99999.0,10.08,-11.08,-0.18,0.0,0.0,0.0,-1.0,0.0,0.0,0.0,0.0,0.0,0.0,0.0,0.0,0.0,0.0,0.0,0.0,0.0,0.0,0.0,0.0,0.0,0.0,0.0,0.0,0.0,0.0,0.0,0.0,0.0,0.0,0.0,0.0,0.0,0.0,0.0,0.0,0.0,0.0,0.0
1539875899970383432,2895,1539875899968975336,map,base_link,-45.9002444604,181.937377858,50.971,-0.0184165278608,-0.00709888932438,-0.963417213763,-0.267278337126,0.50409996953,0.0,0.0,0.0,0.0,0.0,0.0,0.50409996953,0.0,0.0,0.0,0.0,0.0,0.0,2.01639987812,0.0,0.0,0.0,0.0,0.0,0.0,99999.0,0.0,0.0,0.0,0.0,0.0,0.0,99999.0,0.0,0.0,0.0,0.0,0.0,0.0,99999.0,9.99,-11.14,-0.3,0.0,0.0,0.0,-1.0,0.0,0.0,0.0,0.0,0.0,0.0,0.0,0.0,0.0,0.0,0.0,0.0,0.0,0.0,0.0,0.0,0.0,0.0,0.0,0.0,0.0,0.0,0.0,0.0,0.0,0.0,0.0,0.0,0.0,0.0,0.0,0.0,0.0,0.0,0.0
1539875900211429896,2896,1539875900209776456,map,base_link,-48.3721734282,184.091813733,51.052,-0.0130876337572,0.00217983956693,-0.96552441568,-0.259974161923,0.50409996953,0.0,0.0,0.0,0.0,0.0,0.0,0.50409996953,0.0,0.0,0.0,0.0,0.0,0.0,2.01639987812,0.0,0.0,0.0,0.0,0.0,0.0,99999.0,0.0,0.0,0.0,0.0,0.0,0.0,99999.0,0.0,0.0,0.0,0.0,0.0,0.0,99999.0,9.88,-11.23,-0.48,0.0,0.0,0.0,-1.0,0.0,0.0,0.0,0.0,0.0,0.0,0.0,0.0,0.0,0.0,0.0,0.0,0.0,0.0,0.0,0.0,0.0,0.0,0.0,0.0,0.0,0.0,0.0,0.0,0.0,0.0,0.0,0.0,0.0,0.0,0.0,0.0,0.0,0.0,0.0
1539875900452168072,2897,1539875900451570152,map,base_link,-51.1149977689,186.412831932,51.167,-0.0130876337572,0.00217983956693,-0.96552441568,-0.259974161923,0.50409996953,0.0,0.0,0.0,0.0,0.0,0.0,0.50409996953,0.0,0.0,0.0,0.0,0.0,0.0,2.01639987812,0.0,0.0,0.0,0.0,0.0,0.0,99999.0,0.0,0.0,0.0,0.0,0.0,0.0,99999.0,0.0,0.0,0.0,0.0,0.0,0.0,99999.0,9.77,-11.32,-0.37,0.0,0.0,0.0,-1.0,0.0,0.0,0.0,0.0,0.0,0.0,0.0,0.0,0.0,0.0,0.0,0.0,0.0,0.0,0.0,0.0,0.0,0.0,0.0,0.0,0.0,0.0,0.0,0.0,0.0,0.0,0.0,0.0,0.0,0.0,0.0,0.0,0.0,0.0,0.0
1539875900678437832,2898,1539875900677431688,map,base_link,-53.8578204866,188.711640138,51.259,-0.0106528973511,-0.0189699546133,-0.966458596728,-0.255899271999,0.50409996953,0.0,0.0,0.0,0.0,0.0,0.0,0.50409996953,0.0,0.0,0.0,0.0,0.0,0.0,2.01639987812,0.0,0.0,0.0,0.0,0.0,0.0,99999.0,0.0,0.0,0.0,0.0,0.0,0.0,99999.0,0.0,0.0,0.0,0.0,0.0,0.0,99999.0,9.73,-11.37,-0.38,0.0,0.0,0.0,-1.0,0.0,0.0,0.0,0.0,0.0,0.0,0.0,0.0,0.0,0.0,0.0,0.0,0.0,0.0,0.0,0.0,0.0,0.0,0.0,0.0,0.0,0.0,0.0,0.0,0.0,0.0,0.0,0.0,0.0,0.0,0.0,0.0,0.0,0.0,0.0
1539875900884540040,2899,1539875900882142376,map,base_link,-56.1689016693,190.632868035,51.355,1.01012938487e-05,0.0164631693853,-0.966878756612,-0.254704601378,0.50409996953,0.0,0.0,0.0,0.0,0.0,0.0,0.50409996953,0.0,0.0,0.0,0.0,0.0,0.0,2.01639987812,0.0,0.0,0.0,0.0,0.0,0.0,99999.0,0.0,0.0,0.0,0.0,0.0,0.0,99999.0,0.0,0.0,0.0,0.0,0.0,0.0,99999.0,9.61,-11.46,-0.31,0.0,0.0,0.0,-1.0,0.0,0.0,0.0,0.0,0.0,0.0,0.0,0.0,0.0,0.0,0.0,0.0,0.0,0.0,0.0,0.0,0.0,0.0,0.0,0.0,0.0,0.0,0.0,0.0,0.0,0.0,0.0,0.0,0.0,0.0,0.0,0.0,0.0,0.0,0.0
1539875901132452168,2900,1539875901131434280,map,base_link,-58.9709801317,192.898361757,51.404,1.01012938487e-05,0.0164631693853,-0.966878756612,-0.254704601378,0.50409996953,0.0,0.0,0.0,0.0,0.0,0.0,0.50409996953,0.0,0.0,0.0,0.0,0.0,0.0,2.01639987812,0.0,0.0,0.0,0.0,0.0,0.0,99999.0,0.0,0.0,0.0,0.0,0.0,0.0,99999.0,0.0,0.0,0.0,0.0,0.0,0.0,99999.0,9.47,-11.58,-0.13,0.0,0.0,0.0,-1.0,0.0,0.0,0.0,0.0,0.0,0.0,0.0,0.0,0.0,0.0,0.0,0.0,0.0,0.0,0.0,0.0,0.0,0.0,0.0,0.0,0.0,0.0,0.0,0.0,0.0,0.0,0.0,0.0,0.0,0.0,0.0,0.0,0.0,0.0,0.0
1539875901405243112,2901,1539875901403781416,map,base_link,-62.2301933066,195.508123069,51.458,-0.00324958682894,-0.018479485051,-0.964386194571,-0.26383179592,0.50409996953,0.0,0.0,0.0,0.0,0.0,0.0,0.50409996953,0.0,0.0,0.0,0.0,0.0,0.0,2.01639987812,0.0,0.0,0.0,0.0,0.0,0.0,99999.0,0.0,0.0,0.0,0.0,0.0,0.0,99999.0,0.0,0.0,0.0,0.0,0.0,0.0,99999.0,9.54,-11.6,-0.16,0.0,0.0,0.0,-1.0,0.0,0.0,0.0,0.0,0.0,0.0,0.0,0.0,0.0,0.0,0.0,0.0,0.0,0.0,0.0,0.0,0.0,0.0,0.0,0.0,0.0,0.0,0.0,0.0,0.0,0.0,0.0,0.0,0.0,0.0,0.0,0.0,0.0,0.0,0.0
1539875901654350920,2902,1539875901653429320,map,base_link,-65.2608359854,197.984621186,51.518,-0.00844648758374,-0.0452371975488,-0.96350555632,-0.263703044627,0.50409996953,0.0,0.0,0.0,0.0,0.0,0.0,0.50409996953,0.0,0.0,0.0,0.0,0.0,0.0,2.01639987812,0.0,0.0,0.0,0.0,0.0,0.0,99999.0,0.0,0.0,0.0,0.0,0.0,0.0,99999.0,0.0,0.0,0.0,0.0,0.0,0.0,99999.0,9.64,-11.58,-0.14,0.0,0.0,0.0,-1.0,0.0,0.0,0.0,0.0,0.0,0.0,0.0,0.0,0.0,0.0,0.0,0.0,0.0,0.0,0.0,0.0,0.0,0.0,0.0,0.0,0.0,0.0,0.0,0.0,0.0,0.0,0.0,0.0,0.0,0.0,0.0,0.0,0.0,0.0,0.0
1539875901870115336,2903,1539875901868948200,map,base_link,-67.817409722,200.094642122,51.549,-0.00914669515613,-0.050815499638,-0.963572822848,-0.26241482053,0.624100033903,0.0,0.0,0.0,0.0,0.0,0.0,0.624100033903,0.0,0.0,0.0,0.0,0.0,0.0,2.49640013561,0.0,0.0,0.0,0.0,0.0,0.0,99999.0,0.0,0.0,0.0,0.0,0.0,0.0,99999.0,0.0,0.0,0.0,0.0,0.0,0.0,99999.0,9.71,-11.57,0.0,0.0,0.0,0.0,-1.0,0.0,0.0,0.0,0.0,0.0,0.0,0.0,0.0,0.0,0.0,0.0,0.0,0.0,0.0,0.0,0.0,0.0,0.0,0.0,0.0,0.0,0.0,0.0,0.0,0.0,0.0,0.0,0.0,0.0,0.0,0.0,0.0,0.0,0.0,0.0
1539875902129646056,2904,1539875902128208840,map,base_link,-70.8226508703,202.626666379,51.536,-0.00914669515613,-0.050815499638,-0.963572822848,-0.26241482053,0.50409996953,0.0,0.0,0.0,0.0,0.0,0.0,0.50409996953,0.0,0.0,0.0,0.0,0.0,0.0,2.01639987812,0.0,0.0,0.0,0.0,0.0,0.0,99999.0,0.0,0.0,0.0,0.0,0.0,0.0,99999.0,0.0,0.0,0.0,0.0,0.0,0.0,99999.0,9.83,-11.51,0.16,0.0,0.0,0.0,-1.0,0.0,0.0,0.0,0.0,0.0,0.0,0.0,0.0,0.0,0.0,0.0,0.0,0.0,0.0,0.0,0.0,0.0,0.0,0.0,0.0,0.0,0.0,0.0,0.0,0.0,0.0,0.0,0.0,0.0,0.0,0.0,0.0,0.0,0.0,0.0
1539875902358407208,2905,1539875902356384232,map,base_link,-73.3622892859,204.781108162,51.508,-0.0071888059444,-0.0540440045036,-0.960694764257,-0.272200544773,0.50409996953,0.0,0.0,0.0,0.0,0.0,0.0,0.50409996953,0.0,0.0,0.0,0.0,0.0,0.0,2.01639987812,0.0,0.0,0.0,0.0,0.0,0.0,99999.0,0.0,0.0,0.0,0.0,0.0,0.0,99999.0,0.0,0.0,0.0,0.0,0.0,0.0,99999.0,9.91,-11.47,0.22,0.0,0.0,0.0,-1.0,0.0,0.0,0.0,0.0,0.0,0.0,0.0,0.0,0.0,0.0,0.0,0.0,0.0,0.0,0.0,0.0,0.0,0.0,0.0,0.0,0.0,0.0,0.0,0.0,0.0,0.0,0.0,0.0,0.0,0.0,0.0,0.0,0.0,0.0,0.0
1539875902600599976,2906,1539875902599523016,map,base_link,-76.1389586129,207.157657856,51.465,-0.0071888059444,-0.0540440045036,-0.960694764257,-0.272200544773,0.50409996953,0.0,0.0,0.0,0.0,0.0,0.0,0.50409996953,0.0,0.0,0.0,0.0,0.0,0.0,2.01639987812,0.0,0.0,0.0,0.0,0.0,0.0,99999.0,0.0,0.0,0.0,0.0,0.0,0.0,99999.0,0.0,0.0,0.0,0.0,0.0,0.0,99999.0,9.94,-11.46,0.1,0.0,0.0,0.0,-1.0,0.0,0.0,0.0,0.0,0.0,0.0,0.0,0.0,0.0,0.0,0.0,0.0,0.0,0.0,0.0,0.0,0.0,0.0,0.0,0.0,0.0,0.0,0.0,0.0,0.0,0.0,0.0,0.0,0.0,0.0,0.0,0.0,0.0,0.0,0.0
1539875902869420968,2907,1539875902867845096,map,base_link,-79.1187969852,209.723000598,51.448,-0.00145862209877,-0.0372868451481,-0.957675118344,-0.285422373521,0.624100033903,0.0,0.0,0.0,0.0,0.0,0.0,0.624100033903,0.0,0.0,0.0,0.0,0.0,0.0,2.49640013561,0.0,0.0,0.0,0.0,0.0,0.0,99999.0,0.0,0.0,0.0,0.0,0.0,0.0,99999.0,0.0,0.0,0.0,0.0,0.0,0.0,99999.0,10.01,-11.43,0.3,0.0,0.0,0.0,-1.0,0.0,0.0,0.0,0.0,0.0,0.0,0.0,0.0,0.0,0.0,0.0,0.0,0.0,0.0,0.0,0.0,0.0,0.0,0.0,0.0,0.0,0.0,0.0,0.0,0.0,0.0,0.0,0.0,0.0,0.0,0.0,0.0,0.0,0.0,0.0
1539875903063269096,2908,1539875903058714632,map,base_link,-81.4298629793,211.73307444,51.418,-0.00145862209877,-0.0372868451481,-0.957675118344,-0.285422373521,0.50409996953,0.0,0.0,0.0,0.0,0.0,0.0,0.50409996953,0.0,0.0,0.0,0.0,0.0,0.0,2.01639987812,0.0,0.0,0.0,0.0,0.0,0.0,99999.0,0.0,0.0,0.0,0.0,0.0,0.0,99999.0,0.0,0.0,0.0,0.0,0.0,0.0,99999.0,10.2,-11.34,0.06,0.0,0.0,0.0,-1.0,0.0,0.0,0.0,0.0,0.0,0.0,0.0,0.0,0.0,0.0,0.0,0.0,0.0,0.0,0.0,0.0,0.0,0.0,0.0,0.0,0.0,0.0,0.0,0.0,0.0,0.0,0.0,0.0,0.0,0.0,0.0,0.0,0.0,0.0,0.0
1539875903346202280,2909,1539875903345091336,map,base_link,-84.5959364803,214.587159534,51.444,-0.0103510352216,-0.0592151385886,-0.956525175819,-0.285387475999,0.624100033903,0.0,0.0,0.0,0.0,0.0,0.0,0.624100033903,0.0,0.0,0.0,0.0,0.0,0.0,2.49640013561,0.0,0.0,0.0,0.0,0.0,0.0,99999.0,0.0,0.0,0.0,0.0,0.0,0.0,99999.0,0.0,0.0,0.0,0.0,0.0,0.0,99999.0,10.31,-11.25,-0.05,0.0,0.0,0.0,-1.0,0.0,0.0,0.0,0.0,0.0,0.0,0.0,0.0,0.0,0.0,0.0,0.0,0.0,0.0,0.0,0.0,0.0,0.0,0.0,0.0,0.0,0.0,0.0,0.0,0.0,0.0,0.0,0.0,0.0,0.0,0.0,0.0,0.0,0.0,0.0
1539875903559242696,2910,1539875903556750472,map,base_link,-87.0932386754,216.852659997,51.473,-0.0103510352216,-0.0592151385886,-0.956525175819,-0.285387475999,0.50409996953,0.0,0.0,0.0,0.0,0.0,0.0,0.50409996953,0.0,0.0,0.0,0.0,0.0,0.0,2.01639987812,0.0,0.0,0.0,0.0,0.0,0.0,99999.0,0.0,0.0,0.0,0.0,0.0,0.0,99999.0,0.0,0.0,0.0,0.0,0.0,0.0,99999.0,10.34,-11.21,0.09,0.0,0.0,0.0,-1.0,0.0,0.0,0.0,0.0,0.0,0.0,0.0,0.0,0.0,0.0,0.0,0.0,0.0,0.0,0.0,0.0,0.0,0.0,0.0,0.0,0.0,0.0,0.0,0.0,0.0,0.0,0.0,0.0,0.0,0.0,0.0,0.0,0.0,0.0,0.0
1539875903807298376,2911,1539875903805787880,map,base_link,-89.793708464,219.306950585,51.431,-0.00150196430129,-0.0349357166007,-0.956330431545,-0.2901884655,0.50409996953,0.0,0.0,0.0,0.0,0.0,0.0,0.50409996953,0.0,0.0,0.0,0.0,0.0,0.0,2.01639987812,0.0,0.0,0.0,0.0,0.0,0.0,99999.0,0.0,0.0,0.0,0.0,0.0,0.0,99999.0,0.0,0.0,0.0,0.0,0.0,0.0,99999.0,10.37,-11.17,0.33,0.0,0.0,0.0,-1.0,0.0,0.0,0.0,0.0,0.0,0.0,0.0,0.0,0.0,0.0,0.0,0.0,0.0,0.0,0.0,0.0,0.0,0.0,0.0,0.0,0.0,0.0,0.0,0.0,0.0,0.0,0.0,0.0,0.0,0.0,0.0,0.0,0.0,0.0,0.0
1539875904019097576,2912,1539875904017310824,map,base_link,-92.2571435882,221.561342283,51.32,-0.00208450717882,-0.0381089808401,-0.954491687787,-0.295785358587,0.50409996953,0.0,0.0,0.0,0.0,0.0,0.0,0.50409996953,0.0,0.0,0.0,0.0,0.0,0.0,2.01639987812,0.0,0.0,0.0,0.0,0.0,0.0,99999.0,0.0,0.0,0.0,0.0,0.0,0.0,99999.0,0.0,0.0,0.0,0.0,0.0,0.0,99999.0,10.36,-11.1,0.8,0.0,0.0,0.0,-1.0,0.0,0.0,0.0,0.0,0.0,0.0,0.0,0.0,0.0,0.0,0.0,0.0,0.0,0.0,0.0,0.0,0.0,0.0,0.0,0.0,0.0,0.0,0.0,0.0,0.0,0.0,0.0,0.0,0.0,0.0,0.0,0.0,0.0,0.0,0.0
1539875904228828872,2913,1539875904227788872,map,base_link,-94.7036449339,223.815731695,51.138,-0.00208450717882,-0.0381089808401,-0.954491687787,-0.295785358587,0.50409996953,0.0,0.0,0.0,0.0,0.0,0.0,0.50409996953,0.0,0.0,0.0,0.0,0.0,0.0,2.01639987812,0.0,0.0,0.0,0.0,0.0,0.0,99999.0,0.0,0.0,0.0,0.0,0.0,0.0,99999.0,0.0,0.0,0.0,0.0,0.0,0.0,99999.0,10.37,-11.02,0.75,0.0,0.0,0.0,-1.0,0.0,0.0,0.0,0.0,0.0,0.0,0.0,0.0,0.0,0.0,0.0,0.0,0.0,0.0,0.0,0.0,0.0,0.0,0.0,0.0,0.0,0.0,0.0,0.0,0.0,0.0,0.0,0.0,0.0,0.0,0.0,0.0,0.0,0.0,0.0
1539875904483303240,2914,1539875904481556872,map,base_link,-97.3617799999,226.281125319,50.975,-0.00485566508862,-0.0239796608904,-0.955134536653,-0.295159982504,0.50409996953,0.0,0.0,0.0,0.0,0.0,0.0,0.50409996953,0.0,0.0,0.0,0.0,0.0,0.0,2.01639987812,0.0,0.0,0.0,0.0,0.0,0.0,99999.0,0.0,0.0,0.0,0.0,0.0,0.0,99999.0,0.0,0.0,0.0,0.0,0.0,0.0,99999.0,10.35,-10.98,0.59,0.0,0.0,0.0,-1.0,0.0,0.0,0.0,0.0,0.0,0.0,0.0,0.0,0.0,0.0,0.0,0.0,0.0,0.0,0.0,0.0,0.0,0.0,0.0,0.0,0.0,0.0,0.0,0.0,0.0,0.0,0.0,0.0,0.0,0.0,0.0,0.0,0.0,0.0,0.0
1539875904730139976,2915,1539875904729075848,map,base_link,-99.9945180531,228.71320585,50.874,-0.00574043813899,-0.00514439994578,-0.958005110861,-0.286647501443,0.50409996953,0.0,0.0,0.0,0.0,0.0,0.0,0.50409996953,0.0,0.0,0.0,0.0,0.0,0.0,2.01639987812,0.0,0.0,0.0,0.0,0.0,0.0,99999.0,0.0,0.0,0.0,0.0,0.0,0.0,99999.0,0.0,0.0,0.0,0.0,0.0,0.0,99999.0,10.2,-11.01,0.14,0.0,0.0,0.0,-1.0,0.0,0.0,0.0,0.0,0.0,0.0,0.0,0.0,0.0,0.0,0.0,0.0,0.0,0.0,0.0,0.0,0.0,0.0,0.0,0.0,0.0,0.0,0.0,0.0,0.0,0.0,0.0,0.0,0.0,0.0,0.0,0.0,0.0,0.0,0.0
1539875904978421960,2916,1539875904976804648,map,base_link,-102.889684902,231.289663802,50.907,-0.00328749223183,0.0134969214439,-0.95757543729,-0.287847715651,0.50409996953,0.0,0.0,0.0,0.0,0.0,0.0,0.50409996953,0.0,0.0,0.0,0.0,0.0,0.0,2.01639987812,0.0,0.0,0.0,0.0,0.0,0.0,99999.0,0.0,0.0,0.0,0.0,0.0,0.0,99999.0,0.0,0.0,0.0,0.0,0.0,0.0,99999.0,9.95,-11.06,-0.01,0.0,0.0,0.0,-1.0,0.0,0.0,0.0,0.0,0.0,0.0,0.0,0.0,0.0,0.0,0.0,0.0,0.0,0.0,0.0,0.0,0.0,0.0,0.0,0.0,0.0,0.0,0.0,0.0,0.0,0.0,0.0,0.0,0.0,0.0,0.0,0.0,0.0,0.0,0.0
1539875905213314216,2917,1539875905210184584,map,base_link,-105.361580555,233.433011154,50.903,-0.00328749223183,0.0134969214439,-0.95757543729,-0.287847715651,0.50409996953,0.0,0.0,0.0,0.0,0.0,0.0,0.50409996953,0.0,0.0,0.0,0.0,0.0,0.0,2.01639987812,0.0,0.0,0.0,0.0,0.0,0.0,99999.0,0.0,0.0,0.0,0.0,0.0,0.0,99999.0,0.0,0.0,0.0,0.0,0.0,0.0,99999.0,9.82,-11.05,0.22,0.0,0.0,0.0,-1.0,0.0,0.0,0.0,0.0,0.0,0.0,0.0,0.0,0.0,0.0,0.0,0.0,0.0,0.0,0.0,0.0,0.0,0.0,0.0,0.0,0.0,0.0,0.0,0.0,0.0,0.0,0.0,0.0,0.0,0.0,0.0,0.0,0.0,0.0,0.0
1539875905457543592,2918,1539875905454470056,map,base_link,-108.028178056,235.709622533,50.837,-0.00747175883739,0.0192659257719,-0.956809190226,-0.289981327715,0.50409996953,0.0,0.0,0.0,0.0,0.0,0.0,0.50409996953,0.0,0.0,0.0,0.0,0.0,0.0,2.01639987812,0.0,0.0,0.0,0.0,0.0,0.0,99999.0,0.0,0.0,0.0,0.0,0.0,0.0,99999.0,0.0,0.0,0.0,0.0,0.0,0.0,99999.0,9.59,-11.09,0.21,0.0,0.0,0.0,-1.0,0.0,0.0,0.0,0.0,0.0,0.0,0.0,0.0,0.0,0.0,0.0,0.0,0.0,0.0,0.0,0.0,0.0,0.0,0.0,0.0,0.0,0.0,0.0,0.0,0.0,0.0,0.0,0.0,0.0,0.0,0.0,0.0,0.0,0.0,0.0
1539875905718172712,2919,1539875905715991016,map,base_link,-111.168839886,238.252773063,50.909,-0.00747175883739,0.0192659257719,-0.956809190226,-0.289981327715,0.50409996953,0.0,0.0,0.0,0.0,0.0,0.0,0.50409996953,0.0,0.0,0.0,0.0,0.0,0.0,2.01639987812,0.0,0.0,0.0,0.0,0.0,0.0,99999.0,0.0,0.0,0.0,0.0,0.0,0.0,99999.0,0.0,0.0,0.0,0.0,0.0,0.0,99999.0,9.09,-11.25,-0.61,0.0,0.0,0.0,-1.0,0.0,0.0,0.0,0.0,0.0,0.0,0.0,0.0,0.0,0.0,0.0,0.0,0.0,0.0,0.0,0.0,0.0,0.0,0.0,0.0,0.0,0.0,0.0,0.0,0.0,0.0,0.0,0.0,0.0,0.0,0.0,0.0,0.0,0.0,0.0
1539875905928592936,2920,1539875905927377384,map,base_link,-113.657668944,240.162920783,51.107,-0.0129991483266,0.0233171015403,-0.957285332231,-0.287909929689,0.50409996953,0.0,0.0,0.0,0.0,0.0,0.0,0.50409996953,0.0,0.0,0.0,0.0,0.0,0.0,2.01639987812,0.0,0.0,0.0,0.0,0.0,0.0,99999.0,0.0,0.0,0.0,0.0,0.0,0.0,99999.0,0.0,0.0,0.0,0.0,0.0,0.0,99999.0,8.85,-11.28,-0.89,0.0,0.0,0.0,-1.0,0.0,0.0,0.0,0.0,0.0,0.0,0.0,0.0,0.0,0.0,0.0,0.0,0.0,0.0,0.0,0.0,0.0,0.0,0.0,0.0,0.0,0.0,0.0,0.0,0.0,0.0,0.0,0.0,0.0,0.0,0.0,0.0,0.0,0.0,0.0
1539875906172173288,2921,1539875906170200840,map,base_link,-116.391995414,242.206339317,51.381,-0.0178588882735,-0.00468204346031,-0.955902056483,-0.293104754294,0.50409996953,0.0,0.0,0.0,0.0,0.0,0.0,0.50409996953,0.0,0.0,0.0,0.0,0.0,0.0,2.01639987812,0.0,0.0,0.0,0.0,0.0,0.0,99999.0,0.0,0.0,0.0,0.0,0.0,0.0,99999.0,0.0,0.0,0.0,0.0,0.0,0.0,99999.0,8.66,-11.28,-0.95,0.0,0.0,0.0,-1.0,0.0,0.0,0.0,0.0,0.0,0.0,0.0,0.0,0.0,0.0,0.0,0.0,0.0,0.0,0.0,0.0,0.0,0.0,0.0,0.0,0.0,0.0,0.0,0.0,0.0,0.0,0.0,0.0,0.0,0.0,0.0,0.0,0.0,0.0,0.0
1539875906422322472,2922,1539875906421244552,map,base_link,-119.083992999,244.238652349,51.641,-0.0178588882735,-0.00468204346031,-0.955902056483,-0.293104754294,0.50409996953,0.0,0.0,0.0,0.0,0.0,0.0,0.50409996953,0.0,0.0,0.0,0.0,0.0,0.0,2.01639987812,0.0,0.0,0.0,0.0,0.0,0.0,99999.0,0.0,0.0,0.0,0.0,0.0,0.0,99999.0,0.0,0.0,0.0,0.0,0.0,0.0,99999.0,8.72,-11.14,-1.0,0.0,0.0,0.0,-1.0,0.0,0.0,0.0,0.0,0.0,0.0,0.0,0.0,0.0,0.0,0.0,0.0,0.0,0.0,0.0,0.0,0.0,0.0,0.0,0.0,0.0,0.0,0.0,0.0,0.0,0.0,0.0,0.0,0.0,0.0,0.0,0.0,0.0,0.0,0.0
1539875906684543496,2923,1539875906680984584,map,base_link,-121.962226351,246.493074564,51.902,-0.0198219659013,-0.0436543594048,-0.95589509298,-0.289768800581,0.50409996953,0.0,0.0,0.0,0.0,0.0,0.0,0.50409996953,0.0,0.0,0.0,0.0,0.0,0.0,2.01639987812,0.0,0.0,0.0,0.0,0.0,0.0,99999.0,0.0,0.0,0.0,0.0,0.0,0.0,99999.0,0.0,0.0,0.0,0.0,0.0,0.0,99999.0,8.81,-11.0,-0.73,0.0,0.0,0.0,-1.0,0.0,0.0,0.0,0.0,0.0,0.0,0.0,0.0,0.0,0.0,0.0,0.0,0.0,0.0,0.0,0.0,0.0,0.0,0.0,0.0,0.0,0.0,0.0,0.0,0.0,0.0,0.0,0.0,0.0,0.0,0.0,0.0,0.0,0.0,0.0
1539875906952193800,2924,1539875906951037672,map,base_link,-124.815059427,248.769704249,52.06,-0.0198219659013,-0.0436543594048,-0.95589509298,-0.289768800581,0.50409996953,0.0,0.0,0.0,0.0,0.0,0.0,0.50409996953,0.0,0.0,0.0,0.0,0.0,0.0,2.01639987812,0.0,0.0,0.0,0.0,0.0,0.0,99999.0,0.0,0.0,0.0,0.0,0.0,0.0,99999.0,0.0,0.0,0.0,0.0,0.0,0.0,99999.0,8.82,-10.99,-0.33,0.0,0.0,0.0,-1.0,0.0,0.0,0.0,0.0,0.0,0.0,0.0,0.0,0.0,0.0,0.0,0.0,0.0,0.0,0.0,0.0,0.0,0.0,0.0,0.0,0.0,0.0,0.0,0.0,0.0,0.0,0.0,0.0,0.0,0.0,0.0,0.0,0.0,0.0,0.0
1539875907172065256,2925,1539875907170544552,map,base_link,-127.464719247,250.868641357,52.065,-0.00406359696621,-0.0595015671592,-0.960715289222,-0.271051994532,0.50409996953,0.0,0.0,0.0,0.0,0.0,0.0,0.50409996953,0.0,0.0,0.0,0.0,0.0,0.0,2.01639987812,0.0,0.0,0.0,0.0,0.0,0.0,99999.0,0.0,0.0,0.0,0.0,0.0,0.0,99999.0,0.0,0.0,0.0,0.0,0.0,0.0,99999.0,8.77,-11.04,0.44,0.0,0.0,0.0,-1.0,0.0,0.0,0.0,0.0,0.0,0.0,0.0,0.0,0.0,0.0,0.0,0.0,0.0,0.0,0.0,0.0,0.0,0.0,0.0,0.0,0.0,0.0,0.0,0.0,0.0,0.0,0.0,0.0,0.0,0.0,0.0,0.0,0.0,0.0,0.0
1539875907399636424,2926,1539875907397698504,map,base_link,-129.682641005,252.623302781,51.909,-0.00406359696621,-0.0595015671592,-0.960715289222,-0.271051994532,0.50409996953,0.0,0.0,0.0,0.0,0.0,0.0,0.50409996953,0.0,0.0,0.0,0.0,0.0,0.0,2.01639987812,0.0,0.0,0.0,0.0,0.0,0.0,99999.0,0.0,0.0,0.0,0.0,0.0,0.0,99999.0,0.0,0.0,0.0,0.0,0.0,0.0,99999.0,8.85,-11.06,1.05,0.0,0.0,0.0,-1.0,0.0,0.0,0.0,0.0,0.0,0.0,0.0,0.0,0.0,0.0,0.0,0.0,0.0,0.0,0.0,0.0,0.0,0.0,0.0,0.0,0.0,0.0,0.0,0.0,0.0,0.0,0.0,0.0,0.0,0.0,0.0,0.0,0.0,0.0,0.0
