%time,field.header.seq,field.header.stamp,field.header.frame_id,field.coordinate_frame,field.type_mask,field.latitude,field.longitude,field.altitude,field.velocity.x,field.velocity.y,field.velocity.z,field.acceleration_or_force.x,field.acceleration_or_force.y,field.acceleration_or_force.z,field.yaw,field.yaw_rate
1539875881035177096,638,1539875881034275848,,5,65528,40.5913472,-79.8960964,428.849975586,0.0,0.0,0.0,-13.0360937119,1.65214109421,-0.911990404129,-15.0,-0.0
1539875881098649896,639,1539875881097558952,,5,65528,40.5913472,-79.8960964,428.849975586,0.0,0.0,0.0,-13.0396442413,1.6299059391,-0.897937595844,-15.0,-0.0
1539875881145676424,640,1539875881145284072,,5,65528,40.5913472,-79.8960964,428.849975586,0.0,0.0,0.0,-13.0369186401,1.60374212265,-0.881783366203,-15.0,-0.0
1539875881185370888,641,1539875881184018312,,5,65528,40.5913472,-79.8960964,428.849975586,0.0,0.0,0.0,-13.0452423096,1.59549832344,-0.863931417465,-15.0,-0.0
1539875881260191176,642,1539875881259907016,,5,65528,40.5913472,-79.8960964,428.849975586,3.94430452611e-31,16.0,-1.95943496414e-15,-13.0510730743,1.54915297031,-0.8995667696,-15.0,-0.0
1539875881285312616,643,1539875881284332584,,5,65528,40.5913472,-79.8960964,428.849975586,3.94430452611e-31,16.0,-1.95943496414e-15,-13.0594396591,1.54289805889,-0.912384092808,-15.0,-0.0
1539875881319804296,644,1539875881317580488,,5,65528,40.5913472,-79.8960964,428.849975586,3.94430452611e-31,16.0,-1.95943496414e-15,-13.0572977066,1.53192591667,-0.925029575825,-16.0,-0.0
1539875881376797512,645,1539875881369272776,,5,65528,40.5913472,-79.8960964,428.849975586,3.94430452611e-31,16.0,-1.95943496414e-15,-13.0700435638,1.52447354794,-0.934714317322,-16.0,-0.0
1539875881445266120,646,1539875881444199752,,5,65528,40.5913472,-79.8960964,428.849975586,3.94430452611e-31,16.0,-1.95943496414e-15,-13.0688648224,1.50821197033,-0.921476960182,-16.0,-0.0
1539875881508103944,647,1539875881507701896,,5,65528,40.5913472,-79.8960964,428.849975586,3.94430452611e-31,16.0,-1.95943496414e-15,-13.0709667206,1.53243327141,-0.861277401447,-16.0,-0.0
1539875881554988904,648,1539875881554522440,,5,65528,40.5913472,-79.8960964,428.849975586,3.94430452611e-31,16.0,-1.95943496414e-15,-13.0653324127,1.59816098213,-0.813908934593,-16.0,-0.0
1539875881614693704,649,1539875881610905480,,5,65528,40.5913472,-79.8960964,428.849975586,3.94430452611e-31,16.0,-1.95943496414e-15,-13.0649423599,1.66287660599,-0.802856624126,-16.0,-0.0
1539875881653674696,650,1539875881653386248,,5,65528,40.5913472,-79.8960964,428.849975586,3.94430452611e-31,16.0,-1.95943496414e-15,-13.0413970947,1.77034771442,-0.815836966038,-16.0,-0.0
1539875881724860232,651,1539875881723292008,,5,65528,40.5913472,-79.8960964,428.849975586,3.94430452611e-31,16.0,-1.95943496414e-15,-13.0145015717,1.89814829826,-0.864925742149,-16.0,-0.0
1539875881788505256,652,1539875881788118248,,5,65528,40.5913472,-79.8960964,428.849975586,3.94430452611e-31,16.0,-1.95943496414e-15,-12.9820594788,2.04924154282,-0.956048548222,-16.0,-0.0
1539875881820453480,653,1539875881820131624,,5,65528,40.5913472,-79.8960964,428.849975586,3.94430452611e-31,16.0,-1.95943496414e-15,-12.9522171021,2.1768951416,-0.973445415497,-16.0,-0.0
1539875881867211496,654,1539875881865901096,,5,65528,40.5913472,-79.8960964,428.849975586,3.94430452611e-31,16.0,-1.95943496414e-15,-12.921836853,2.31171154976,-1.00827753544,-16.0,-0.0
1539875881916567688,655,1539875881915192104,,5,65528,40.5913472,-79.8960964,428.849975586,3.94430452611e-31,16.0,-1.95943496414e-15,-12.8708143234,2.51790261269,-1.10400629044,-16.0,-0.0
1539875881970624328,656,1539875881970266536,,5,65528,40.5913472,-79.8960964,428.849975586,3.94430452611e-31,16.0,-1.95943496414e-15,-12.8332290649,2.642588377,-1.17994725704,-16.0,-0.0
1539875882000965032,657,1539875882000697032,,5,65528,40.5913472,-79.8960964,428.849975586,3.94430452611e-31,16.0,-1.95943496414e-15,-12.7957458496,2.78052091599,-1.26594495773,-16.0,-0.0
1539875882060410728,658,1539875882059445352,,5,65528,40.5913472,-79.8960964,428.849975586,3.94430452611e-31,16.0,-1.95943496414e-15,-12.7424526215,2.97760105133,-1.41861414909,-16.0,-0.0
1539875882097722088,659,1539875882097416072,,5,65528,40.5913472,-79.8960964,428.849975586,3.94430452611e-31,16.0,-1.95943496414e-15,-12.7033615112,3.11905455589,-1.50716733932,-16.0,-0.0
1539875882173290440,660,1539875882173074792,,5,65528,40.5913472,-79.8960964,428.849975586,3.94430452611e-31,16.0,-1.95943496414e-15,-12.6220855713,3.38329696655,-1.73342370987,-16.0,-0.0
1539875882219906888,661,1539875882219061288,,5,65528,40.5913472,-79.8960964,428.849975586,3.94430452611e-31,16.0,-1.95943496414e-15,-12.5871429443,3.50802326202,-1.85787236691,-16.0,-0.0
1539875882302519080,662,1539875882301697192,,5,65528,40.5913472,-79.8960964,428.849975586,3.94430452611e-31,16.0,-1.95943496414e-15,-12.5050506592,3.78202080727,-2.05505299568,-16.0,-0.0
1539875882395805352,663,1539875882395509448,,5,65528,40.5913472,-79.8960964,428.849975586,3.94430452611e-31,16.0,-1.95943496414e-15,-12.4051456451,4.10026025772,-2.31238150597,-16.0,-0.0
1539875882499078792,664,1539875882498241096,,5,65528,40.5913472,-79.8960964,428.849975586,3.94430452611e-31,16.0,-1.95943496414e-15,-12.3045568466,4.40437650681,-2.53474807739,-16.0,-0.0
1539875882554415944,665,1539875882553902152,,5,65528,40.5913472,-79.8960964,428.849975586,3.94430452611e-31,16.0,-1.95943496414e-15,-12.2414722443,4.58193063736,-2.68570995331,-16.0,-0.0
1539875882624133576,666,1539875882622786504,,5,65528,40.5913472,-79.8960964,428.849975586,3.94430452611e-31,16.0,-1.95943496414e-15,-12.1807136536,4.76302480698,-2.8339984417,-16.0,-0.0
1539875882685758792,667,1539875882682716072,,5,65528,40.5913472,-79.8960964,428.849975586,3.94430452611e-31,16.0,-1.95943496414e-15,-12.1208219528,4.94150114059,-2.94926762581,-16.0,-0.0
1539875882699837320,668,1539875882698853704,,5,65528,40.5913472,-79.8960964,428.849975586,3.94430452611e-31,16.0,-1.95943496414e-15,-12.1008148193,5.00106048584,-2.99971723557,-16.0,-0.0
1539875882799093960,669,1539875882798841128,,5,65528,40.5913472,-79.8960964,428.849975586,3.94430452611e-31,16.0,-1.95943496414e-15,-12.007396698,5.27063798904,-3.24659848213,-16.0,-0.0
1539875882875802344,670,1539875882875436488,,5,65528,40.5913472,-79.8960964,428.849975586,3.94430452611e-31,16.0,-1.95943496414e-15,-11.9239730835,5.4252948761,-3.61852931976,-16.0,-0.0
1539875882915875848,671,1539875882914602824,,5,65528,40.5913472,-79.8960964,428.849975586,3.94430452611e-31,16.0,-1.95943496414e-15,-11.8861312866,5.48306560516,-3.82103562355,-16.0,-0.0
1539875883003819944,672,1539875883001989704,,5,65528,40.5913472,-79.8960964,428.849975586,3.94430452611e-31,16.0,-1.95943496414e-15,-11.8052568436,5.65824556351,-4.15255355835,-16.0,-0.0
1539875883066878152,673,1539875883065889384,,5,65528,40.5913472,-79.8960964,428.849975586,3.94430452611e-31,16.0,-1.95943496414e-15,-11.7411804199,5.77522659302,-4.42921543121,-16.0,-0.0
1539875883138800296,674,1539875883137725544,,5,65528,40.5913472,-79.8960964,428.849975586,3.94430452611e-31,16.0,-1.95943496414e-15,-11.6708641052,5.90154457092,-4.70906972885,-16.0,-0.0
1539875883166930632,675,1539875883166048776,,5,65528,40.5913472,-79.8960964,428.849975586,3.94430452611e-31,16.0,-1.95943496414e-15,-11.6244506836,5.98509168625,-4.88349437714,-16.0,-0.0
1539875883197250504,676,1539875883196128904,,5,65528,40.5913472,-79.8960964,428.849975586,3.94430452611e-31,16.0,-1.95943496414e-15,-11.5811195374,6.073802948,-5.04144191742,-16.0,-0.0
1539875883294390856,677,1539875883293127432,,5,65528,40.5913472,-79.8960964,428.849975586,3.94430452611e-31,16.0,-1.95943496414e-15,-11.4841709137,6.31245946884,-5.3787021637,-16.0,-0.0
1539875883373796808,678,1539875883373171656,,5,65528,40.5913472,-79.8960964,428.849975586,3.94430452611e-31,16.0,-1.95943496414e-15,-11.429725647,6.46010541916,-5.5662446022,-16.0,-0.0
1539875883415625064,679,1539875883415373576,,5,65528,40.5913472,-79.8960964,428.849975586,3.94430452611e-31,16.0,-1.95943496414e-15,-11.3866014481,6.59791040421,-5.72360706329,-16.0,-0.0
1539875883471647016,680,1539875883471271496,,5,65528,40.5913472,-79.8960964,428.849975586,3.94430452611e-31,16.0,-1.95943496414e-15,-11.3457555771,6.74393033981,-5.86928701401,-16.0,-0.0
1539875883498345192,681,1539875883497771720,,5,65528,40.5913472,-79.8960964,428.849975586,3.94430452611e-31,16.0,-1.95943496414e-15,-11.3340873718,6.79211091995,-5.91031694412,-16.0,-0.0
1539875883581702024,682,1539875883580326472,,5,65528,40.5913472,-79.8960964,428.849975586,3.94430452611e-31,16.0,-1.95943496414e-15,-11.2936916351,6.97207117081,-6.06794214249,-16.0,-0.0
1539875883668044680,683,1539875883667146888,,5,65528,40.5913472,-79.8960964,428.849975586,3.94430452611e-31,16.0,-1.95943496414e-15,-11.2491254807,7.16929769516,-6.21776437759,-16.0,-0.0
1539875883689923400,684,1539875883688766472,,5,65528,40.5913472,-79.8960964,428.849975586,3.94430452611e-31,16.0,-1.95943496414e-15,-11.2376308441,7.2220697403,-6.25130748749,-16.0,-0.0
1539875883745875176,685,1539875883745497576,,5,65528,40.5913472,-79.8960964,428.849975586,3.94430452611e-31,16.0,-1.95943496414e-15,-11.2011461258,7.38061952591,-6.34911727905,-16.0,-0.0
1539875883840901032,686,1539875883839840456,,5,65528,40.5913472,-79.8960964,428.849975586,3.94430452611e-31,16.0,-1.95943496414e-15,-11.1684293747,7.62934780121,-6.48064756393,-16.0,-0.0
1539875883894342536,687,1539875883893539784,,5,65528,40.5913472,-79.8960964,428.849975586,3.94430452611e-31,16.0,-1.95943496414e-15,-11.1593437195,7.71871900558,-6.54255914688,-16.0,-0.0
1539875883934807432,688,1539875883932258152,,5,65528,40.5913472,-79.8960964,428.849975586,3.94430452611e-31,16.0,-1.95943496414e-15,-11.1496553421,7.83752775192,-6.62743186951,-16.0,-0.0
1539875883956734600,689,1539875883954339368,,5,65528,40.5913472,-79.8960964,428.849975586,3.94430452611e-31,16.0,-1.95943496414e-15,-11.1454553604,7.87464427948,-6.65942144394,-16.0,-0.0
1539875884013366984,690,1539875884011539848,,5,65528,40.5913472,-79.8960964,428.849975586,3.94430452611e-31,16.0,-1.95943496414e-15,-11.13834095,7.95578861237,-6.71531867981,-16.0,-0.0
1539875884060691784,691,1539875884058813704,,5,65528,40.5913472,-79.8960964,428.849975586,3.94430452611e-31,16.0,-1.95943496414e-15,-11.123837471,8.08692073822,-6.78127002716,-16.0,-0.0
1539875884123796456,692,1539875884123321672,,5,65528,40.5913472,-79.8960964,428.849975586,3.94430452611e-31,16.0,-1.95943496414e-15,-11.1349802017,8.22764110565,-6.79051876068,-16.0,-0.0
1539875884172275144,693,1539875884171994184,,5,65528,40.5913472,-79.8960964,428.849975586,3.94430452611e-31,16.0,-1.95943496414e-15,-11.1682357788,8.38091182709,-6.71162509918,-16.0,-0.0
1539875884246972296,694,1539875884244695016,,5,65528,40.5913472,-79.8960964,428.849975586,3.94430452611e-31,16.0,-1.95943496414e-15,-11.2010068893,8.49789333344,-6.67657470703,-16.0,-0.0
1539875884336162952,695,1539875884335611368,,5,65528,40.5913472,-79.8960964,428.849975586,3.94430452611e-31,16.0,-1.95943496414e-15,-11.2534198761,8.71743869781,-6.58068323135,-16.0,-0.0
1539875884420436776,696,1539875884419910472,,5,65528,40.5913472,-79.8960964,428.849975586,3.94430452611e-31,16.0,-1.95943496414e-15,-11.2881269455,8.90937900543,-6.48731374741,-16.0,-0.0
1539875884477055496,697,1539875884476774344,,5,65528,40.5913472,-79.8960964,428.849975586,3.94430452611e-31,16.0,-1.95943496414e-15,-11.3170919418,9.05170249939,-6.41586065292,-16.0,-0.0
1539875884499866568,698,1539875884499252424,,5,65528,40.5913472,-79.8960964,428.849975586,3.94430452611e-31,16.0,-1.95943496414e-15,-11.3277301788,9.09979724884,-6.38603639603,-16.0,-0.0
1539875884568509832,699,1539875884568192136,,5,65528,40.5913472,-79.8960964,428.849975586,3.94430452611e-31,16.0,-1.95943496414e-15,-11.3619794846,9.28524303436,-6.30307197571,-16.0,-0.0
1539875884624162088,700,1539875884616166600,,5,65528,40.5913472,-79.8960964,428.849975586,3.94430452611e-31,16.0,-1.95943496414e-15,-11.3712177277,9.35233783722,-6.31711673737,-16.0,-0.0
1539875884651850632,701,1539875884651468520,,5,65528,40.5913472,-79.8960964,428.849975586,3.94430452611e-31,16.0,-1.95943496414e-15,-11.3735055923,9.42204856873,-6.33924674988,-16.0,-0.0
1539875884721550888,702,1539875884720910792,,5,65528,40.5913472,-79.8960964,428.849975586,3.94430452611e-31,16.0,-1.95943496414e-15,-11.3884429932,9.53441429138,-6.33082962036,-16.0,-0.0
1539875884787794728,703,1539875884786037864,,5,65528,40.5913472,-79.8960964,428.849975586,3.94430452611e-31,16.0,-1.95943496414e-15,-11.3972969055,9.63126468658,-6.35840654373,-16.0,-0.0
1539875884836847400,704,1539875884832399208,,5,65528,40.5913472,-79.8960964,428.849975586,3.94430452611e-31,16.0,-1.95943496414e-15,-11.4196100235,9.73414230347,-6.35241413116,-16.0,-0.0
1539875884919538728,705,1539875884917884904,,5,65528,40.5913472,-79.8960964,428.849975586,3.94430452611e-31,16.0,-1.95943496414e-15,-11.4649133682,9.86611843109,-6.29267835617,-16.0,-0.0
1539875884973097160,706,1539875884972395048,,5,65528,40.5913472,-79.8960964,428.849975586,3.94430452611e-31,16.0,-1.95943496414e-15,-11.4898138046,9.93612003326,-6.24936103821,-16.0,-0.0
1539875885004254952,707,1539875885003087624,,5,65528,40.5913472,-79.8960964,428.849975586,3.94430452611e-31,16.0,-1.95943496414e-15,-11.5171957016,10.0169210434,-6.17632484436,-16.0,-0.0
1539875885056943944,708,1539875885056683432,,5,65528,40.5913472,-79.8960964,428.849975586,3.94430452611e-31,16.0,-1.95943496414e-15,-11.5618267059,10.1186504364,-6.08968400955,-16.0,-0.0
1539875885094631944,709,1539875885093663112,,5,65528,40.5913472,-79.8960964,428.849975586,3.94430452611e-31,16.0,-1.95943496414e-15,-11.5903892517,10.1769752502,-6.04004478455,-16.0,-0.0
1539875885147293000,710,1539875885147092264,,5,65528,40.5913472,-79.8960964,428.849975586,3.94430452611e-31,16.0,-1.95943496414e-15,-11.6224660873,10.228969574,-5.99254751205,-16.0,-0.0
1539875885199697800,711,1539875885199114280,,5,65528,40.5913472,-79.8960964,428.849975586,3.94430452611e-31,16.0,-1.95943496414e-15,-11.6703252792,10.2998867035,-5.92450141907,-16.0,-0.0
1539875885223488872,712,1539875885222307368,,5,65528,40.5913472,-79.8960964,428.849975586,3.94430452611e-31,16.0,-1.95943496414e-15,-11.6871089935,10.3209075928,-5.89925479889,-16.0,-0.0
1539875885253656328,713,1539875885253283848,,5,65528,40.5913472,-79.8960964,428.849975586,3.94430452611e-31,16.0,-1.95943496414e-15,-11.7153224945,10.3615322113,-5.87819671631,-16.0,-0.0
1539875885292612840,714,1539875885292249576,,5,65528,40.5913472,-79.8960964,428.849975586,3.94430452611e-31,16.0,-1.95943496414e-15,-11.7513141632,10.400267601,-5.84206771851,-16.0,-0.0
1539875885378219592,715,1539875885376980392,,5,65528,40.5913472,-79.8960964,428.849975586,3.94430452611e-31,16.0,-1.95943496414e-15,-11.8428506851,10.4859790802,-5.70399141312,-16.0,-0.0
1539875885449841192,716,1539875885448537352,,5,65528,40.5913472,-79.8960964,428.849975586,3.94430452611e-31,16.0,-1.95943496414e-15,-11.910867691,10.5370254517,-5.60677957535,-16.0,-0.0
1539875885491775336,717,1539875885490983080,,5,65528,40.5913472,-79.8960964,428.849975586,3.94430452611e-31,16.0,-1.95943496414e-15,-11.9749298096,10.5655317307,-5.53880691528,-16.0,-0.0
1539875885565481352,718,1539875885564904776,,5,65528,40.5913472,-79.8960964,428.849975586,3.94430452611e-31,16.0,-1.95943496414e-15,-12.0385923386,10.6036987305,-5.52373933792,-16.0,-0.0
1539875885610588296,719,1539875885610277512,,5,65528,40.5913472,-79.8960964,428.849975586,3.94430452611e-31,16.0,-1.95943496414e-15,-12.0483970642,10.6183490753,-5.52836418152,-16.0,-0.0
1539875885644448744,720,1539875885644050856,,5,65528,40.5913472,-79.8960964,428.849975586,3.94430452611e-31,16.0,-1.95943496414e-15,-12.0690279007,10.6483039856,-5.52522420883,-16.0,-0.0
1539875885680739656,721,1539875885679987496,,5,65528,40.5913472,-79.8960964,428.849975586,3.94430452611e-31,16.0,-1.95943496414e-15,-12.0939178467,10.6744174957,-5.50999879837,-16.0,-0.0
1539875885750424296,722,1539875885747925128,,5,65528,40.5913472,-79.8960964,428.849975586,3.94430452611e-31,16.0,-1.95943496414e-15,-12.1334543228,10.7055072784,-5.49927806854,-16.0,-0.0
1539875885781184072,723,1539875885780368776,,5,65528,40.5913472,-79.8960964,428.849975586,3.94430452611e-31,16.0,-1.95943496414e-15,-12.1568098068,10.7233762741,-5.49699831009,-16.0,-0.0
1539875885876557096,724,1539875885875783752,,5,65528,40.5913472,-79.8960964,428.849975586,3.94430452611e-31,16.0,-1.95943496414e-15,-12.1984987259,10.8159770966,-5.48370742798,-16.0,-0.0
1539875885958433544,725,1539875885957828264,,5,65528,40.5913472,-79.8960964,428.849975586,3.94430452611e-31,16.0,-1.95943496414e-15,-12.2400102615,10.8950815201,-5.38238382339,-16.0,-0.0
1539875886019384392,726,1539875886018029544,,5,65528,40.5913472,-79.8960964,428.849975586,3.94430452611e-31,16.0,-1.95943496414e-15,-12.2681217194,10.930896759,-5.35998916626,-16.0,-0.0
1539875886062516936,727,1539875886061249768,,5,65528,40.5913472,-79.8960964,428.849975586,3.94430452611e-31,16.0,-1.95943496414e-15,-12.2894039154,10.9608163834,-5.33379983902,-16.0,-0.0
1539875886084397064,728,1539875886082778696,,5,65528,40.5913472,-79.8960964,428.849975586,3.94430452611e-31,16.0,-1.95943496414e-15,-12.2995729446,10.9759187698,-5.31157255173,-16.0,-0.0
1539875886138672936,729,1539875886138269128,,5,65528,40.5913472,-79.8960964,428.849975586,3.94430452611e-31,16.0,-1.95943496414e-15,-12.3273687363,11.0022001266,-5.24937200546,-16.0,-0.0
1539875886223235336,730,1539875886222604072,,5,65528,40.5913472,-79.8960964,428.849975586,3.94430452611e-31,16.0,-1.95943496414e-15,-12.3580446243,11.0398225784,-5.31687927246,-16.0,-0.0
1539875886257906216,731,1539875886257437768,,5,65528,40.5913472,-79.8960964,428.849975586,3.94430452611e-31,16.0,-1.95943496414e-15,-12.3492012024,11.0592746735,-5.38935852051,-16.0,-0.0
1539875886354012168,732,1539875886352770152,,5,65528,40.5913472,-79.8960964,428.849975586,3.94430452611e-31,16.0,-1.95943496414e-15,-12.3678369522,11.1282558441,-5.33737230301,-16.0,-0.0
1539875886378384808,733,1539875886377385384,,5,65528,40.5913472,-79.8960964,428.849975586,3.94430452611e-31,16.0,-1.95943496414e-15,-12.3822975159,11.1824884415,-5.25111675262,-16.0,-0.0
1539875886466725896,734,1539875886461915816,,5,65528,40.5913472,-79.8960964,428.849975586,3.94430452611e-31,16.0,-1.95943496414e-15,-12.3845777512,11.2797956467,-5.18031072617,-16.0,-0.0
1539875886509211368,735,1539875886507412296,,5,65528,40.5913472,-79.8960964,428.849975586,3.94430452611e-31,16.0,-1.95943496414e-15,-12.3682231903,11.3509550095,-5.19077110291,-16.0,-0.0
1539875886538106216,736,1539875886535983016,,5,65528,40.5913472,-79.8960964,428.849975586,3.94430452611e-31,16.0,-1.95943496414e-15,-12.3672227859,11.4033927917,-5.15759944916,-16.0,-0.0
1539875886568293672,737,1539875886566810856,,5,65528,40.5913472,-79.8960964,428.849975586,3.94430452611e-31,16.0,-1.95943496414e-15,-12.3669471741,11.4313001633,-5.13631868362,-16.0,-0.0
1539875886597293544,738,1539875886596597192,,5,65528,40.5913472,-79.8960964,428.849975586,3.94430452611e-31,16.0,-1.95943496414e-15,-12.3638744354,11.4851703644,-5.09628534317,-16.0,-0.0
1539875886686389160,739,1539875886685867208,,5,65528,40.5913472,-79.8960964,428.849975586,3.94430452611e-31,16.0,-1.95943496414e-15,-12.3508033752,11.520573616,-5.15987157822,-16.0,-0.0
1539875886716372968,740,1539875886715522536,,5,65528,40.5913472,-79.8960964,428.849975586,3.94430452611e-31,16.0,-1.95943496414e-15,-12.3454170227,11.5223178864,-5.24894857407,-16.0,-0.0
1539875886769197288,741,1539875886768338024,,5,65528,40.5913472,-79.8960964,428.849975586,3.94430452611e-31,16.0,-1.95943496414e-15,-12.3492631912,11.5226011276,-5.30172729492,-16.0,-0.0
1539875886825936904,742,1539875886825201096,,5,65528,40.5913472,-79.8960964,428.849975586,3.94430452611e-31,16.0,-1.95943496414e-15,-12.3718557358,11.5166273117,-5.28285074234,-16.0,-0.0
1539875886894553544,743,1539875886891302344,,5,65528,40.5913472,-79.8960964,428.849975586,3.94430452611e-31,16.0,-1.95943496414e-15,-12.4101104736,11.5273132324,-5.23432540894,-16.0,-0.0
1539875886978701672,744,1539875886978169800,,5,65528,40.5913472,-79.8960964,428.849975586,3.94430452611e-31,16.0,-1.95943496414e-15,-12.4716644287,11.5248527527,-5.1488442421,-16.0,-0.0
1539875887034556296,745,1539875887033559272,,5,65528,40.5913472,-79.8960964,428.849975586,3.94430452611e-31,16.0,-1.95943496414e-15,-12.4989795685,11.5243787766,-5.11685752869,-16.0,-0.0
1539875887087841128,746,1539875887087483624,,5,65528,40.5913472,-79.8960964,428.849975586,3.94430452611e-31,16.0,-1.95943496414e-15,-12.5449266434,11.5101556778,-5.08227682114,-16.0,-0.0
1539875887120048104,747,1539875887119087880,,5,65528,40.5913472,-79.8960964,428.849975586,3.94430452611e-31,16.0,-1.95943496414e-15,-12.5729370117,11.5015964508,-5.04795694351,-16.0,-0.0
1539875887161562056,748,1539875887160134184,,5,65528,40.5913472,-79.8960964,428.849975586,3.94430452611e-31,16.0,-1.95943496414e-15,-12.6072835922,11.4882678986,-5.03510141373,-16.0,-0.0
1539875887191569672,749,1539875887191021544,,5,65528,40.5913472,-79.8960964,428.849975586,3.94430452611e-31,16.0,-1.95943496414e-15,-12.6367759705,11.4741163254,-5.02628803253,-16.0,-0.0
1539875887263151624,750,1539875887262965160,,5,65528,40.5913472,-79.8960964,428.849975586,3.94430452611e-31,16.0,-1.95943496414e-15,-12.685710907,11.4526672363,-5.01600408554,-16.0,-0.0
1539875887282399656,751,1539875887280585864,,5,65528,40.5913472,-79.8960964,428.849975586,3.94430452611e-31,16.0,-1.95943496414e-15,-12.7076225281,11.4421625137,-4.99607038498,-16.0,-0.0
1539875887384089192,752,1539875887380676904,,5,65528,40.5913472,-79.8960964,428.849975586,3.94430452611e-31,16.0,-1.95943496414e-15,-12.8061580658,11.4114694595,-4.92782497406,-16.0,-0.0
1539875887415382536,753,1539875887413765704,,5,65528,40.5913472,-79.8960964,428.849975586,3.94430452611e-31,16.0,-1.95943496414e-15,-12.8226699829,11.4070281982,-4.92301177979,-16.0,-0.0
1539875887472469000,754,1539875887471170600,,5,65528,40.5913472,-79.8960964,428.849975586,3.94430452611e-31,16.0,-1.95943496414e-15,-12.9150314331,11.393497467,-4.81274700165,-16.0,-0.0
1539875887537708136,755,1539875887536534760,,5,65528,40.5913472,-79.8960964,428.849975586,3.94430452611e-31,16.0,-1.95943496414e-15,-12.9920139313,11.3866882324,-4.67043972015,-16.0,-0.0
1539875887573198184,756,1539875887570822280,,5,65528,40.5913472,-79.8960964,428.849975586,3.94430452611e-31,16.0,-1.95943496414e-15,-13.0551023483,11.3929233551,-4.5542011261,-16.0,-0.0
1539875887657287208,757,1539875887653801320,,5,65528,40.5913472,-79.8960964,428.849975586,3.94430452611e-31,16.0,-1.95943496414e-15,-13.1423282623,11.4117565155,-4.32046699524,-16.0,-0.0
1539875887686749640,758,1539875887684802056,,5,65528,40.5913472,-79.8960964,428.849975586,3.94430452611e-31,16.0,-1.95943496414e-15,-13.1984624863,11.4119825363,-4.19637203217,-16.0,-0.0
1539875887742635944,759,1539875887742194344,,5,65528,40.5913472,-79.8960964,428.849975586,3.94430452611e-31,16.0,-1.95943496414e-15,-13.2490596771,11.4456787109,-3.99432492256,-16.0,-0.0
1539875887798717192,760,1539875887797497576,,5,65528,40.5913472,-79.8960964,428.849975586,3.94430452611e-31,16.0,-1.95943496414e-15,-13.3163833618,11.5001735687,-3.74960255623,-16.0,-0.0
1539875887876755144,761,1539875887875951944,,5,65528,40.5913472,-79.8960964,428.849975586,3.94430452611e-31,16.0,-1.95943496414e-15,-13.4090299606,11.549993515,-3.29844093323,-16.0,-0.0
1539875887961265096,762,1539875887960766312,,5,65528,40.5913472,-79.8960964,428.849975586,3.94430452611e-31,16.0,-1.95943496414e-15,-13.4538240433,11.6307077408,-2.85125374794,-16.0,-0.0
1539875887997024360,763,1539875887994335240,,5,65528,40.5913472,-79.8960964,428.849975586,3.94430452611e-31,16.0,-1.95943496414e-15,-13.468132019,11.665394783,-2.61198091507,-16.0,-0.0
1539875888046168648,764,1539875888045420680,,5,65528,40.5913472,-79.8960964,428.849975586,3.94430452611e-31,16.0,-1.95943496414e-15,-13.4806118011,11.6963319778,-2.37422513962,-16.0,-0.0
1539875888111805352,765,1539875888110258312,,5,65528,40.5913472,-79.8960964,428.849975586,3.94430452611e-31,16.0,-1.95943496414e-15,-13.4962911606,11.7349309921,-1.98107481003,-16.0,-0.0
1539875888138957032,766,1539875888134940072,,5,65528,40.5913472,-79.8960964,428.849975586,3.94430452611e-31,16.0,-1.95943496414e-15,-13.4965696335,11.7557039261,-1.82715976238,-16.0,-0.0
1539875888169476616,767,1539875888168670664,,5,65528,40.5913472,-79.8960964,428.849975586,3.94430452611e-31,16.0,-1.95943496414e-15,-13.4996957779,11.775177002,-1.5368244648,-16.0,-0.0
1539875888227175336,768,1539875888224260424,,5,65528,40.5913472,-79.8960964,428.849975586,3.94430452611e-31,16.0,-1.95943496414e-15,-13.4830522537,11.8250112534,-1.07433688641,-16.0,-0.0
1539875888291314504,769,1539875888287564552,,5,65528,40.5913472,-79.8960964,428.849975586,3.94430452611e-31,16.0,-1.95943496414e-15,-13.4526634216,11.8799476624,-0.580742001534,-16.0,-0.0
1539875888313930504,770,1539875888313307464,,5,65528,40.5913472,-79.8960964,428.849975586,3.94430452611e-31,16.0,-1.95943496414e-15,-13.4368963242,11.8963260651,-0.431984186172,-16.0,-0.0
1539875888380635592,771,1539875888377469448,,5,65528,40.5913472,-79.8960964,428.849975586,3.94430452611e-31,16.0,-1.95943496414e-15,-13.3730611801,11.9291696548,0.149702340364,-16.0,-0.0
1539875888457490568,772,1539875888456764968,,5,65528,40.5913472,-79.8960964,428.849975586,3.94430452611e-31,16.0,-1.95943496414e-15,-13.3066682816,11.9483890533,0.709048449993,-16.0,-0.0
1539875888477429032,773,1539875888476575592,,5,65528,40.5913472,-79.8960964,428.849975586,3.94430452611e-31,16.0,-1.95943496414e-15,-13.2501821518,11.935842514,1.04201304913,-16.0,-0.0
1539875888509718344,774,1539875888508383784,,5,65528,40.5913472,-79.8960964,428.849975586,3.94430452611e-31,16.0,-1.95943496414e-15,-13.2240390778,11.9201154709,1.16637444496,-16.0,-0.0
1539875888584329544,775,1539875888582670600,,5,65528,40.5913472,-79.8960964,428.849975586,3.94430452611e-31,16.0,-1.95943496414e-15,-13.1424474716,11.9005041122,1.56078875065,-16.0,-0.0
1539875888614122472,776,1539875888604373672,,5,65528,40.5913472,-79.8960964,428.849975586,3.94430452611e-31,16.0,-1.95943496414e-15,-13.1223125458,11.8888378143,1.61049079895,-16.0,-0.0
1539875888652346760,777,1539875888651423880,,5,65528,40.5913472,-79.8960964,428.849975586,3.94430452611e-31,16.0,-1.95943496414e-15,-13.0646753311,11.8583669662,1.79033792019,-16.0,-0.0
1539875888721170472,778,1539875888720287304,,5,65528,40.5913472,-79.8960964,428.849975586,3.94430452611e-31,16.0,-1.95943496414e-15,-13.0136613846,11.8614292145,1.89047181606,-16.0,-0.0
1539875888791401096,779,1539875888790804040,,5,65528,40.5913472,-79.8960964,428.849975586,3.94430452611e-31,16.0,-1.95943496414e-15,-12.8848962784,11.8417682648,2.16185760498,-16.0,-0.0
1539875888863852488,780,1539875888855654824,,5,65528,40.5913472,-79.8960964,428.849975586,3.94430452611e-31,16.0,-1.95943496414e-15,-12.7864990234,11.8431787491,2.32037615776,-16.0,-0.0
1539875888969079144,781,1539875888968094856,,5,65528,40.5913472,-79.8960964,428.849975586,3.94430452611e-31,16.0,-1.95943496414e-15,-12.6325511932,11.8555145264,2.49411296844,-16.0,-0.0
1539875889013102216,782,1539875889012349928,,5,65528,40.5913472,-79.8960964,428.849975586,3.94430452611e-31,16.0,-1.95943496414e-15,-12.528878212,11.8407621384,2.59397339821,-16.0,-0.0
1539875889061803336,783,1539875889061092904,,5,65528,40.5913472,-79.8960964,428.849975586,3.94430452611e-31,16.0,-1.95943496414e-15,-12.4402389526,11.8414964676,2.75889539719,-16.0,-0.0
1539875889133149864,784,1539875889131857768,,5,65528,40.5913472,-79.8960964,428.849975586,3.94430452611e-31,16.0,-1.95943496414e-15,-12.2971954346,11.8186388016,3.0552175045,-16.0,-0.0
1539875889199404936,785,1539875889199063304,,5,65528,40.5913472,-79.8960964,428.849975586,3.94430452611e-31,16.0,-1.95943496414e-15,-12.1937818527,11.7988681793,3.25022029877,-16.0,-0.0
1539875889208322024,786,1539875889207825608,,5,65528,40.5913472,-79.8960964,428.849975586,3.94430452611e-31,16.0,-1.95943496414e-15,-12.1117868423,11.8012390137,3.38309216499,-16.0,-0.0
1539875889244936200,787,1539875889243808200,,5,65528,40.5913472,-79.8960964,428.849975586,3.94430452611e-31,16.0,-1.95943496414e-15,-12.0419578552,11.7954788208,3.42291212082,-16.0,-0.0
1539875889302411080,788,1539875889301392264,,5,65528,40.5913472,-79.8960964,428.849975586,3.94430452611e-31,16.0,-1.95943496414e-15,-11.9388418198,11.7567205429,3.50336909294,-16.0,-0.0
1539875889371460680,789,1539875889370711944,,5,65528,40.5913472,-79.8960964,428.849975586,3.94430452611e-31,16.0,-1.95943496414e-15,-11.8336305618,11.722155571,3.6440050602,-16.0,-0.0
1539875889388963752,790,1539875889388188552,,5,65528,40.5913472,-79.8960964,428.849975586,3.94430452611e-31,16.0,-1.95943496414e-15,-11.8012180328,11.710100174,3.68513989449,-16.0,-0.0
1539875889482939464,791,1539875889480088040,,5,65528,40.5913472,-79.8960964,428.849975586,3.94430452611e-31,16.0,-1.95943496414e-15,-11.6676750183,11.6030244827,3.80092811584,-16.0,-0.0
1539875889540535080,792,1539875889540164744,,5,65528,40.5913472,-79.8960964,428.849975586,3.94430452611e-31,16.0,-1.95943496414e-15,-11.6349134445,11.5542287827,3.80108070374,-16.0,-0.0
1539875889578154216,793,1539875889577462696,,5,65528,40.5913472,-79.8960964,428.849975586,3.94430452611e-31,16.0,-1.95943496414e-15,-11.5978422165,11.5049657822,3.74125933647,-16.0,-0.0
1539875889611274184,794,1539875889610998984,,5,65528,40.5913472,-79.8960964,428.849975586,3.94430452611e-31,16.0,-1.95943496414e-15,-11.5801095963,11.4829826355,3.65057420731,-16.0,-0.0
1539875889682353320,795,1539875889682013352,,5,65528,40.5913472,-79.8960964,428.849975586,3.94430452611e-31,16.0,-1.95943496414e-15,-11.5528078079,11.4435272217,3.48034524918,-16.0,-0.0
1539875889690489736,796,1539875889690167272,,5,65528,40.5913472,-79.8960964,428.849975586,3.94430452611e-31,16.0,-1.95943496414e-15,-11.5408964157,11.4259853363,3.42277216911,-16.0,-0.0
1539875889780846088,797,1539875889777355368,,5,65528,40.5913472,-79.8960964,428.849975586,3.94430452611e-31,16.0,-1.95943496414e-15,-11.5143699646,11.3860998154,3.28530049324,-16.0,-0.0
1539875889805702248,798,1539875889805500872,,5,65528,40.5913472,-79.8960964,428.849975586,3.94430452611e-31,16.0,-1.95943496414e-15,-11.4921340942,11.3585519791,3.20321369171,-16.0,-0.0
1539875889852701864,799,1539875889852235848,,5,65528,40.5913472,-79.8960964,428.849975586,3.94430452611e-31,16.0,-1.95943496414e-15,-11.446185112,11.3239459991,3.13144731522,-16.0,-0.0
1539875889910439400,800,1539875889910130312,,5,65528,40.5913472,-79.8960964,428.849975586,3.94430452611e-31,16.0,-1.95943496414e-15,-11.4170732498,11.3052759171,3.07025027275,-16.0,-0.0
1539875889975711464,801,1539875889973621000,,5,65528,40.5913472,-79.8960964,428.849975586,3.94430452611e-31,16.0,-1.95943496414e-15,-11.3780975342,11.2678403854,2.9841029644,-16.0,-0.0
1539875890001485384,802,1539875890000711912,,5,65528,40.5913472,-79.8960964,428.849975586,3.94430452611e-31,16.0,-1.95943496414e-15,-11.356926918,11.2390470505,2.95024728775,-16.0,-0.0
1539875890069005672,803,1539875890068746600,,5,65528,40.5913472,-79.8960964,428.849975586,3.94430452611e-31,16.0,-1.95943496414e-15,-11.3274440765,11.1644468307,2.96144318581,-16.0,-0.0
1539875890124134536,804,1539875890122846152,,5,65528,40.5913472,-79.8960964,428.849975586,3.94430452611e-31,16.0,-1.95943496414e-15,-11.3062763214,11.0432577133,3.11428689957,-16.0,-0.0
1539875890184620328,805,1539875890183772008,,5,65528,40.5913472,-79.8960964,428.849975586,3.94430452611e-31,16.0,-1.95943496414e-15,-11.2771196365,10.8655433655,3.4583671093,-16.0,-0.0
1539875890209346152,806,1539875890208944328,,5,65528,40.5913472,-79.8960964,428.849975586,3.94430452611e-31,16.0,-1.95943496414e-15,-11.2635955811,10.7147426605,3.78565430641,-16.0,-0.0
1539875890272436168,807,1539875890268141416,,5,65528,40.5913472,-79.8960964,428.849975586,3.94430452611e-31,16.0,-1.95943496414e-15,-11.2493667603,10.5383119583,4.14565372467,-16.0,-0.0
1539875890320275368,808,1539875890319942376,,5,65528,40.5913472,-79.8960964,428.849975586,3.94430452611e-31,16.0,-1.95943496414e-15,-11.2328863144,10.3074932098,4.57880687714,-16.0,-0.0
1539875890370286344,809,1539875890369866120,,5,65528,40.5913472,-79.8960964,428.849975586,3.94430452611e-31,16.0,-1.95943496414e-15,-11.2210845947,10.0855398178,4.84790945053,-16.0,-0.0
1539875890421073640,810,1539875890419938792,,5,65528,40.5913472,-79.8960964,428.849975586,3.94430452611e-31,16.0,-1.95943496414e-15,-11.2109699249,9.95723056793,4.9729514122,-16.0,-0.0
1539875890476996328,811,1539875890476391272,,5,65528,40.5913472,-79.8960964,428.849975586,3.94430452611e-31,16.0,-1.95943496414e-15,-11.1839342117,9.81626796722,5.05107498169,-16.0,-0.0
1539875890491138056,812,1539875890490768968,,5,65528,40.5913472,-79.8960964,428.849975586,3.94430452611e-31,16.0,-1.95943496414e-15,-11.1659507751,9.79016017914,5.05951118469,-16.0,-0.0
1539875890563021928,813,1539875890561707688,,5,65528,40.5913472,-79.8960964,428.849975586,3.94430452611e-31,16.0,-1.95943496414e-15,-11.1339931488,9.69263076782,5.00644540787,-16.0,-0.0
1539875890612595880,814,1539875890611625224,,5,65528,40.5913472,-79.8960964,428.849975586,3.94430452611e-31,16.0,-1.95943496414e-15,-11.085477829,9.64153289795,4.89190864563,-16.0,-0.0
1539875890670335464,815,1539875890665962920,,5,65528,40.5913472,-79.8960964,428.849975586,3.94430452611e-31,16.0,-1.95943496414e-15,-11.0768642426,9.60622215271,4.71996593475,-16.0,-0.0
1539875890705540744,816,1539875890703243208,,5,65528,40.5913472,-79.8960964,428.849975586,3.94430452611e-31,16.0,-1.95943496414e-15,-11.0607967377,9.59523010254,4.51649904251,-16.0,-0.0
1539875890755493640,817,1539875890753130472,,5,65528,40.5913472,-79.8960964,428.849975586,3.94430452611e-31,16.0,-1.95943496414e-15,-11.0584745407,9.56278514862,4.19203281403,-16.0,-0.0
1539875890841392360,818,1539875890838194088,,5,65528,40.5913472,-79.8960964,428.849975586,3.94430452611e-31,16.0,-1.95943496414e-15,-11.0529146194,9.54533004761,3.84604096413,-16.0,-0.0
1539875890884578952,819,1539875890883669224,,5,65528,40.5913472,-79.8960964,428.849975586,3.94430452611e-31,16.0,-1.95943496414e-15,-11.0416736603,9.53475093842,3.49119448662,-16.0,-0.0
1539875890952804680,820,1539875890950959624,,5,65528,40.5913472,-79.8960964,428.849975586,3.94430452611e-31,16.0,-1.95943496414e-15,-10.993560791,9.51755809784,3.09395909309,-16.0,-0.0
1539875891014525640,821,1539875891012946984,,5,65528,40.5913472,-79.8960964,428.849975586,3.94430452611e-31,16.0,-1.95943496414e-15,-10.9534511566,9.51353931427,2.79427218437,-16.0,-0.0
1539875891087637800,822,1539875891085062760,,5,65528,40.5913472,-79.8960964,428.849975586,3.94430452611e-31,16.0,-1.95943496414e-15,-10.9115447998,9.51530170441,2.54437398911,-16.0,-0.0
1539875891102159112,823,1539875891101372616,,5,65528,40.5913472,-79.8960964,428.849975586,3.94430452611e-31,16.0,-1.95943496414e-15,-10.8841867447,9.52253818512,2.50025868416,-16.0,-0.0
1539875891202989288,824,1539875891200760744,,5,65528,40.5913472,-79.8960964,428.849975586,3.94430452611e-31,16.0,-1.95943496414e-15,-10.8218402863,9.52224731445,2.13072609901,-16.0,-0.0
1539875891286272168,825,1539875891279536040,,5,65528,40.5913472,-79.8960964,428.849975586,3.94430452611e-31,16.0,-1.95943496414e-15,-10.7707252502,9.50015163422,1.92169702053,-16.0,-0.0
1539875891331283976,826,1539875891327197480,,5,65528,40.5913472,-79.8960964,428.849975586,3.94430452611e-31,16.0,-1.95943496414e-15,-10.7372989655,9.49058628082,1.87143278122,-16.0,-0.0
1539875891354026408,827,1539875891353400488,,5,65528,40.5913472,-79.8960964,428.849975586,3.94430452611e-31,16.0,-1.95943496414e-15,-10.7041549683,9.48800945282,1.83417761326,-16.0,-0.0
1539875891499015496,828,1539875891497425480,,5,65528,40.5913472,-79.8960964,428.849975586,3.94430452611e-31,16.0,-1.95943496414e-15,-10.649479866,9.46988391876,1.55949890614,-16.0,-0.0
1539875891541684232,829,1539875891541177096,,5,65528,40.5913472,-79.8960964,428.849975586,3.94430452611e-31,16.0,-1.95943496414e-15,-10.6274108887,9.47130870819,1.39651203156,-16.0,-0.0
1539875891563628968,830,1539875891561377384,,5,65528,40.5913472,-79.8960964,428.849975586,3.94430452611e-31,16.0,-1.95943496414e-15,-10.6065807343,9.4810962677,1.19122314453,-16.0,-0.0
1539875891594857064,831,1539875891593232200,,5,65528,40.5913472,-79.8960964,428.849975586,3.94430452611e-31,16.0,-1.95943496414e-15,-10.5873861313,9.4919757843,0.917424976826,-16.0,-0.0
1539875891659341352,832,1539875891657929800,,5,65528,40.5913472,-79.8960964,428.849975586,3.94430452611e-31,16.0,-1.95943496414e-15,-10.5558671951,9.51191902161,0.487222224474,-16.0,-0.0
1539875891696303144,833,1539875891694303304,,5,65528,40.5913472,-79.8960964,428.849975586,3.94430452611e-31,16.0,-1.95943496414e-15,-10.4976005554,9.54276561737,0.519099056721,-16.0,-0.0
1539875891771859112,834,1539875891771297416,,5,65528,40.5913472,-79.8960964,428.849975586,3.94430452611e-31,16.0,-1.95943496414e-15,-10.4322690964,9.59940624237,0.828571915627,-16.0,-0.0
1539875891807340232,835,1539875891803005384,,5,65528,40.5913472,-79.8960964,428.849975586,3.94430452611e-31,16.0,-1.95943496414e-15,-10.3929719925,9.61342525482,1.14538693428,-16.0,-0.0
1539875891866052552,836,1539875891862731752,,5,65528,40.5913472,-79.8960964,428.849975586,3.94430452611e-31,16.0,-1.95943496414e-15,-10.3417015076,9.62626838684,1.37703156471,-16.0,-0.0
1539875891898020104,837,1539875891895556680,,5,65528,40.5913472,-79.8960964,428.849975586,3.94430452611e-31,16.0,-1.95943496414e-15,-10.3192157745,9.61352348328,1.2886428833,-16.0,-0.0
1539875892032312840,838,1539875892022956840,,5,65528,40.5913472,-79.8960964,428.849975586,3.94430452611e-31,16.0,-1.95943496414e-15,-10.2839031219,9.57876586914,0.832866132259,-16.0,-0.0
1539875892099484904,839,1539875892095981608,,5,65528,40.5913472,-79.8960964,428.849975586,3.94430452611e-31,16.0,-1.95943496414e-15,-10.2710189819,9.57779598236,0.563195228577,-16.0,-0.0
1539875892125960008,840,1539875892125521160,,5,65528,40.5913472,-79.8960964,428.849975586,3.94430452611e-31,16.0,-1.95943496414e-15,-10.2641744614,9.56509780884,0.399677425623,-16.0,-0.0
1539875892177110760,841,1539875892175675848,,5,65528,40.5913472,-79.8960964,428.849975586,3.94430452611e-31,16.0,-1.95943496414e-15,-10.2499399185,9.55348205566,0.28725990653,-16.0,-0.0
1539875892268155560,842,1539875892267301416,,5,65528,40.5913472,-79.8960964,428.849975586,3.94430452611e-31,16.0,-1.95943496414e-15,-10.2527961731,9.51049900055,0.0876009687781,-16.0,-0.0
1539875892296879784,843,1539875892294954792,,5,65528,40.5913472,-79.8960964,428.849975586,3.94430452611e-31,16.0,-1.95943496414e-15,-10.2507419586,9.49688339233,0.00760297570377,-16.0,-0.0
1539875892339121896,844,1539875892338840040,,5,65528,40.5913472,-79.8960964,428.849975586,3.94430452611e-31,16.0,-1.95943496414e-15,-10.2527217865,9.48097419739,-0.246942490339,-16.0,-0.0
1539875892372142408,845,1539875892371364776,,5,65528,40.5913472,-79.8960964,428.849975586,3.94430452611e-31,16.0,-1.95943496414e-15,-10.2519712448,9.47331619263,-0.431866377592,-16.0,-0.0
1539875892446866440,846,1539875892446472456,,5,65528,40.5913472,-79.8960964,428.849975586,3.94430452611e-31,16.0,-1.95943496414e-15,-10.2414369583,9.47654438019,-0.767023324966,-16.0,-0.0
1539875892495308968,847,1539875892494771400,,5,65528,40.5913472,-79.8960964,428.849975586,3.94430452611e-31,16.0,-1.95943496414e-15,-10.214512825,9.52399539948,-1.13908946514,-16.0,-0.0
1539875892565536776,848,1539875892564140808,,5,65528,40.5913472,-79.8960964,428.849975586,3.94430452611e-31,16.0,-1.95943496414e-15,-10.1793079376,9.57086849213,-1.45132315159,-16.0,-0.0
1539875892610619048,849,1539875892609293864,,5,65528,40.5913472,-79.8960964,428.849975586,3.94430452611e-31,16.0,-1.95943496414e-15,-10.1618824005,9.6009054184,-1.58887529373,-16.0,-0.0
1539875892698924904,850,1539875892698332552,,5,65528,40.5913472,-79.8960964,428.849975586,3.94430452611e-31,16.0,-1.95943496414e-15,-10.1129951477,9.70007324219,-1.75714254379,-16.0,-0.0
1539875892777357672,851,1539875892774536328,,5,65528,40.5913472,-79.8960964,428.849975586,3.94430452611e-31,16.0,-1.95943496414e-15,-10.0810346603,9.77945709229,-1.64616584778,-16.0,-0.0
1539875892829299784,852,1539875892823514312,,5,65528,40.5913472,-79.8960964,428.849975586,3.94430452611e-31,16.0,-1.95943496414e-15,-10.0549497604,9.83989715576,-1.4505764246,-16.0,-0.0
1539875892856520872,853,1539875892855853704,,5,65528,40.5913472,-79.8960964,428.849975586,3.94430452611e-31,16.0,-1.95943496414e-15,-10.0411176682,9.91930866241,-1.07701694965,-16.0,-0.0
1539875892917351656,854,1539875892916421384,,5,65528,40.5913472,-79.8960964,428.849975586,3.94430452611e-31,16.0,-1.95943496414e-15,-10.0252971649,10.0685195923,-0.474073410034,-16.0,-0.0
1539875893006464744,855,1539875893005516904,,5,65528,40.5913472,-79.8960964,428.849975586,3.94430452611e-31,16.0,-1.95943496414e-15,-9.9777841568,10.2731771469,0.364509701729,-16.0,-0.0
1539875893072825160,856,1539875893071963432,,5,65528,40.5913472,-79.8960964,428.849975586,3.94430452611e-31,16.0,-1.95943496414e-15,-9.93748760223,10.4210929871,1.0567085743,-16.0,-0.0
1539875893098720584,857,1539875893098391528,,5,65528,40.5913472,-79.8960964,428.849975586,3.94430452611e-31,16.0,-1.95943496414e-15,-9.92681694031,10.45403862,1.22943842411,-16.0,-0.0
1539875893175784712,858,1539875893173309992,,5,65528,40.5913472,-79.8960964,428.849975586,3.94430452611e-31,16.0,-1.95943496414e-15,-9.88233757019,10.5209331512,1.55218315125,-16.0,-0.0
1539875893259526088,859,1539875893258913320,,5,65528,40.5913472,-79.8960964,428.849975586,3.94430452611e-31,16.0,-1.95943496414e-15,-9.85439395905,10.5448579788,1.64552199841,-16.0,-0.0
1539875893287565928,860,1539875893286290600,,5,65528,40.5913472,-79.8960964,428.849975586,3.94430452611e-31,16.0,-1.95943496414e-15,-9.85366916656,10.5375366211,1.71951913834,-16.0,-0.0
1539875893319839208,861,1539875893318986024,,5,65528,40.5913472,-79.8960964,428.849975586,3.94430452611e-31,16.0,-1.95943496414e-15,-9.84884357452,10.5207328796,1.79678595066,-16.0,-0.0
1539875893357972552,862,1539875893357585960,,5,65528,40.5913472,-79.8960964,428.849975586,3.94430452611e-31,16.0,-1.95943496414e-15,-9.83957195282,10.5045261383,1.83120310307,-16.0,-0.0
1539875893414520168,863,1539875893410508936,,5,65528,40.5913472,-79.8960964,428.849975586,3.94430452611e-31,16.0,-1.95943496414e-15,-9.83315467834,10.4858427048,1.74310028553,-16.0,-0.0
1539875893512029864,864,1539875893511652968,,5,65528,40.5913472,-79.8960964,428.849975586,3.94430452611e-31,16.0,-1.95943496414e-15,-9.855717659,10.3898048401,1.16955697536,-16.0,-0.0
1539875893602584680,865,1539875893601831272,,5,65528,40.5913472,-79.8960964,428.849975586,3.94430452611e-31,16.0,-1.95943496414e-15,-9.88779354095,10.2907514572,0.878245294094,-16.0,-0.0
1539875893669704744,866,1539875893669084936,,5,65528,40.5913472,-79.8960964,428.849975586,3.94430452611e-31,16.0,-1.95943496414e-15,-9.92290687561,10.1799030304,0.621042966843,-16.0,-0.0
1539875893700044232,867,1539875893699193352,,5,65528,40.5913472,-79.8960964,428.849975586,3.94430452611e-31,16.0,-1.95943496414e-15,-9.93167591095,10.1602325439,0.558243155479,-16.0,-0.0
1539875893787979592,868,1539875893786762152,,5,65528,40.5913472,-79.8960964,428.849975586,3.94430452611e-31,16.0,-1.95943496414e-15,-9.97086334229,10.0514774323,0.319568544626,-16.0,-0.0
1539875893817101896,869,1539875893816599336,,5,65528,40.5913472,-79.8960964,428.849975586,3.94430452611e-31,16.0,-1.95943496414e-15,-9.9769449234,10.0266475677,0.247186377645,-16.0,-0.0
1539875893900373096,870,1539875893898300616,,5,65528,40.5913472,-79.8960964,428.849975586,3.94430452611e-31,16.0,-1.95943496414e-15,-10.015663147,9.9351568222,-0.0273173172027,-16.0,-0.0
1539875893913864232,871,1539875893912215816,,5,65528,40.5913472,-79.8960964,428.849975586,3.94430452611e-31,16.0,-1.95943496414e-15,-10.0258874893,9.90414619446,-0.0913340225816,-16.0,-0.0
1539875893968702216,872,1539875893966941160,,5,65528,40.5913472,-79.8960964,428.849975586,3.94430452611e-31,16.0,-1.95943496414e-15,-10.0577545166,9.83116054535,-0.258187443018,-16.0,-0.0
1539875893996065576,873,1539875893994834664,,5,65528,40.5913472,-79.8960964,428.849975586,3.94430452611e-31,16.0,-1.95943496414e-15,-10.0639772415,9.80994415283,-0.32517901063,-16.0,-0.0
1539875894061752072,874,1539875894061381000,,5,65528,40.5913472,-79.8960964,428.849975586,3.94430452611e-31,16.0,-1.95943496414e-15,-10.1161022186,9.71250152588,-0.431669741869,-16.0,-0.0
1539875894085617672,875,1539875894084955912,,5,65528,40.5913472,-79.8960964,428.849975586,3.94430452611e-31,16.0,-1.95943496414e-15,-10.147605896,9.65966796875,-0.438298940659,-16.0,-0.0
1539875894141249032,876,1539875894140459208,,5,65528,40.5913472,-79.8960964,428.849975586,3.94430452611e-31,16.0,-1.95943496414e-15,-10.1718187332,9.6148443222,-0.475491166115,-16.0,-0.0
1539875894187542152,877,1539875894185753064,,5,65528,40.5913472,-79.8960964,428.849975586,3.94430452611e-31,16.0,-1.95943496414e-15,-10.1905584335,9.58212852478,-0.521438002586,-16.0,-0.0
1539875894216334376,878,1539875894215886312,,5,65528,40.5913472,-79.8960964,428.849975586,3.94430452611e-31,16.0,-1.95943496414e-15,-10.2044200897,9.55638122559,-0.585552513599,-16.0,-0.0
1539875894287297096,879,1539875894286911528,,5,65528,40.5913472,-79.8960964,428.849975586,3.94430452611e-31,16.0,-1.95943496414e-15,-10.2263946533,9.51420593262,-0.62214577198,-16.0,-0.0
1539875894308540168,880,1539875894305904104,,5,65528,40.5913472,-79.8960964,428.849975586,3.94430452611e-31,16.0,-1.95943496414e-15,-10.2311143875,9.51314544678,-0.667544841766,-16.0,-0.0
1539875894376598568,881,1539875894376011784,,5,65528,40.5913472,-79.8960964,428.849975586,3.94430452611e-31,16.0,-1.95943496414e-15,-10.2428922653,9.48070430756,-0.790607154369,-16.0,-0.0
1539875894409346376,882,1539875894408665896,,5,65528,40.5913472,-79.8960964,428.849975586,3.94430452611e-31,16.0,-1.95943496414e-15,-10.2564687729,9.4604177475,-0.859933614731,-16.0,-0.0
1539875894483928872,883,1539875894482185928,,5,65528,40.5913472,-79.8960964,428.849975586,3.94430452611e-31,16.0,-1.95943496414e-15,-10.2846851349,9.421002388,-1.03483474255,-16.0,-0.0
1539875894576518344,884,1539875894575974952,,5,65528,40.5913472,-79.8960964,428.849975586,3.94430452611e-31,16.0,-1.95943496414e-15,-10.3187665939,9.39729595184,-1.22009384632,-16.0,-0.0
1539875894650912648,885,1539875894650664296,,5,65528,40.5913472,-79.8960964,428.849975586,3.94430452611e-31,16.0,-1.95943496414e-15,-10.3343048096,9.37597942352,-1.38218045235,-16.0,-0.0
1539875894704794440,886,1539875894704452008,,5,65528,40.5913472,-79.8960964,428.849975586,3.94430452611e-31,16.0,-1.95943496414e-15,-10.3559894562,9.36091709137,-1.44397306442,-16.0,-0.0
1539875894760051752,887,1539875894759661992,,5,65528,40.5913472,-79.8960964,428.849975586,3.94430452611e-31,16.0,-1.95943496414e-15,-10.4001808167,9.3308839798,-1.45433449745,-16.0,-0.0
1539875894847098216,888,1539875894846534632,,5,65528,40.5913472,-79.8960964,428.849975586,3.94430452611e-31,16.0,-1.95943496414e-15,-10.4743785858,9.27001094818,-1.46752655506,-16.0,-0.0
1539875894860230376,889,1539875894859895912,,5,65528,40.5913472,-79.8960964,428.849975586,3.94430452611e-31,16.0,-1.95943496414e-15,-10.4937744141,9.26049041748,-1.46811795235,-16.0,-0.0
1539875894917862984,890,1539875894916993256,,5,65528,40.5913472,-79.8960964,428.849975586,3.94430452611e-31,16.0,-1.95943496414e-15,-10.5448112488,9.20645332336,-1.51390635967,-16.0,-0.0
1539875894981294920,891,1539875894980583368,,5,65528,40.5913472,-79.8960964,428.849975586,3.94430452611e-31,16.0,-1.95943496414e-15,-10.5937213898,9.15220546722,-1.57917189598,-16.0,-0.0
1539875895045290120,892,1539875895044891304,,5,65528,40.5913472,-79.8960964,428.849975586,3.94430452611e-31,16.0,-1.95943496414e-15,-10.6482725143,9.10347938538,-1.66059112549,-16.0,-0.0
1539875895081094760,893,1539875895080693640,,5,65528,40.5913472,-79.8960964,428.849975586,3.94430452611e-31,16.0,-1.95943496414e-15,-10.6929159164,9.06157493591,-1.7144356966,-16.0,-0.0
1539875895123151144,894,1539875895122190728,,5,65528,40.5913472,-79.8960964,428.849975586,3.94430452611e-31,16.0,-1.95943496414e-15,-10.7348976135,9.02511882782,-1.77067577839,-16.0,-0.0
1539875895168048424,895,1539875895166653224,,5,65528,40.5913472,-79.8960964,428.849975586,3.94430452611e-31,16.0,-1.95943496414e-15,-10.7747621536,8.98389816284,-1.89052629471,-16.0,-0.0
1539875895213598792,896,1539875895212548168,,5,65528,40.5913472,-79.8960964,428.849975586,3.94430452611e-31,16.0,-1.95943496414e-15,-10.822145462,8.9337272644,-2.09053778648,-16.0,-0.0
1539875895267637320,897,1539875895263194952,,5,65528,40.5913472,-79.8960964,428.849975586,3.94430452611e-31,16.0,-1.95943496414e-15,-10.8484239578,8.91269302368,-2.23721599579,-16.0,-0.0
1539875895315606280,898,1539875895313913128,,5,65528,40.5913472,-79.8960964,428.849975586,3.94430452611e-31,16.0,-1.95943496414e-15,-10.8877096176,8.89469146729,-2.44883918762,-16.0,-0.0
1539875895386110184,899,1539875895385098440,,5,65528,40.5913472,-79.8960964,428.849975586,3.94430452611e-31,16.0,-1.95943496414e-15,-10.9205760956,8.88270282745,-2.66091609001,-16.0,-0.0
1539875895410469992,900,1539875895410224840,,5,65528,40.5913472,-79.8960964,428.849975586,3.94430452611e-31,16.0,-1.95943496414e-15,-10.9344882965,8.88946723938,-2.71279287338,-16.0,-0.0
1539875895459217928,901,1539875895457372648,,5,65528,40.5913472,-79.8960964,428.849975586,3.94430452611e-31,16.0,-1.95943496414e-15,-10.9567060471,8.89843177795,-2.86954212189,-16.0,-0.0
1539875895491276360,902,1539875895490219560,,5,65528,40.5913472,-79.8960964,428.849975586,3.94430452611e-31,16.0,-1.95943496414e-15,-10.9689207077,8.92026519775,-2.97005152702,-16.0,-0.0
1539875895599126184,903,1539875895598459688,,5,65528,40.5913472,-79.8960964,428.849975586,3.94430452611e-31,16.0,-1.95943496414e-15,-10.9985389709,9.00360488892,-3.13872432709,-16.0,-0.0
1539875895689683720,904,1539875895689266088,,5,65528,40.5913472,-79.8960964,428.849975586,3.94430452611e-31,16.0,-1.95943496414e-15,-11.0270967484,9.10050582886,-3.11134147644,-16.0,-0.0
1539875895716203208,905,1539875895715744840,,5,65528,40.5913472,-79.8960964,428.849975586,3.94430452611e-31,16.0,-1.95943496414e-15,-11.0400657654,9.11916160583,-3.1143257618,-16.0,-0.0
1539875895771527784,906,1539875895770177800,,5,65528,40.5913472,-79.8960964,428.849975586,3.94430452611e-31,16.0,-1.95943496414e-15,-11.0758609772,9.21841430664,-2.96315789223,-16.0,-0.0
1539875895809036776,907,1539875895808675272,,5,65528,40.5913472,-79.8960964,428.849975586,3.94430452611e-31,16.0,-1.95943496414e-15,-11.0898694992,9.23113441467,-2.94047641754,-16.0,-0.0
1539875895837615912,908,1539875895837248712,,5,65528,40.5913472,-79.8960964,428.849975586,3.94430452611e-31,16.0,-1.95943496414e-15,-11.1049976349,9.27781105042,-2.83253860474,-16.0,-0.0
1539875895900997160,909,1539875895900448328,,5,65528,40.5913472,-79.8960964,428.849975586,3.94430452611e-31,16.0,-1.95943496414e-15,-11.1406583786,9.34005355835,-2.67772626877,-16.0,-0.0
1539875895982181352,910,1539875895979471112,,5,65528,40.5913472,-79.8960964,428.849975586,3.94430452611e-31,16.0,-1.95943496414e-15,-11.1929664612,9.4080696106,-2.46385192871,-16.0,-0.0
1539875896037962504,911,1539875896036920872,,5,65528,40.5913472,-79.8960964,428.849975586,3.94430452611e-31,16.0,-1.95943496414e-15,-11.2148389816,9.46196460724,-2.30163502693,-16.0,-0.0
1539875896100684936,912,1539875896100244584,,5,65528,40.5913472,-79.8960964,428.849975586,3.94430452611e-31,16.0,-1.95943496414e-15,-11.2426967621,9.51931667328,-2.11626195908,-16.0,-0.0
1539875896136614056,913,1539875896134238440,,5,65528,40.5913472,-79.8960964,428.849975586,3.94430452611e-31,16.0,-1.95943496414e-15,-11.2501420975,9.51941108704,-2.07764053345,-16.0,-0.0
1539875896190948712,914,1539875896189429896,,5,65528,40.5913472,-79.8960964,428.849975586,3.94430452611e-31,16.0,-1.95943496414e-15,-11.2764406204,9.58491325378,-1.80248534679,-16.0,-0.0
1539875896259997000,915,1539875896258879304,,5,65528,40.5913472,-79.8960964,428.849975586,3.94430452611e-31,16.0,-1.95943496414e-15,-11.2822523117,9.64189720154,-1.60772919655,-16.0,-0.0
1539875896291412040,916,1539875896289869960,,5,65528,40.5913472,-79.8960964,428.849975586,3.94430452611e-31,16.0,-1.95943496414e-15,-11.2856845856,9.64788818359,-1.56910383701,-16.0,-0.0
1539875896329617512,917,1539875896329244264,,5,65528,40.5913472,-79.8960964,428.849975586,3.94430452611e-31,16.0,-1.95943496414e-15,-11.2969894409,9.67686462402,-1.49548065662,-16.0,-0.0
1539875896364913576,918,1539875896363201160,,5,65528,40.5913472,-79.8960964,428.849975586,3.94430452611e-31,16.0,-1.95943496414e-15,-11.2977285385,9.69861888885,-1.41323173046,-16.0,-0.0
1539875896404361992,919,1539875896403893160,,5,65528,40.5913472,-79.8960964,428.849975586,3.94430452611e-31,16.0,-1.95943496414e-15,-11.3107748032,9.71586513519,-1.32444083691,-16.0,-0.0
1539875896453711304,920,1539875896449909480,,5,65528,40.5913472,-79.8960964,428.849975586,3.94430452611e-31,16.0,-1.95943496414e-15,-11.2996683121,9.75560951233,-1.19980227947,-16.0,-0.0
1539875896496245480,921,1539875896495188072,,5,65528,40.5913472,-79.8960964,428.849975586,3.94430452611e-31,16.0,-1.95943496414e-15,-11.3043022156,9.79136943817,-1.07229912281,-16.0,-0.0
1539875896554334728,922,1539875896552031496,,5,65528,40.5913472,-79.8960964,428.849975586,3.94430452611e-31,16.0,-1.95943496414e-15,-11.3052959442,9.8137512207,-0.994677245617,-16.0,-0.0
1539875896611221576,923,1539875896606730088,,5,65528,40.5913472,-79.8960964,428.849975586,3.94430452611e-31,16.0,-1.95943496414e-15,-11.2966499329,9.85708141327,-0.952565968037,-16.0,-0.0
1539875896670634696,924,1539875896670184456,,5,65528,40.5913472,-79.8960964,428.849975586,3.94430452611e-31,16.0,-1.95943496414e-15,-11.2987327576,9.88797187805,-0.886015295982,-16.0,-0.0
1539875896740933832,925,1539875896739716360,,5,65528,40.5913472,-79.8960964,428.849975586,3.94430452611e-31,16.0,-1.95943496414e-15,-11.2875938416,9.93626785278,-0.808953940868,-16.0,-0.0
1539875896827703048,926,1539875896827454312,,5,65528,40.5913472,-79.8960964,428.849975586,3.94430452611e-31,16.0,-1.95943496414e-15,-11.2862997055,9.97651672363,-0.724393725395,-16.0,-0.0
1539875896877100360,927,1539875896876861480,,5,65528,40.5913472,-79.8960964,428.849975586,3.94430452611e-31,16.0,-1.95943496414e-15,-11.2903642654,9.98439979553,-0.656020283699,-16.0,-0.0
1539875896943611528,928,1539875896943134184,,5,65528,40.5913472,-79.8960964,428.849975586,3.94430452611e-31,16.0,-1.95943496414e-15,-11.2751245499,10.0245342255,-0.543079316616,-16.0,-0.0
1539875896998872616,929,1539875896998567688,,5,65528,40.5913472,-79.8960964,428.849975586,3.94430452611e-31,16.0,-1.95943496414e-15,-11.282743454,10.0251569748,-0.555665850639,-16.0,-0.0
1539875897042767688,930,1539875897041910376,,5,65528,40.5913472,-79.8960964,428.849975586,3.94430452611e-31,16.0,-1.95943496414e-15,-11.2688169479,10.0532598495,-0.511751711369,-16.0,-0.0
1539875897134116776,931,1539875897132543688,,5,65528,40.5913472,-79.8960964,428.849975586,3.94430452611e-31,16.0,-1.95943496414e-15,-11.2645330429,10.0694417953,-0.407220631838,-16.0,-0.0
1539875897157179528,932,1539875897156428104,,5,65528,40.5913472,-79.8960964,428.849975586,3.94430452611e-31,16.0,-1.95943496414e-15,-11.2615098953,10.0759820938,-0.373413026333,-16.0,-0.0
1539875897184230152,933,1539875897181255912,,5,65528,40.5913472,-79.8960964,428.849975586,3.94430452611e-31,16.0,-1.95943496414e-15,-11.2606010437,10.067325592,-0.309001713991,-16.0,-0.0
1539875897237346216,934,1539875897235709832,,5,65528,40.5913472,-79.8960964,428.849975586,3.94430452611e-31,16.0,-1.95943496414e-15,-11.2625265121,10.076880455,-0.242193564773,-16.0,-0.0
1539875897257683432,935,1539875897257243688,,5,65528,40.5913472,-79.8960964,428.849975586,3.94430452611e-31,16.0,-1.95943496414e-15,-11.2652492523,10.0679454803,-0.206931442022,-16.0,-0.0
1539875897338647464,936,1539875897337696680,,5,65528,40.5913472,-79.8960964,428.849975586,3.94430452611e-31,16.0,-1.95943496414e-15,-11.2887001038,10.0410509109,-0.153410047293,-16.0,-0.0
1539875897421777800,937,1539875897418664456,,5,65528,40.5913472,-79.8960964,428.849975586,3.94430452611e-31,16.0,-1.95943496414e-15,-11.3155851364,10.0031843185,-0.109194286168,-16.0,-0.0
1539875897475308712,938,1539875897474561128,,5,65528,40.5913472,-79.8960964,428.849975586,3.94430452611e-31,16.0,-1.95943496414e-15,-11.3262004852,9.99966049194,-0.0705122575164,-16.0,-0.0
1539875897498512520,939,1539875897498178984,,5,65528,40.5913472,-79.8960964,428.849975586,3.94430452611e-31,16.0,-1.95943496414e-15,-11.3324041367,9.98718166351,-0.0549598373473,-16.0,-0.0
1539875897557614312,940,1539875897556865864,,5,65528,40.5913472,-79.8960964,428.849975586,3.94430452611e-31,16.0,-1.95943496414e-15,-11.353219986,9.95694828033,-0.00496673816815,-16.0,-0.0
1539875897652580232,941,1539875897649383208,,5,65528,40.5913472,-79.8960964,428.849975586,3.94430452611e-31,16.0,-1.95943496414e-15,-11.3540401459,9.93330669403,0.0330623909831,-16.0,-0.0
1539875897670084904,942,1539875897669323848,,5,65528,40.5913472,-79.8960964,428.849975586,3.94430452611e-31,16.0,-1.95943496414e-15,-11.3611793518,9.92469787598,0.0249814130366,-16.0,-0.0
1539875897692847816,943,1539875897692629864,,5,65528,40.5913472,-79.8960964,428.849975586,3.94430452611e-31,16.0,-1.95943496414e-15,-11.3569507599,9.92675304413,0.00983026251197,-16.0,-0.0
1539875897759699592,944,1539875897759290760,,5,65528,40.5913472,-79.8960964,428.849975586,3.94430452611e-31,16.0,-1.95943496414e-15,-11.3711748123,9.89111804962,-0.00463191606105,-16.0,-0.0
1539875897797419048,945,1539875897797161768,,5,65528,40.5913472,-79.8960964,428.849975586,3.94430452611e-31,16.0,-1.95943496414e-15,-11.3650360107,9.89046955109,0.0348194129765,-16.0,-0.0
1539875897888417608,946,1539875897887723368,,5,65528,40.5913472,-79.8960964,428.849975586,3.94430452611e-31,16.0,-1.95943496414e-15,-11.3800392151,9.83162117004,0.12709787488,-16.0,-0.0
1539875897906193992,947,1539875897905442280,,5,65528,40.5913472,-79.8960964,428.849975586,3.94430452611e-31,16.0,-1.95943496414e-15,-11.370932579,9.83315372467,0.163551017642,-16.0,-0.0
1539875897995392072,948,1539875897994874664,,5,65528,40.5913472,-79.8960964,428.849975586,3.94430452611e-31,16.0,-1.95943496414e-15,-11.3704662323,9.7809753418,0.304195582867,-16.0,-0.0
1539875898065092904,949,1539875898064337320,,5,65528,40.5913472,-79.8960964,428.849975586,3.94430452611e-31,16.0,-1.95943496414e-15,-11.3699588776,9.74804592133,0.353007256985,-16.0,-0.0
1539875898088924296,950,1539875898086676968,,5,65528,40.5913472,-79.8960964,428.849975586,3.94430452611e-31,16.0,-1.95943496414e-15,-11.3671751022,9.75358200073,0.36514249444,-16.0,-0.0
1539875898153439848,951,1539875898152775368,,5,65528,40.5913472,-79.8960964,428.849975586,3.94430452611e-31,16.0,-1.95943496414e-15,-11.3622932434,9.75468730927,0.381846308708,-16.0,-0.0
1539875898212463656,952,1539875898210446344,,5,65528,40.5913472,-79.8960964,428.849975586,3.94430452611e-31,16.0,-1.95943496414e-15,-11.3405485153,9.76611232758,0.404479175806,-16.0,-0.0
1539875898246149224,953,1539875898241798120,,5,65528,40.5913472,-79.8960964,428.849975586,3.94430452611e-31,16.0,-1.95943496414e-15,-11.3316545486,9.77390575409,0.407409518957,-16.0,-0.0
1539875898259853320,954,1539875898259499784,,5,65528,40.5913472,-79.8960964,428.849975586,3.94430452611e-31,16.0,-1.95943496414e-15,-11.3173913956,9.77807617188,0.387838572264,-16.0,-0.0
1539875898321432680,955,1539875898320109000,,5,65528,40.5913472,-79.8960964,428.849975586,3.94430452611e-31,16.0,-1.95943496414e-15,-11.3012695312,9.80524158478,0.327784210443,-16.0,-0.0
1539875898367069384,956,1539875898366403912,,5,65528,40.5913472,-79.8960964,428.849975586,3.94430452611e-31,16.0,-1.95943496414e-15,-11.2892045975,9.81236076355,0.306055009365,-16.0,-0.0
1539875898417724584,957,1539875898417280552,,5,65528,40.5913472,-79.8960964,428.849975586,3.94430452611e-31,16.0,-1.95943496414e-15,-11.2731723785,9.84630680084,0.270397335291,-16.0,-0.0
1539875898488587016,958,1539875898487723272,,5,65528,40.5913472,-79.8960964,428.849975586,3.94430452611e-31,16.0,-1.95943496414e-15,-11.2654705048,9.85353565216,0.252126663923,-16.0,-0.0
1539875898509135336,959,1539875898504086888,,5,65528,40.5913472,-79.8960964,428.849975586,3.94430452611e-31,16.0,-1.95943496414e-15,-11.2555503845,9.86942577362,0.257615298033,-16.0,-0.0
1539875898574788264,960,1539875898573543464,,5,65528,40.5913472,-79.8960964,428.849975586,3.94430452611e-31,16.0,-1.95943496414e-15,-11.2127103806,9.90669155121,0.343946784735,-16.0,-0.0
1539875898638936616,961,1539875898638600936,,5,65528,40.5913472,-79.8960964,428.849975586,3.94430452611e-31,16.0,-1.95943496414e-15,-11.1754646301,9.95562458038,0.441786020994,-16.0,-0.0
1539875898691715336,962,1539875898690160424,,5,65528,40.5913472,-79.8960964,428.849975586,3.94430452611e-31,16.0,-1.95943496414e-15,-11.1654911041,9.96094894409,0.473643928766,-16.0,-0.0
1539875898762497832,963,1539875898762176488,,5,65528,40.5913472,-79.8960964,428.849975586,3.94430452611e-31,16.0,-1.95943496414e-15,-11.1143598557,10.0187253952,0.579959750175,-16.0,-0.0
1539875898809171240,964,1539875898808485064,,5,65528,40.5913472,-79.8960964,428.849975586,3.94430452611e-31,16.0,-1.95943496414e-15,-11.0872344971,10.0505437851,0.62727689743,-16.0,-0.0
1539875898870520520,965,1539875898866104488,,5,65528,40.5913472,-79.8960964,428.849975586,3.94430452611e-31,16.0,-1.95943496414e-15,-11.066529274,10.0621938705,0.663061499596,-16.0,-0.0
1539875898898681096,966,1539875898898117736,,5,65528,40.5913472,-79.8960964,428.849975586,3.94430452611e-31,16.0,-1.95943496414e-15,-11.0642642975,10.0653629303,0.633297324181,-16.0,-0.0
1539875898959274760,967,1539875898958819016,,5,65528,40.5913472,-79.8960964,428.849975586,3.94430452611e-31,16.0,-1.95943496414e-15,-11.0493440628,10.0743246078,0.584062278271,-16.0,-0.0
1539875898977543752,968,1539875898976811528,,5,65528,40.5913472,-79.8960964,428.849975586,3.94430452611e-31,16.0,-1.95943496414e-15,-11.0540781021,10.0689182281,0.566105127335,-16.0,-0.0
1539875899052118792,969,1539875899051729512,,5,65528,40.5913472,-79.8960964,428.849975586,3.94430452611e-31,16.0,-1.95943496414e-15,-11.0356693268,10.0747823715,0.576214492321,-16.0,-0.0
1539875899105363624,970,1539875899104805544,,5,65528,40.5913472,-79.8960964,428.849975586,3.94430452611e-31,16.0,-1.95943496414e-15,-11.0299921036,10.089512825,0.575125217438,-16.0,-0.0
1539875899149578120,971,1539875899148771848,,5,65528,40.5913472,-79.8960964,428.849975586,3.94430452611e-31,16.0,-1.95943496414e-15,-11.0313949585,10.0836029053,0.59557145834,-16.0,-0.0
1539875899216992104,972,1539875899216470600,,5,65528,40.5913472,-79.8960964,428.849975586,3.94430452611e-31,16.0,-1.95943496414e-15,-11.0131406784,10.1113367081,0.644094347954,-16.0,-0.0
1539875899254090120,973,1539875899253725224,,5,65528,40.5913472,-79.8960964,428.849975586,3.94430452611e-31,16.0,-1.95943496414e-15,-11.015961647,10.106880188,0.636916816235,-16.0,-0.0
1539875899292129384,974,1539875899291874568,,5,65528,40.5913472,-79.8960964,428.849975586,3.94430452611e-31,16.0,-1.95943496414e-15,-11.0059261322,10.1354436874,0.64545828104,-16.0,-0.0
1539875899334428776,975,1539875899332631016,,5,65528,40.5913472,-79.8960964,428.849975586,3.94430452611e-31,16.0,-1.95943496414e-15,-11.0185079575,10.1214342117,0.604135155678,-16.0,-0.0
1539875899376094056,976,1539875899375280136,,5,65528,40.5913472,-79.8960964,428.849975586,3.94430452611e-31,16.0,-1.95943496414e-15,-11.0108919144,10.1371059418,0.602538466454,-16.0,-0.0
1539875899458909096,977,1539875899457801000,,5,65528,40.5913472,-79.8960964,428.849975586,3.94430452611e-31,16.0,-1.95943496414e-15,-11.0183515549,10.1335124969,0.561996102333,-16.0,-0.0
1539875899483837416,978,1539875899481464616,,5,65528,40.5913472,-79.8960964,428.849975586,3.94430452611e-31,16.0,-1.95943496414e-15,-11.0228786469,10.1215171814,0.527207255363,-16.0,-0.0
1539875899547730984,979,1539875899546491496,,5,65528,40.5913472,-79.8960964,428.849975586,3.94430452611e-31,16.0,-1.95943496414e-15,-11.0321331024,10.1294269562,0.454892039299,-16.0,-0.0
1539875899605637352,980,1539875899603631016,,5,65528,40.5913472,-79.8960964,428.849975586,3.94430452611e-31,16.0,-1.95943496414e-15,-11.0435562134,10.1270132065,0.351176291704,-16.0,-0.0
1539875899632851944,981,1539875899632447176,,5,65528,40.5913472,-79.8960964,428.849975586,3.94430452611e-31,16.0,-1.95943496414e-15,-11.052365303,10.1085834503,0.286023259163,-16.0,-0.0
1539875899697406088,982,1539875899697057576,,5,65528,40.5913472,-79.8960964,428.849975586,3.94430452611e-31,16.0,-1.95943496414e-15,-11.0620517731,10.1008024216,0.232178971171,-16.0,-0.0
1539875899781418408,983,1539875899777187048,,5,65528,40.5913472,-79.8960964,428.849975586,3.94430452611e-31,16.0,-1.95943496414e-15,-11.0947093964,10.0625629425,0.151049017906,-16.0,-0.0
1539875899811581768,984,1539875899810384168,,5,65528,40.5913472,-79.8960964,428.849975586,3.94430452611e-31,16.0,-1.95943496414e-15,-11.1059389114,10.055973053,0.149045854807,-16.0,-0.0
1539875899889362024,985,1539875899888074216,,5,65528,40.5913472,-79.8960964,428.849975586,3.94430452611e-31,16.0,-1.95943496414e-15,-11.1224622726,10.0308799744,0.206240773201,-16.0,-0.0
1539875899914611528,986,1539875899913623016,,5,65528,40.5913472,-79.8960964,428.849975586,3.94430452611e-31,16.0,-1.95943496414e-15,-11.1238193512,10.0291385651,0.227452039719,-16.0,-0.0
1539875899954268136,987,1539875899953799528,,5,65528,40.5913472,-79.8960964,428.849975586,3.94430452611e-31,16.0,-1.95943496414e-15,-11.1447620392,9.99704456329,0.283165186644,-16.0,-0.0
1539875900002879560,988,1539875900002080904,,5,65528,40.5913472,-79.8960964,428.849975586,3.94430452611e-31,16.0,-1.95943496414e-15,-11.1564683914,9.96914291382,0.31263127923,-16.0,-0.0
1539875900039868200,989,1539875900038561064,,5,65528,40.5913472,-79.8960964,428.849975586,3.94430452611e-31,16.0,-1.95943496414e-15,-11.1729125977,9.96624565125,0.351525425911,-16.0,-0.0
1539875900102285032,990,1539875900101619176,,5,65528,40.5913472,-79.8960964,428.849975586,3.94430452611e-31,16.0,-1.95943496414e-15,-11.2033691406,9.93120574951,0.393826216459,-16.0,-0.0
1539875900136100840,991,1539875900135597544,,5,65528,40.5913472,-79.8960964,428.849975586,3.94430452611e-31,16.0,-1.95943496414e-15,-11.2095594406,9.92465400696,0.42236751318,-16.0,-0.0
1539875900210261320,992,1539875900209210280,,5,65528,40.5913472,-79.8960964,428.849975586,3.94430452611e-31,16.0,-1.95943496414e-15,-11.2395591736,9.88328742981,0.489212274551,-16.0,-0.0
1539875900235192456,993,1539875900233046280,,5,65528,40.5913472,-79.8960964,428.849975586,3.94430452611e-31,16.0,-1.95943496414e-15,-11.2516298294,9.86732769012,0.479851067066,-16.0,-0.0
1539875900261642280,994,1539875900260899336,,5,65528,40.5913472,-79.8960964,428.849975586,3.94430452611e-31,16.0,-1.95943496414e-15,-11.2640686035,9.86291885376,0.485846787691,-16.0,-0.0
1539875900297556488,995,1539875900296909576,,5,65528,40.5913472,-79.8960964,428.849975586,3.94430452611e-31,16.0,-1.95943496414e-15,-11.2851581573,9.82876491547,0.466304063797,-16.0,-0.0
1539875900409551112,996,1539875900409201000,,5,65528,40.5913472,-79.8960964,428.849975586,3.94430452611e-31,16.0,-1.95943496414e-15,-11.3117904663,9.78725624084,0.41306489706,-16.0,-0.0
1539875900466995656,997,1539875900466595240,,5,65528,40.5913472,-79.8960964,428.849975586,3.94430452611e-31,16.0,-1.95943496414e-15,-11.3261795044,9.78548336029,0.357102334499,-16.0,-0.0
1539875900498957320,998,1539875900498668168,,5,65528,40.5913472,-79.8960964,428.849975586,3.94430452611e-31,16.0,-1.95943496414e-15,-11.3377780914,9.76212120056,0.317148685455,-16.0,-0.0
1539875900571240136,999,1539875900570598120,,5,65528,40.5913472,-79.8960964,428.849975586,3.94430452611e-31,16.0,-1.95943496414e-15,-11.3498125076,9.74914646149,0.273137748241,-16.0,-0.0
1539875900605555592,1000,1539875900599971912,,5,65528,40.5913472,-79.8960964,428.849975586,3.94430452611e-31,16.0,-1.95943496414e-15,-11.3586568832,9.75590515137,0.296215772629,-16.0,-0.0
1539875900675789576,1001,1539875900675339048,,5,65528,40.5913472,-79.8960964,428.849975586,3.94430452611e-31,16.0,-1.95943496414e-15,-11.3744029999,9.7379617691,0.386943012476,-16.0,-0.0
1539875900762707080,1002,1539875900761225992,,5,65528,40.5913472,-79.8960964,428.849975586,3.94430452611e-31,16.0,-1.95943496414e-15,-11.4097881317,9.69230079651,0.472588300705,-16.0,-0.0
1539875900786710120,1003,1539875900781428584,,5,65528,40.5913472,-79.8960964,428.849975586,3.94430452611e-31,16.0,-1.95943496414e-15,-11.4175224304,9.6905632019,0.463869392872,-16.0,-0.0
1539875900845154984,1004,1539875900840879304,,5,65528,40.5913472,-79.8960964,428.849975586,3.94430452611e-31,16.0,-1.95943496414e-15,-11.4473934174,9.64297580719,0.373471856117,-16.0,-0.0
1539875900882639560,1005,1539875900881189672,,5,65528,40.5913472,-79.8960964,428.849975586,3.94430452611e-31,16.0,-1.95943496414e-15,-11.4608736038,9.61807250977,0.312795877457,-16.0,-0.0
1539875900915648840,1006,1539875900914879976,,5,65528,40.5913472,-79.8960964,428.849975586,3.94430452611e-31,16.0,-1.95943496414e-15,-11.4889755249,9.59249591827,0.232272610068,-16.0,-0.0
1539875901000016616,1007,1539875900998005352,,5,65528,40.5913472,-79.8960964,428.849975586,3.94430452611e-31,16.0,-1.95943496414e-15,-11.5246772766,9.53306007385,0.122633516788,-16.0,-0.0
1539875901075490792,1008,1539875901074132712,,5,65528,40.5913472,-79.8960964,428.849975586,3.94430452611e-31,16.0,-1.95943496414e-15,-11.5706930161,9.48027896881,0.0959744900465,-16.0,-0.0
1539875901128482568,1009,1539875901126888616,,5,65528,40.5913472,-79.8960964,428.849975586,3.94430452611e-31,16.0,-1.95943496414e-15,-11.5810728073,9.47578620911,0.136689186096,-16.0,-0.0
1539875901175439784,1010,1539875901172925064,,5,65528,40.5913472,-79.8960964,428.849975586,3.94430452611e-31,16.0,-1.95943496414e-15,-11.5999126434,9.46401882172,0.171623781323,-16.0,-0.0
1539875901257802632,1011,1539875901257261736,,5,65528,40.5913472,-79.8960964,428.849975586,3.94430452611e-31,16.0,-1.95943496414e-15,-11.6068229675,9.47959804535,0.178042605519,-16.0,-0.0
1539875901265362920,1012,1539875901260667464,,5,65528,40.5913472,-79.8960964,428.849975586,3.94430452611e-31,16.0,-1.95943496414e-15,-11.6166000366,9.47633457184,0.159141793847,-16.0,-0.0
1539875901306820168,1013,1539875901306202536,,5,65528,40.5913472,-79.8960964,428.849975586,3.94430452611e-31,16.0,-1.95943496414e-15,-11.6070098877,9.49829864502,0.182248473167,-16.0,-0.0
1539875901402046440,1014,1539875901401615944,,5,65528,40.5913472,-79.8960964,428.849975586,3.94430452611e-31,16.0,-1.95943496414e-15,-11.6037521362,9.54387664795,0.168690145016,-16.0,-0.0
1539875901457990632,1015,1539875901457623432,,5,65528,40.5913472,-79.8960964,428.849975586,3.94430452611e-31,16.0,-1.95943496414e-15,-11.598487854,9.5687789917,0.170617416501,-16.0,-0.0
1539875901514475816,1016,1539875901513924584,,5,65528,40.5913472,-79.8960964,428.849975586,3.94430452611e-31,16.0,-1.95943496414e-15,-11.5957603455,9.59477043152,0.171350166202,-16.0,-0.0
1539875901598729992,1017,1539875901598316840,,5,65528,40.5913472,-79.8960964,428.849975586,3.94430452611e-31,16.0,-1.95943496414e-15,-11.5846443176,9.62659549713,0.173749387264,-16.0,-0.0
1539875901685116200,1018,1539875901683193864,,5,65528,40.5913472,-79.8960964,428.849975586,3.94430452611e-31,16.0,-1.95943496414e-15,-11.592250824,9.64427852631,0.125891596079,-16.0,-0.0
1539875901692815944,1019,1539875901692377416,,5,65528,40.5913472,-79.8960964,428.849975586,3.94430452611e-31,16.0,-1.95943496414e-15,-11.5916395187,9.66134262085,0.125004932284,-16.0,-0.0
1539875901780861128,1020,1539875901777655624,,5,65528,40.5913472,-79.8960964,428.849975586,3.94430452611e-31,16.0,-1.95943496414e-15,-11.5827045441,9.67819690704,0.0546631403267,-16.0,-0.0
1539875901795435400,1021,1539875901793615400,,5,65528,40.5913472,-79.8960964,428.849975586,3.94430452611e-31,16.0,-1.95943496414e-15,-11.5890960693,9.67649078369,0.0222338419408,-16.0,-0.0
1539875901863248072,1022,1539875901862093640,,5,65528,40.5913472,-79.8960964,428.849975586,3.94430452611e-31,16.0,-1.95943496414e-15,-11.5811061859,9.69725131989,-0.00539274234325,-16.0,-0.0
1539875901891774888,1023,1539875901891059528,,5,65528,40.5913472,-79.8960964,428.849975586,3.94430452611e-31,16.0,-1.95943496414e-15,-11.5681743622,9.71362495422,-0.0155272250995,-16.0,-0.0
1539875901951422792,1024,1539875901951090536,,5,65528,40.5913472,-79.8960964,428.849975586,3.94430452611e-31,16.0,-1.95943496414e-15,-11.5592956543,9.73707580566,-0.0691972747445,-16.0,-0.0
1539875902017389288,1025,1539875902016902504,,5,65528,40.5913472,-79.8960964,428.849975586,3.94430452611e-31,16.0,-1.95943496414e-15,-11.545592308,9.77035617828,-0.103477396071,-16.0,-0.0
1539875902078875944,1026,1539875902078632008,,5,65528,40.5913472,-79.8960964,428.849975586,3.94430452611e-31,16.0,-1.95943496414e-15,-11.534822464,9.80323791504,-0.120274759829,-16.0,-0.0
1539875902105298632,1027,1539875902104950216,,5,65528,40.5913472,-79.8960964,428.849975586,3.94430452611e-31,16.0,-1.95943496414e-15,-11.5272483826,9.82178878784,-0.123396374285,-16.0,-0.0
1539875902181621128,1028,1539875902180849992,,5,65528,40.5913472,-79.8960964,428.849975586,3.94430452611e-31,16.0,-1.95943496414e-15,-11.5046205521,9.84588813782,-0.187492519617,-16.0,-0.0
1539875902247208104,1029,1539875902246786888,,5,65528,40.5913472,-79.8960964,428.849975586,3.94430452611e-31,16.0,-1.95943496414e-15,-11.4985647202,9.87028408051,-0.183128014207,-16.0,-0.0
1539875902275161736,1030,1539875902274877000,,5,65528,40.5913472,-79.8960964,428.849975586,3.94430452611e-31,16.0,-1.95943496414e-15,-11.4916496277,9.88981246948,-0.169338732958,-16.0,-0.0
1539875902289597352,1031,1539875902289358568,,5,65528,40.5913472,-79.8960964,428.849975586,3.94430452611e-31,16.0,-1.95943496414e-15,-11.4882965088,9.89283275604,-0.17767752707,-16.0,-0.0
1539875902358286728,1032,1539875902354305320,,5,65528,40.5913472,-79.8960964,428.849975586,3.94430452611e-31,16.0,-1.95943496414e-15,-11.4772672653,9.91507148743,-0.221971660852,-16.0,-0.0
1539875902413855240,1033,1539875902413370824,,5,65528,40.5913472,-79.8960964,428.849975586,3.94430452611e-31,16.0,-1.95943496414e-15,-11.4669904709,9.92711353302,-0.296914041042,-16.0,-0.0
1539875902485511432,1034,1539875902485129864,,5,65528,40.5913472,-79.8960964,428.849975586,3.94430452611e-31,16.0,-1.95943496414e-15,-11.4619998932,9.93428897858,-0.324576318264,-16.0,-0.0
1539875902502767048,1035,1539875902502125768,,5,65528,40.5913472,-79.8960964,428.849975586,3.94430452611e-31,16.0,-1.95943496414e-15,-11.4564437866,9.93246936798,-0.289891093969,-16.0,-0.0
1539875902533435432,1036,1539875902532842600,,5,65528,40.5913472,-79.8960964,428.849975586,3.94430452611e-31,16.0,-1.95943496414e-15,-11.4596719742,9.94300270081,-0.222863197327,-16.0,-0.0
1539875902599959496,1037,1539875902599242152,,5,65528,40.5913472,-79.8960964,428.849975586,3.94430452611e-31,16.0,-1.95943496414e-15,-11.460773468,9.94704818726,-0.106924682856,-16.0,-0.0
1539875902646559080,1038,1539875902645149288,,5,65528,40.5913472,-79.8960964,428.849975586,3.94430452611e-31,16.0,-1.95943496414e-15,-11.4655160904,9.94291877747,-0.0627079680562,-16.0,-0.0
1539875902710344296,1039,1539875902708864936,,5,65528,40.5913472,-79.8960964,428.849975586,3.94430452611e-31,16.0,-1.95943496414e-15,-11.4658527374,9.95433330536,-0.0537655800581,-16.0,-0.0
1539875902776335016,1040,1539875902776011208,,5,65528,40.5913472,-79.8960964,428.849975586,3.94430452611e-31,16.0,-1.95943496414e-15,-11.4493112564,9.97639942169,-0.177808389068,-16.0,-0.0
1539875902866994088,1041,1539875902865990952,,5,65528,40.5913472,-79.8960964,428.849975586,3.94430452611e-31,16.0,-1.95943496414e-15,-11.4365272522,10.0195531845,-0.308017641306,-16.0,-0.0
1539875902895999176,1042,1539875902894987912,,5,65528,40.5913472,-79.8960964,428.849975586,3.94430452611e-31,16.0,-1.95943496414e-15,-11.4277296066,10.0375642776,-0.342040330172,-16.0,-0.0
1539875902971264392,1043,1539875902970653832,,5,65528,40.5913472,-79.8960964,428.849975586,3.94430452611e-31,16.0,-1.95943496414e-15,-11.4071273804,10.0960216522,-0.271217823029,-16.0,-0.0
1539875902981858984,1044,1539875902981286440,,5,65528,40.5913472,-79.8960964,428.849975586,3.94430452611e-31,16.0,-1.95943496414e-15,-11.3919048309,10.1294469833,-0.224508970976,-16.0,-0.0
1539875903013117128,1045,1539875903011408488,,5,65528,40.5913472,-79.8960964,428.849975586,3.94430452611e-31,16.0,-1.95943496414e-15,-11.3761482239,10.1574478149,-0.154173761606,-16.0,-0.0
1539875903063546056,1046,1539875903057985128,,5,65528,40.5913472,-79.8960964,428.849975586,3.94430452611e-31,16.0,-1.95943496414e-15,-11.3416366577,10.2008981705,-0.0658106729388,-16.0,-0.0
1539875903127965896,1047,1539875903127138536,,5,65528,40.5913472,-79.8960964,428.849975586,3.94430452611e-31,16.0,-1.95943496414e-15,-11.3137207031,10.2466344833,-0.0141076194122,-16.0,-0.0
1539875903167885512,1048,1539875903166480712,,5,65528,40.5913472,-79.8960964,428.849975586,3.94430452611e-31,16.0,-1.95943496414e-15,-11.2911043167,10.28058815,0.00487443665042,-16.0,-0.0
1539875903212875048,1049,1539875903212019912,,5,65528,40.5913472,-79.8960964,428.849975586,3.94430452611e-31,16.0,-1.95943496414e-15,-11.2820587158,10.300778389,0.013763487339,-16.0,-0.0
1539875903267146216,1050,1539875903266659752,,5,65528,40.5913472,-79.8960964,428.849975586,3.94430452611e-31,16.0,-1.95943496414e-15,-11.266582489,10.3180789948,0.0378246456385,-16.0,-0.0
1539875903311463656,1051,1539875903311162824,,5,65528,40.5913472,-79.8960964,428.849975586,3.94430452611e-31,16.0,-1.95943496414e-15,-11.2546796799,10.3256387711,0.0559793747962,-16.0,-0.0
1539875903364712456,1052,1539875903362402088,,5,65528,40.5913472,-79.8960964,428.849975586,3.94430452611e-31,16.0,-1.95943496414e-15,-11.252831459,10.3261127472,0.0560442432761,-16.0,-0.0
1539875903433560040,1053,1539875903432793000,,5,65528,40.5913472,-79.8960964,428.849975586,3.94430452611e-31,16.0,-1.95943496414e-15,-11.2358179092,10.3351478577,0.0550145842135,-16.0,-0.0
1539875903484078792,1054,1539875903482455080,,5,65528,40.5913472,-79.8960964,428.849975586,3.94430452611e-31,16.0,-1.95943496414e-15,-11.2353610992,10.3424072266,0.0379525572062,-16.0,-0.0
1539875903499333064,1055,1539875903499029000,,5,65528,40.5913472,-79.8960964,428.849975586,3.94430452611e-31,16.0,-1.95943496414e-15,-11.225402832,10.3396339417,0.024787787348,-16.0,-0.0
1539875903555382600,1056,1539875903554447432,,5,65528,40.5913472,-79.8960964,428.849975586,3.94430452611e-31,16.0,-1.95943496414e-15,-11.2159900665,10.3464164734,-0.0922762006521,-16.0,-0.0
1539875903606171688,1057,1539875903605621288,,5,65528,40.5913472,-79.8960964,428.849975586,3.94430452611e-31,16.0,-1.95943496414e-15,-11.2150287628,10.3568840027,-0.184560567141,-16.0,-0.0
1539875903639290536,1058,1539875903638927560,,5,65528,40.5913472,-79.8960964,428.849975586,3.94430452611e-31,16.0,-1.95943496414e-15,-11.2094230652,10.3565797806,-0.270450651646,-16.0,-0.0
1539875903679917864,1059,1539875903678349064,,5,65528,40.5913472,-79.8960964,428.849975586,3.94430452611e-31,16.0,-1.95943496414e-15,-11.2067203522,10.3464813232,-0.317167490721,-16.0,-0.0
1539875903711609608,1060,1539875903711329480,,5,65528,40.5913472,-79.8960964,428.849975586,3.94430452611e-31,16.0,-1.95943496414e-15,-11.1903295517,10.3593702316,-0.310222148895,-16.0,-0.0
1539875903803078184,1061,1539875903802479880,,5,65528,40.5913472,-79.8960964,428.849975586,3.94430452611e-31,16.0,-1.95943496414e-15,-11.1748056412,10.370426178,-0.33353844285,-16.0,-0.0
1539875903855364744,1062,1539875903854617704,,5,65528,40.5913472,-79.8960964,428.849975586,3.94430452611e-31,16.0,-1.95943496414e-15,-11.1507406235,10.3838195801,-0.407993495464,-16.0,-0.0
1539875903940776264,1063,1539875903940033480,,5,65528,40.5913472,-79.8960964,428.849975586,3.94430452611e-31,16.0,-1.95943496414e-15,-11.1189699173,10.3786792755,-0.608327209949,-16.0,-0.0
1539875904003067496,1064,1539875904002633352,,5,65528,40.5913472,-79.8960964,428.849975586,3.94430452611e-31,16.0,-1.95943496414e-15,-11.1023921967,10.3710260391,-0.754019975662,-16.0,-0.0
1539875904063787816,1065,1539875904057414376,,5,65528,40.5913472,-79.8960964,428.849975586,3.94430452611e-31,16.0,-1.95943496414e-15,-11.0851888657,10.3686313629,-0.820204615593,-16.0,-0.0
1539875904090509960,1066,1539875904090195528,,5,65528,40.5913472,-79.8960964,428.849975586,3.94430452611e-31,16.0,-1.95943496414e-15,-11.0749492645,10.3782720566,-0.808334589005,-16.0,-0.0
1539875904122179752,1067,1539875904121201640,,5,65528,40.5913472,-79.8960964,428.849975586,3.94430452611e-31,16.0,-1.95943496414e-15,-11.0666685104,10.3681535721,-0.82092154026,-16.0,-0.0
1539875904204925096,1068,1539875904203382376,,5,65528,40.5913472,-79.8960964,428.849975586,3.94430452611e-31,16.0,-1.95943496414e-15,-11.0424947739,10.3775205612,-0.788013398647,-16.0,-0.0
1539875904226534024,1069,1539875904226224040,,5,65528,40.5913472,-79.8960964,428.849975586,3.94430452611e-31,16.0,-1.95943496414e-15,-11.0339727402,10.3795938492,-0.75503051281,-16.0,-0.0
1539875904305437416,1070,1539875904303706504,,5,65528,40.5913472,-79.8960964,428.849975586,3.94430452611e-31,16.0,-1.95943496414e-15,-11.01998806,10.3714971542,-0.719906687737,-16.0,-0.0
1539875904372817160,1071,1539875904372066024,,5,65528,40.5913472,-79.8960964,428.849975586,3.94430452611e-31,16.0,-1.95943496414e-15,-11.0105695724,10.3643598557,-0.709907710552,-16.0,-0.0
1539875904410714504,1072,1539875904410373416,,5,65528,40.5913472,-79.8960964,428.849975586,3.94430452611e-31,16.0,-1.95943496414e-15,-10.9950237274,10.3607149124,-0.660702764988,-16.0,-0.0
1539875904483261992,1073,1539875904480577832,,5,65528,40.5913472,-79.8960964,428.849975586,3.94430452611e-31,16.0,-1.95943496414e-15,-10.9833850861,10.356139183,-0.598021745682,-16.0,-0.0
1539875904519524936,1074,1539875904519179528,,5,65528,40.5913472,-79.8960964,428.849975586,3.94430452611e-31,16.0,-1.95943496414e-15,-10.9757194519,10.3587579727,-0.57528591156,-16.0,-0.0
1539875904573515944,1075,1539875904569493128,,5,65528,40.5913472,-79.8960964,428.849975586,3.94430452611e-31,16.0,-1.95943496414e-15,-10.9786701202,10.3382940292,-0.532739937305,-16.0,-0.0
1539875904591536264,1076,1539875904590806184,,5,65528,40.5913472,-79.8960964,428.849975586,3.94430452611e-31,16.0,-1.95943496414e-15,-10.9843292236,10.3178577423,-0.509264230728,-16.0,-0.0
1539875904670684552,1077,1539875904668695240,,5,65528,40.5913472,-79.8960964,428.849975586,3.94430452611e-31,16.0,-1.95943496414e-15,-11.0045595169,10.2577857971,-0.267840921879,-16.0,-0.0
1539875904726394120,1078,1539875904725926088,,5,65528,40.5913472,-79.8960964,428.849975586,3.94430452611e-31,16.0,-1.95943496414e-15,-11.0116081238,10.2078304291,-0.149914205074,-16.0,-0.0
1539875904802483368,1079,1539875904801481800,,5,65528,40.5913472,-79.8960964,428.849975586,3.94430452611e-31,16.0,-1.95943496414e-15,-11.0324478149,10.1318435669,-0.0225691795349,-16.0,-0.0
1539875904858001544,1080,1539875904857797960,,5,65528,40.5913472,-79.8960964,428.849975586,3.94430452611e-31,16.0,-1.95943496414e-15,-11.0438890457,10.07533741,0.034589510411,-16.0,-0.0
1539875904910327368,1081,1539875904909678056,,5,65528,40.5913472,-79.8960964,428.849975586,3.94430452611e-31,16.0,-1.95943496414e-15,-11.0596065521,10.0082359314,0.0540472343564,-16.0,-0.0
1539875904975013704,1082,1539875904974353736,,5,65528,40.5913472,-79.8960964,428.849975586,3.94430452611e-31,16.0,-1.95943496414e-15,-11.069396019,9.95943164825,0.0159585773945,-16.0,-0.0
1539875905002709352,1083,1539875905000559240,,5,65528,40.5913472,-79.8960964,428.849975586,3.94430452611e-31,16.0,-1.95943496414e-15,-11.0699462891,9.95369052887,0.00368777127005,-16.0,-0.0
1539875905059564424,1084,1539875905059210216,,5,65528,40.5913472,-79.8960964,428.849975586,3.94430452611e-31,16.0,-1.95943496414e-15,-11.0751619339,9.90579319,-0.0733637586236,-16.0,-0.0
1539875905134820424,1085,1539875905134098120,,5,65528,40.5913472,-79.8960964,428.849975586,3.94430452611e-31,16.0,-1.95943496414e-15,-11.0643072128,9.86077404022,-0.171377912164,-16.0,-0.0
1539875905182175656,1086,1539875905178432008,,5,65528,40.5913472,-79.8960964,428.849975586,3.94430452611e-31,16.0,-1.95943496414e-15,-11.0644311905,9.82629299164,-0.217117190361,-16.0,-0.0
1539875905208796392,1087,1539875905205069640,,5,65528,40.5913472,-79.8960964,428.849975586,3.94430452611e-31,16.0,-1.95943496414e-15,-11.0583944321,9.82157611847,-0.223428204656,-16.0,-0.0
1539875905257162440,1088,1539875905256162536,,5,65528,40.5913472,-79.8960964,428.849975586,3.94430452611e-31,16.0,-1.95943496414e-15,-11.0544462204,9.78169250488,-0.271344035864,-16.0,-0.0
1539875905368330312,1089,1539875905367514920,,5,65528,40.5913472,-79.8960964,428.849975586,3.94430452611e-31,16.0,-1.95943496414e-15,-11.072678566,9.67742156982,-0.324755728245,-16.0,-0.0
1539875905419489288,1090,1539875905418343080,,5,65528,40.5913472,-79.8960964,428.849975586,3.94430452611e-31,16.0,-1.95943496414e-15,-11.0723266602,9.64123344421,-0.271387577057,-16.0,-0.0
1539875905455329736,1091,1539875905453835688,,5,65528,40.5913472,-79.8960964,428.849975586,3.94430452611e-31,16.0,-1.95943496414e-15,-11.0938930511,9.59156417847,-0.216982871294,-16.0,-0.0
1539875905490845000,1092,1539875905483397704,,5,65528,40.5913472,-79.8960964,428.849975586,3.94430452611e-31,16.0,-1.95943496414e-15,-11.1302919388,9.48716831207,-0.0417581312358,-16.0,-0.0
1539875905533777160,1093,1539875905533566600,,5,65528,40.5913472,-79.8960964,428.849975586,3.94430452611e-31,16.0,-1.95943496414e-15,-11.1540985107,9.4093208313,0.0935222804546,-16.0,-0.0
1539875905602566344,1094,1539875905602291240,,5,65528,40.5913472,-79.8960964,428.849975586,3.94430452611e-31,16.0,-1.95943496414e-15,-11.1943254471,9.29793262482,0.290698558092,-16.0,-0.0
1539875905636364040,1095,1539875905635751016,,5,65528,40.5913472,-79.8960964,428.849975586,3.94430452611e-31,16.0,-1.95943496414e-15,-11.2169895172,9.23409461975,0.439069420099,-16.0,-0.0
1539875905714614792,1096,1539875905712556136,,5,65528,40.5913472,-79.8960964,428.849975586,3.94430452611e-31,16.0,-1.95943496414e-15,-11.2528629303,9.09275627136,0.61782169342,-16.0,-0.0
1539875905755498760,1097,1539875905754928200,,5,65528,40.5913472,-79.8960964,428.849975586,3.94430452611e-31,16.0,-1.95943496414e-15,-11.2606267929,9.04787349701,0.69202286005,-16.0,-0.0
1539875905797967144,1098,1539875905797149608,,5,65528,40.5913472,-79.8960964,428.849975586,3.94430452611e-31,16.0,-1.95943496414e-15,-11.2720813751,8.99374294281,0.722505390644,-16.0,-0.0
1539875905861585416,1099,1539875905860769640,,5,65528,40.5913472,-79.8960964,428.849975586,3.94430452611e-31,16.0,-1.95943496414e-15,-11.2805137634,8.93127822876,0.76653444767,-16.0,-0.0
1539875905908108552,1100,1539875905907617992,,5,65528,40.5913472,-79.8960964,428.849975586,3.94430452611e-31,16.0,-1.95943496414e-15,-11.2784204483,8.88636875153,0.818217515945,-16.0,-0.0
1539875905921054824,1101,1539875905919472040,,5,65528,40.5913472,-79.8960964,428.849975586,3.94430452611e-31,16.0,-1.95943496414e-15,-11.2891254425,8.86267662048,0.837521731853,-16.0,-0.0
1539875905969281992,1102,1539875905968535880,,5,65528,40.5913472,-79.8960964,428.849975586,3.94430452611e-31,16.0,-1.95943496414e-15,-11.2976036072,8.80438613892,0.961326301098,-16.0,-0.0
1539875906022226344,1103,1539875906021604968,,5,65528,40.5913472,-79.8960964,428.849975586,3.94430452611e-31,16.0,-1.95943496414e-15,-11.2930545807,8.76433181763,1.03732478619,-16.0,-0.0
1539875906070820040,1104,1539875906070029096,,5,65528,40.5913472,-79.8960964,428.849975586,3.94430452611e-31,16.0,-1.95943496414e-15,-11.2966127396,8.71313762665,1.02249896526,-16.0,-0.0
1539875906096081000,1105,1539875906095254248,,5,65528,40.5913472,-79.8960964,428.849975586,3.94430452611e-31,16.0,-1.95943496414e-15,-11.2993879318,8.70640945435,1.00755012035,-16.0,-0.0
1539875906169504776,1106,1539875906169158184,,5,65528,40.5913472,-79.8960964,428.849975586,3.94430452611e-31,16.0,-1.95943496414e-15,-11.2817974091,8.66434192657,0.959142386913,-16.0,-0.0
1539875906219234504,1107,1539875906218874376,,5,65528,40.5913472,-79.8960964,428.849975586,3.94430452611e-31,16.0,-1.95943496414e-15,-11.2699947357,8.6651763916,0.96076375246,-16.0,-0.0
1539875906293009160,1108,1539875906292848744,,5,65528,40.5913472,-79.8960964,428.849975586,3.94430452611e-31,16.0,-1.95943496414e-15,-11.2269477844,8.67082691193,0.968587756157,-16.0,-0.0
1539875906374629896,1109,1539875906373061032,,5,65528,40.5913472,-79.8960964,428.849975586,3.94430452611e-31,16.0,-1.95943496414e-15,-11.1654186249,8.70494937897,1.01861834526,-16.0,-0.0
1539875906415761352,1110,1539875906414562024,,5,65528,40.5913472,-79.8960964,428.849975586,3.94430452611e-31,16.0,-1.95943496414e-15,-11.1419115067,8.72911262512,1.00384700298,-16.0,-0.0
1539875906458346856,1111,1539875906457418760,,5,65528,40.5913472,-79.8960964,428.849975586,3.94430452611e-31,16.0,-1.95943496414e-15,-11.1145677567,8.75328826904,0.981194555759,-16.0,-0.0
1539875906520160360,1112,1539875906518400168,,5,65528,40.5913472,-79.8960964,428.849975586,3.94430452611e-31,16.0,-1.95943496414e-15,-11.0732307434,8.76885700226,0.934910655022,-16.0,-0.0
1539875906569775144,1113,1539875906569143912,,5,65528,40.5913472,-79.8960964,428.849975586,3.94430452611e-31,16.0,-1.95943496414e-15,-11.0563459396,8.78749656677,0.892468035221,-16.0,-0.0
1539875906612840136,1114,1539875906611973896,,5,65528,40.5913472,-79.8960964,428.849975586,3.94430452611e-31,16.0,-1.95943496414e-15,-11.0283899307,8.80237960815,0.815651059151,-16.0,-0.0
1539875906681349672,1115,1539875906680251272,,5,65528,40.5913472,-79.8960964,428.849975586,3.94430452611e-31,16.0,-1.95943496414e-15,-11.0047388077,8.81909751892,0.739943385124,-16.0,-0.0
1539875906698916296,1116,1539875906698032776,,5,65528,40.5913472,-79.8960964,428.849975586,3.94430452611e-31,16.0,-1.95943496414e-15,-10.9973812103,8.81768798828,0.714061081409,-16.0,-0.0
1539875906762249384,1117,1539875906761730600,,5,65528,40.5913472,-79.8960964,428.849975586,3.94430452611e-31,16.0,-1.95943496414e-15,-10.9860877991,8.8229637146,0.623287975788,-16.0,-0.0
1539875906801186312,1118,1539875906800492584,,5,65528,40.5913472,-79.8960964,428.849975586,3.94430452611e-31,16.0,-1.95943496414e-15,-10.9826059341,8.82252407074,0.565767765045,-16.0,-0.0
1539875906894296168,1119,1539875906893931272,,5,65528,40.5913472,-79.8960964,428.849975586,3.94430452611e-31,16.0,-1.95943496414e-15,-10.9816627502,8.82629394531,0.399710714817,-16.0,-0.0
1539875906976377672,1120,1539875906975905608,,5,65528,40.5913472,-79.8960964,428.849975586,3.94430452611e-31,16.0,-1.95943496414e-15,-11.0052928925,8.81381893158,0.267794191837,-16.0,-0.0
1539875907005262792,1121,1539875907001615912,,5,65528,40.5913472,-79.8960964,428.849975586,3.94430452611e-31,16.0,-1.95943496414e-15,-11.0110578537,8.80380821228,0.214240461588,-16.0,-0.0
1539875907090211272,1122,1539875907089596936,,5,65528,40.5913472,-79.8960964,428.849975586,3.94430452611e-31,16.0,-1.95943496414e-15,-11.0322322845,8.78363132477,-0.0505222119391,-16.0,-0.0
1539875907104419176,1123,1539875907103986824,,5,65528,40.5913472,-79.8960964,428.849975586,3.94430452611e-31,16.0,-1.95943496414e-15,-11.0359249115,8.78533267975,-0.135470822454,-16.0,-0.0
1539875907153072968,1124,1539875907152350312,,5,65528,40.5913472,-79.8960964,428.849975586,3.94430452611e-31,16.0,-1.95943496414e-15,-11.0468263626,8.76976394653,-0.373162865639,-16.0,-0.0
1539875907202734216,1125,1539875907202365896,,5,65528,40.5913472,-79.8960964,428.849975586,3.94430452611e-31,16.0,-1.95943496414e-15,-11.051112175,8.77903938293,-0.504376590252,-16.0,-0.0
1539875907260591432,1126,1539875907259848424,,5,65528,40.5913472,-79.8960964,428.849975586,3.94430452611e-31,16.0,-1.95943496414e-15,-11.0547800064,8.80627536774,-0.702039718628,-16.0,-0.0
1539875907286046568,1127,1539875907285399784,,5,65528,40.5913472,-79.8960964,428.849975586,3.94430452611e-31,16.0,-1.95943496414e-15,-11.0543832779,8.80874156952,-0.757746577263,-16.0,-0.0
1539875907345655080,1128,1539875907345198312,,5,65528,40.5913472,-79.8960964,428.849975586,3.94430452611e-31,16.0,-1.95943496414e-15,-11.063958168,8.83977508545,-1.02280008793,-16.0,-0.0
1539875907394685768,1129,1539875907393745768,,5,65528,40.5913472,-79.8960964,428.849975586,3.94430452611e-31,16.0,-1.95943496414e-15,-11.0673370361,8.85542678833,-1.05910015106,-16.0,-0.0
