%time,field.header.seq,field.header.stamp,field.header.frame_id,field.temperature,field.variance
1536690450489135059,18222,1536690450488345360,base_link,41.25,0.0
1536690450621476328,18223,1536690450621070455,base_link,41.25,0.0
1536690450678044229,18224,1536690450677716145,base_link,41.25,0.0
1536690450803510935,18225,1536690450803336829,base_link,41.25,0.0
1536690450894844434,18226,1536690450894638074,base_link,41.25,0.0
1536690450975445785,18227,1536690450975098630,base_link,41.25,0.0
1536690451148476019,18228,1536690451147916840,base_link,41.24,0.0
1536690451206191237,18229,1536690451205820019,base_link,41.24,0.0
1536690451299282080,18230,1536690451293833993,base_link,41.24,0.0
1536690451387800707,18231,1536690451387141627,base_link,41.24,0.0
1536690451486390003,18232,1536690451486202458,base_link,41.24,0.0
1536690451605770374,18233,1536690451605021697,base_link,41.24,0.0
1536690451688267879,18234,1536690451688084398,base_link,41.24,0.0
1536690451815648947,18235,1536690451814974827,base_link,41.24,0.0
1536690451900441567,18236,1536690451899341480,base_link,41.23,0.0
1536690452009437360,18237,1536690452009054622,base_link,41.23,0.0
1536690452134531760,18238,1536690452134013955,base_link,41.23,0.0
1536690452212688433,18239,1536690452212405531,base_link,41.23,0.0
1536690452309453796,18240,1536690452309077682,base_link,41.23,0.0
1536690452390069003,18241,1536690452389776053,base_link,41.23,0.0
1536690452500859161,18242,1536690452500531909,base_link,41.23,0.0
1536690452631229335,18243,1536690452630757032,base_link,41.22,0.0
1536690452695651922,18244,1536690452694316579,base_link,41.22,0.0
1536690452782878341,18245,1536690452782533489,base_link,41.22,0.0
1536690452892036688,18246,1536690452891282123,base_link,41.22,0.0
1536690453010734043,18247,1536690453009813405,base_link,41.22,0.0
1536690453124922445,18248,1536690453124488637,base_link,41.22,0.0
1536690453205677166,18249,1536690453204857004,base_link,41.22,0.0
1536690453289933518,18250,1536690453289644281,base_link,41.22,0.0
1536690453385759716,18251,1536690453385466607,base_link,41.21,0.0
1536690453503999105,18252,1536690453503774537,base_link,41.21,0.0
1536690453584332977,18253,1536690453583062016,base_link,41.21,0.0
1536690453716192568,18254,1536690453714189410,base_link,41.21,0.0
1536690453818396835,18255,1536690453818165708,base_link,41.21,0.0
1536690453886885832,18256,1536690453883888183,base_link,41.21,0.0
1536690454008710657,18257,1536690454006594543,base_link,41.21,0.0
1536690454102207533,18258,1536690454101295694,base_link,41.2,0.0
1536690454178014692,18259,1536690454177618835,base_link,41.2,0.0
1536690454279953305,18260,1536690454279316944,base_link,41.2,0.0
1536690454412944470,18261,1536690454411425294,base_link,41.2,0.0
1536690454487176839,18262,1536690454486877874,base_link,41.2,0.0
1536690454591375529,18263,1536690454590665731,base_link,41.2,0.0
1536690454692984202,18264,1536690454689204757,base_link,41.2,0.0
1536690454858045290,18265,1536690454855223570,base_link,41.19,0.0
1536690454888551462,18266,1536690454888316495,base_link,41.19,0.0
1536690455021246926,18267,1536690455020736481,base_link,41.2,0.0
1536690455128956782,18268,1536690455128565917,base_link,41.19,0.0
1536690455200557441,18269,1536690455200256460,base_link,41.19,0.0
1536690455285128821,18270,1536690455284923709,base_link,41.19,0.0
1536690455383153882,18271,1536690455382759785,base_link,41.19,0.0
1536690455488801830,18272,1536690455488593646,base_link,41.19,0.0
1536690455651484830,18273,1536690455650532449,base_link,41.19,0.0
1536690455706474132,18274,1536690455705981286,base_link,41.19,0.0
1536690455794468779,18275,1536690455793964733,base_link,41.19,0.0
1536690455881344074,18276,1536690455881022838,base_link,41.19,0.0
1536690455978219226,18277,1536690455977829640,base_link,41.18,0.0
1536690456103485395,18278,1536690456103199070,base_link,41.18,0.0
1536690456261170339,18279,1536690456257263923,base_link,41.18,0.0
1536690456295527505,18280,1536690456295315897,base_link,41.18,0.0
1536690456391872468,18281,1536690456391455747,base_link,41.18,0.0
1536690456497726649,18282,1536690456497305480,base_link,41.18,0.0
1536690456617557051,18283,1536690456617257734,base_link,41.18,0.0
1536690456746743172,18284,1536690456746435407,base_link,41.18,0.0
1536690456845444048,18285,1536690456842173416,base_link,41.18,0.0
1536690456901374436,18286,1536690456900964211,base_link,41.18,0.0
1536690456990113023,18287,1536690456989700302,base_link,41.17,0.0
1536690457092458917,18288,1536690457090252374,base_link,41.17,0.0
1536690457231420550,18289,1536690457231124721,base_link,41.17,0.0
1536690457294202429,18290,1536690457293881897,base_link,41.17,0.0
1536690457394598379,18291,1536690457394155163,base_link,41.17,0.0
1536690457508174131,18292,1536690457507941595,base_link,41.17,0.0
1536690457607369549,18293,1536690457606835456,base_link,41.17,0.0
1536690457711334071,18294,1536690457706748832,base_link,41.17,0.0
1536690457785291283,18295,1536690457784914017,base_link,41.17,0.0
1536690457927938380,18296,1536690457927706453,base_link,41.17,0.0
1536690458003491277,18297,1536690458002783687,base_link,41.17,0.0
1536690458087691695,18298,1536690458087054375,base_link,41.16,0.0
1536690458230230284,18299,1536690458224917616,base_link,41.16,0.0
1536690458289772507,18300,1536690458288506250,base_link,41.16,0.0
1536690458401023353,18301,1536690458400668838,base_link,41.16,0.0
1536690458501142609,18302,1536690458499406929,base_link,41.16,0.0
1536690458606157236,18303,1536690458605489741,base_link,41.16,0.0
1536690458747514045,18304,1536690458747263046,base_link,41.16,0.0
1536690458824474794,18305,1536690458824030363,base_link,41.16,0.0
1536690458889709575,18306,1536690458885283786,base_link,41.16,0.0
1536690459002651047,18307,1536690459002099835,base_link,41.16,0.0
1536690459105970729,18308,1536690459105646869,base_link,41.15,0.0
1536690459186396726,18309,1536690459185640018,base_link,41.15,0.0
1536690459329429633,18310,1536690459328404999,base_link,41.15,0.0
1536690459382212265,18311,1536690459381869397,base_link,41.15,0.0
1536690459500129393,18312,1536690459492129720,base_link,41.15,0.0
1536690459619047477,18313,1536690459615182851,base_link,41.15,0.0
1536690459682586896,18314,1536690459682245884,base_link,41.15,0.0
1536690459819062349,18315,1536690459818798518,base_link,41.15,0.0
1536690459884853397,18316,1536690459884328744,base_link,41.15,0.0
1536690460021997561,18317,1536690460021515691,base_link,41.15,0.0
1536690460085281118,18318,1536690460084954602,base_link,41.14,0.0
1536690460203826607,18319,1536690460203427262,base_link,41.14,0.0
1536690460302334626,18320,1536690460301878483,base_link,41.14,0.0
1536690460387425668,18321,1536690460387160654,base_link,41.14,0.0
1536690460467011152,18322,1536690460466465508,base_link,41.14,0.0
1536690460609109662,18323,1536690460608785834,base_link,41.14,0.0
1536690460679651223,18324,1536690460679339811,base_link,41.14,0.0
1536690460846208992,18325,1536690460845906667,base_link,41.14,0.0
1536690460918741872,18326,1536690460918482169,base_link,41.14,0.0
1536690460976686425,18327,1536690460976511232,base_link,41.13,0.0
1536690461089144907,18328,1536690461088737850,base_link,41.13,0.0
1536690461234578589,18329,1536690461234230154,base_link,41.14,0.0
1536690461353271337,18330,1536690461352696606,base_link,41.13,0.0
1536690461400815154,18331,1536690461400453055,base_link,41.13,0.0
1536690461489636714,18332,1536690461489469776,base_link,41.13,0.0
1536690461568493009,18333,1536690461568226075,base_link,41.13,0.0
1536690461697297928,18334,1536690461697068752,base_link,41.13,0.0
1536690461859091072,18335,1536690461858768492,base_link,41.13,0.0
1536690461921191888,18336,1536690461920845341,base_link,41.13,0.0
1536690462029073098,18337,1536690462024801608,base_link,41.13,0.0
1536690462081958350,18338,1536690462081690936,base_link,41.12,0.0
1536690462202121316,18339,1536690462201821135,base_link,41.12,0.0
1536690462339214122,18340,1536690462338778234,base_link,41.12,0.0
1536690462446789103,18341,1536690462446588150,base_link,41.12,0.0
1536690462482839935,18342,1536690462482458285,base_link,41.12,0.0
1536690462599121923,18343,1536690462598873805,base_link,41.12,0.0
1536690462687896349,18344,1536690462687656070,base_link,41.12,0.0
1536690462859937948,18345,1536690462858412436,base_link,41.12,0.0
1536690462903897032,18346,1536690462903493047,base_link,41.12,0.0
1536690462989087430,18347,1536690462988538939,base_link,41.12,0.0
1536690463123418226,18348,1536690463122885382,base_link,41.11,0.0
1536690463183788930,18349,1536690463183366162,base_link,41.11,0.0
1536690463349386222,18350,1536690463347274236,base_link,41.11,0.0
1536690463402599270,18351,1536690463402217812,base_link,41.11,0.0
1536690463483547168,18352,1536690463483340775,base_link,41.11,0.0
1536690463625264123,18353,1536690463624997989,base_link,41.11,0.0
1536690463683855149,18354,1536690463683466395,base_link,41.11,0.0
1536690463808232711,18355,1536690463804715177,base_link,41.11,0.0
1536690463910915521,18356,1536690463910578413,base_link,41.11,0.0
1536690463990906558,18357,1536690463990328148,base_link,41.1,0.0
1536690464091425351,18358,1536690464091282157,base_link,41.1,0.0
1536690464191364902,18359,1536690464191138190,base_link,41.11,0.0
1536690464308020285,18360,1536690464307782054,base_link,41.1,0.0
1536690464427319890,18361,1536690464422798105,base_link,41.1,0.0
1536690464494492904,18362,1536690464493766306,base_link,41.1,0.0
1536690464591682059,18363,1536690464590879017,base_link,41.1,0.0
1536690464681004113,18364,1536690464680795737,base_link,41.1,0.0
1536690464789906149,18365,1536690464789479989,base_link,41.1,0.0
1536690464947364125,18366,1536690464947093991,base_link,41.1,0.0
1536690464996529770,18367,1536690464996199926,base_link,41.09,0.0
1536690465095017822,18368,1536690465094577870,base_link,41.09,0.0
1536690465204718709,18369,1536690465204431264,base_link,41.09,0.0
1536690465293734630,18370,1536690465293407826,base_link,41.1,0.0
1536690465445432050,18371,1536690465445259416,base_link,41.09,0.0
1536690465539312208,18372,1536690465538830625,base_link,41.09,0.0
1536690465608141576,18373,1536690465607731063,base_link,41.09,0.0
1536690465691466123,18374,1536690465691284977,base_link,41.09,0.0
1536690465789113662,18375,1536690465788755275,base_link,41.09,0.0
1536690465910589603,18376,1536690465910405898,base_link,41.09,0.0
1536690465987008580,18377,1536690465986751373,base_link,41.09,0.0
1536690466098262338,18378,1536690466097902895,base_link,41.09,0.0
1536690466187790240,18379,1536690466187613862,base_link,41.08,0.0
1536690466315149644,18380,1536690466312774628,base_link,41.08,0.0
1536690466384187677,18381,1536690466383228928,base_link,41.08,0.0
1536690466473782424,18382,1536690466473505091,base_link,41.08,0.0
1536690466617363855,18383,1536690466617183446,base_link,41.08,0.0
1536690466724118099,18384,1536690466723717250,base_link,41.08,0.0
1536690466783983958,18385,1536690466783618947,base_link,41.08,0.0
1536690466893069123,18386,1536690466892655026,base_link,41.08,0.0
1536690466966977697,18387,1536690466966758825,base_link,41.08,0.0
1536690467081024120,18388,1536690467080683684,base_link,41.07,0.0
1536690467187796026,18389,1536690467187478278,base_link,41.07,0.0
1536690467282254947,18390,1536690467282007436,base_link,41.08,0.0
1536690467412233391,18391,1536690467412002999,base_link,41.07,0.0
1536690467505893685,18392,1536690467505487428,base_link,41.07,0.0
1536690467587676240,18393,1536690467587040711,base_link,41.07,0.0
1536690467691378820,18394,1536690467691171595,base_link,41.07,0.0
1536690467825678193,18395,1536690467825075879,base_link,41.07,0.0
1536690467887145272,18396,1536690467886999806,base_link,41.07,0.0
1536690468026643942,18397,1536690468026351760,base_link,41.07,0.0
1536690468103483479,18398,1536690468102881485,base_link,41.07,0.0
1536690468226988242,18399,1536690468226526979,base_link,41.06,0.0
1536690468345937460,18400,1536690468345332426,base_link,41.06,0.0
1536690468380467612,18401,1536690468379627259,base_link,41.06,0.0
1536690468507870439,18402,1536690468507620944,base_link,41.06,0.0
1536690468624227145,18403,1536690468623326666,base_link,41.06,0.0
1536690468699040229,18404,1536690468698666258,base_link,41.06,0.0
1536690468800643654,18405,1536690468798505557,base_link,41.06,0.0
1536690468887987444,18406,1536690468886822111,base_link,41.06,0.0
1536690469043189791,18407,1536690469042845004,base_link,41.05,0.0
1536690469100543262,18408,1536690469100345062,base_link,41.06,0.0
1536690469190852992,18409,1536690469190409104,base_link,41.06,0.0
1536690469287279840,18410,1536690469287066983,base_link,41.05,0.0
1536690469388397235,18411,1536690469388142844,base_link,41.05,0.0
1536690469505481626,18412,1536690469504491934,base_link,41.06,0.0
1536690469579898244,18413,1536690469579662861,base_link,41.05,0.0
1536690469694798268,18414,1536690469693688453,base_link,41.05,0.0
1536690469804035268,18415,1536690469803713136,base_link,41.05,0.0
1536690469893053333,18416,1536690469892467882,base_link,41.05,0.0
1536690469977607914,18417,1536690469977318325,base_link,41.05,0.0
1536690470092727577,18418,1536690470092489730,base_link,41.05,0.0
1536690470187864105,18419,1536690470187502070,base_link,41.05,0.0
1536690470292306497,18420,1536690470291985357,base_link,41.04,0.0
1536690470391644982,18421,1536690470391350593,base_link,41.05,0.0
1536690470477525659,18422,1536690470476970735,base_link,41.04,0.0
1536690470602665017,18423,1536690470602187242,base_link,41.04,0.0
1536690470690958660,18424,1536690470689527033,base_link,41.04,0.0
1536690470792404299,18425,1536690470792114358,base_link,41.04,0.0
1536690470889433845,18426,1536690470889183742,base_link,41.04,0.0
1536690471005304105,18427,1536690471004782780,base_link,41.04,0.0
1536690471097948692,18428,1536690471097277517,base_link,41.04,0.0
1536690471191540700,18429,1536690471190544001,base_link,41.04,0.0
1536690471286218813,18430,1536690471286015332,base_link,41.03,0.0
1536690471398860071,18431,1536690471398613456,base_link,41.04,0.0
1536690471487256399,18432,1536690471486980153,base_link,41.03,0.0
1536690471661133002,18433,1536690471660257834,base_link,41.03,0.0
1536690471699853912,18434,1536690471698304689,base_link,41.03,0.0
1536690471799565342,18435,1536690471798474567,base_link,41.03,0.0
1536690471886963627,18436,1536690471885873715,base_link,41.03,0.0
1536690471997884949,18437,1536690471997294283,base_link,41.03,0.0
1536690472107009409,18438,1536690472106562994,base_link,41.03,0.0
1536690472202820664,18439,1536690472202597376,base_link,41.03,0.0
1536690472327464360,18440,1536690472325872483,base_link,41.03,0.0
1536690472397687629,18441,1536690472394769721,base_link,41.03,0.0
1536690472476205889,18442,1536690472474115438,base_link,41.03,0.0
1536690472603217946,18443,1536690472602858792,base_link,41.02,0.0
1536690472697279697,18444,1536690472690005053,base_link,41.02,0.0
1536690472842473965,18445,1536690472842013662,base_link,41.02,0.0
1536690472891289511,18446,1536690472889213491,base_link,41.02,0.0
1536690472985049385,18447,1536690472984732596,base_link,41.02,0.0
1536690473107449388,18448,1536690473105533683,base_link,41.02,0.0
1536690473185266073,18449,1536690473184489526,base_link,41.02,0.0
1536690473301191051,18450,1536690473300928085,base_link,41.02,0.0
1536690473402604051,18451,1536690473401554682,base_link,41.02,0.0
1536690473499019156,18452,1536690473498755069,base_link,41.02,0.0
1536690473583802081,18453,1536690473583188119,base_link,41.02,0.0
1536690473689594599,18454,1536690473684653949,base_link,41.01,0.0
1536690473782889307,18455,1536690473782636836,base_link,41.02,0.0
1536690473888873851,18456,1536690473888483625,base_link,41.01,0.0
1536690474042443778,18457,1536690474042176747,base_link,41.01,0.0
1536690474083657715,18458,1536690474083338847,base_link,41.01,0.0
1536690474192003100,18459,1536690474191443857,base_link,41.01,0.0
1536690474303246074,18460,1536690474302920486,base_link,41.01,0.0
1536690474382400535,18461,1536690474382124129,base_link,41.01,0.0
1536690474491446950,18462,1536690474489150842,base_link,41.01,0.0
1536690474623539972,18463,1536690474623277229,base_link,41.01,0.0
1536690474705250274,18464,1536690474704693750,base_link,41.01,0.0
1536690474776334023,18465,1536690474776148942,base_link,41.01,0.0
1536690474888775257,18466,1536690474884475736,base_link,41.01,0.0
1536690474999480811,18467,1536690474998797316,base_link,41.01,0.0
1536690475087504993,18468,1536690475086718270,base_link,41.0,0.0
1536690475268927878,18469,1536690475267773456,base_link,41.0,0.0
1536690475310266995,18470,1536690475309939263,base_link,41.0,0.0
1536690475392111788,18471,1536690475391281610,base_link,41.0,0.0
1536690475481500495,18472,1536690475480376792,base_link,41.0,0.0
1536690475614193175,18473,1536690475613877699,base_link,41.0,0.0
1536690475713055901,18474,1536690475712863140,base_link,41.0,0.0
1536690475782367492,18475,1536690475782031216,base_link,41.0,0.0
1536690475935202598,18476,1536690475934430850,base_link,41.0,0.0
1536690475988490523,18477,1536690475988293762,base_link,41.0,0.0
1536690476087370433,18478,1536690476087037581,base_link,41.0,0.0
1536690476198173583,18479,1536690476197532678,base_link,40.99,0.0
1536690476297843255,18480,1536690476295775587,base_link,40.99,0.0
1536690476395248435,18481,1536690476394260440,base_link,40.99,0.0
1536690476513376852,18482,1536690476513066783,base_link,40.99,0.0
1536690476587287409,18483,1536690476585706571,base_link,40.99,0.0
1536690476689796689,18484,1536690476689489692,base_link,40.99,0.0
1536690476780380488,18485,1536690476780103570,base_link,40.99,0.0
1536690476883875748,18486,1536690476883512305,base_link,40.99,0.0
1536690477002809094,18487,1536690477002508306,base_link,40.99,0.0
1536690477107166498,18488,1536690477105689625,base_link,40.99,0.0
1536690477190109683,18489,1536690477189847069,base_link,40.99,0.0
1536690477280531152,18490,1536690477280317272,base_link,40.99,0.0
1536690477380943421,18491,1536690477380348659,base_link,40.98,0.0
1536690477500536520,18492,1536690477500358350,base_link,40.98,0.0
1536690477577390809,18493,1536690477577008327,base_link,40.98,0.0
1536690477709832746,18494,1536690477709457848,base_link,40.98,0.0
1536690477789659085,18495,1536690477789107778,base_link,40.98,0.0
1536690477884696096,18496,1536690477884357869,base_link,40.98,0.0
1536690477979945612,18497,1536690477979545274,base_link,40.98,0.0
1536690478101146939,18498,1536690478099816140,base_link,40.98,0.0
1536690478193681002,18499,1536690478193314136,base_link,40.98,0.0
1536690478342107151,18500,1536690478341646720,base_link,40.98,0.0
1536690478402159083,18501,1536690478401834423,base_link,40.98,0.0
1536690478500265069,18502,1536690478499968312,base_link,40.98,0.0
1536690478589322332,18503,1536690478588845454,base_link,40.98,0.0
1536690478682576689,18504,1536690478682387864,base_link,40.97,0.0
1536690478804930582,18505,1536690478804610657,base_link,40.97,0.0
1536690478945016653,18506,1536690478944808501,base_link,40.98,0.0
1536690478982920409,18507,1536690478982630500,base_link,40.97,0.0
1536690479081079449,18508,1536690479080722534,base_link,40.97,0.0
1536690479201894775,18509,1536690479201397769,base_link,40.97,0.0
1536690479344044514,18510,1536690479343755053,base_link,40.97,0.0
1536690479399316238,18511,1536690479399067223,base_link,40.97,0.0
1536690479498073560,18512,1536690479497664647,base_link,40.97,0.0
1536690479589125086,18513,1536690479588292893,base_link,40.97,0.0
1536690479699921741,18514,1536690479699199815,base_link,40.97,0.0
1536690479815347569,18515,1536690479814807749,base_link,40.96,0.0
1536690479894170425,18516,1536690479893836102,base_link,40.96,0.0
1536690480004589622,18517,1536690480004351935,base_link,40.96,0.0
1536690480104454871,18518,1536690480104205632,base_link,40.96,0.0
1536690480188450689,18519,1536690480188174219,base_link,40.96,0.0
1536690480283028581,18520,1536690480282699121,base_link,40.96,0.0
1536690480409692299,18521,1536690480409374551,base_link,40.96,0.0
1536690480491643296,18522,1536690480491078037,base_link,40.96,0.0
1536690480589445741,18523,1536690480586678707,base_link,40.96,0.0
1536690480688385521,18524,1536690480688118811,base_link,40.96,0.0
1536690480803103119,18525,1536690480802736156,base_link,40.96,0.0
1536690480911885608,18526,1536690480911084805,base_link,40.96,0.0
1536690481000354797,18527,1536690480997516501,base_link,40.96,0.0
1536690481080442375,18528,1536690481078469231,base_link,40.96,0.0
1536690481215447513,18529,1536690481214859599,base_link,40.95,0.0
1536690481325438662,18530,1536690481321760813,base_link,40.96,0.0
1536690481375533584,18531,1536690481374840874,base_link,40.95,0.0
1536690481486746960,18532,1536690481486380381,base_link,40.95,0.0
1536690481597885554,18533,1536690481597632891,base_link,40.95,0.0
1536690481687412048,18534,1536690481687121498,base_link,40.95,0.0
1536690481802622332,18535,1536690481801532356,base_link,40.95,0.0
1536690481920039318,18536,1536690481919421453,base_link,40.95,0.0
1536690482023801256,18537,1536690482023072515,base_link,40.95,0.0
1536690482084993722,18538,1536690482084663846,base_link,40.95,0.0
1536690482196001281,18539,1536690482195507667,base_link,40.95,0.0
1536690482302213080,18540,1536690482301706539,base_link,40.95,0.0
1536690482440802727,18541,1536690482440432373,base_link,40.95,0.0
1536690482492258112,18542,1536690482491853166,base_link,40.95,0.0
1536690482612898691,18543,1536690482612701067,base_link,40.95,0.0
1536690482680825693,18544,1536690482680338543,base_link,40.94,0.0
1536690482798479535,18545,1536690482798109053,base_link,40.94,0.0
1536690482931439757,18546,1536690482931057755,base_link,40.94,0.0
1536690483017814752,18547,1536690483017423726,base_link,40.94,0.0
1536690483079798836,18548,1536690483079284743,base_link,40.94,0.0
1536690483189775873,18549,1536690483189496971,base_link,40.94,0.0
1536690483313157248,18550,1536690483311975948,base_link,40.94,0.0
1536690483404750418,18551,1536690483404118569,base_link,40.94,0.0
1536690483499858818,18552,1536690483499329526,base_link,40.94,0.0
1536690483602725781,18553,1536690483602509693,base_link,40.94,0.0
1536690483684662187,18554,1536690483684445843,base_link,40.94,0.0
1536690483796788840,18555,1536690483796537074,base_link,40.94,0.0
1536690483889221244,18556,1536690483888536789,base_link,40.94,0.0
1536690483996540906,18557,1536690483994908966,base_link,40.94,0.0
1536690484085424832,18558,1536690484085177545,base_link,40.94,0.0
1536690484167859459,18559,1536690484167498481,base_link,40.93,0.0
1536690484320477837,18560,1536690484319173309,base_link,40.94,0.0
1536690484450580181,18561,1536690484450270016,base_link,40.93,0.0
1536690484502710420,18562,1536690484502440510,base_link,40.93,0.0
1536690484603564529,18563,1536690484603252189,base_link,40.93,0.0
1536690484705941334,18564,1536690484705349292,base_link,40.93,0.0
1536690484781670832,18565,1536690484780799280,base_link,40.93,0.0
1536690484903685858,18566,1536690484903086200,base_link,40.93,0.0
1536690485038088299,18567,1536690485037835220,base_link,40.93,0.0
1536690485090882994,18568,1536690485089859928,base_link,40.93,0.0
1536690485177171623,18569,1536690485176431651,base_link,40.93,0.0
1536690485289807186,18570,1536690485289590490,base_link,40.93,0.0
1536690485380454311,18571,1536690485380234671,base_link,40.92,0.0
1536690485530327990,18572,1536690485530079807,base_link,40.92,0.0
1536690485589927651,18573,1536690485589648557,base_link,40.92,0.0
1536690485733514489,18574,1536690485732827251,base_link,40.92,0.0
1536690485847115393,18575,1536690485846755054,base_link,40.93,0.0
1536690485905102888,18576,1536690485902167125,base_link,40.93,0.0
1536690486017314115,18577,1536690486016893874,base_link,40.92,0.0
1536690486128269964,18578,1536690486127906937,base_link,40.92,0.0
1536690486187989620,18579,1536690486186120057,base_link,40.92,0.0
1536690486296825035,18580,1536690486295621719,base_link,40.92,0.0
1536690486395619795,18581,1536690486395334270,base_link,40.92,0.0
1536690486504499016,18582,1536690486502167646,base_link,40.91,0.0
1536690486582849602,18583,1536690486582465424,base_link,40.92,0.0
1536690486686631859,18584,1536690486686160965,base_link,40.92,0.0
1536690486807736518,18585,1536690486807211513,base_link,40.92,0.0
1536690486923926798,18586,1536690486923163914,base_link,40.92,0.0
1536690487037983717,18587,1536690487037668880,base_link,40.92,0.0
1536690487128634233,18588,1536690487128150571,base_link,40.91,0.0
1536690487192515560,18589,1536690487188364097,base_link,40.91,0.0
1536690487317326898,18590,1536690487312688669,base_link,40.91,0.0
1536690487405788824,18591,1536690487405453732,base_link,40.91,0.0
1536690487569236275,18592,1536690487568933822,base_link,40.91,0.0
1536690487621528684,18593,1536690487620911971,base_link,40.91,0.0
1536690487690413283,18594,1536690487690052080,base_link,40.91,0.0
1536690487814072024,18595,1536690487813750628,base_link,40.91,0.0
1536690487912347444,18596,1536690487911718923,base_link,40.91,0.0
1536690487971422707,18597,1536690487971042081,base_link,40.91,0.0
1536690488093176014,18598,1536690488092865562,base_link,40.91,0.0
1536690488183914400,18599,1536690488183285847,base_link,40.91,0.0
1536690488285866420,18600,1536690488285272650,base_link,40.91,0.0
1536690488401873187,18601,1536690488401560334,base_link,40.91,0.0
1536690488492377309,18602,1536690488488204343,base_link,40.91,0.0
1536690488606959200,18603,1536690488606660235,base_link,40.91,0.0
1536690488703197447,18604,1536690488702789014,base_link,40.9,0.0
1536690488852469772,18605,1536690488852162104,base_link,40.9,0.0
1536690488904688073,18606,1536690488904215226,base_link,40.9,0.0
1536690488985615140,18607,1536690488985336974,base_link,40.9,0.0
1536690489091340269,18608,1536690489089415924,base_link,40.9,0.0
1536690489189725445,18609,1536690489189174393,base_link,40.9,0.0
1536690489281918945,18610,1536690489281526607,base_link,40.9,0.0
1536690489384129643,18611,1536690489382966134,base_link,40.9,0.0
1536690489509714969,18612,1536690489503820114,base_link,40.9,0.0
1536690489629188488,18613,1536690489628795127,base_link,40.9,0.0
1536690489694591199,18614,1536690489690895527,base_link,40.9,0.0
1536690489827932751,18615,1536690489827474272,base_link,40.9,0.0
1536690489896519697,18616,1536690489895652528,base_link,40.89,0.0
1536690489971484103,18617,1536690489970798496,base_link,40.9,0.0
1536690490107829513,18618,1536690490106905003,base_link,40.89,0.0
1536690490212187812,18619,1536690490207157214,base_link,40.89,0.0
1536690490311609142,18620,1536690490311107784,base_link,40.89,0.0
1536690490388236623,18621,1536690490388018231,base_link,40.89,0.0
1536690490463909452,18622,1536690490463523322,base_link,40.89,0.0
1536690490638064188,18623,1536690490637240443,base_link,40.89,0.0
1536690490688650261,18624,1536690490688269667,base_link,40.89,0.0
1536690490782121186,18625,1536690490781707505,base_link,40.89,0.0
1536690490917036120,18626,1536690490916772609,base_link,40.89,0.0
1536690490973473817,18627,1536690490972996170,base_link,40.89,0.0
1536690491088387152,18628,1536690491088012669,base_link,40.89,0.0
1536690491183242218,18629,1536690491183000434,base_link,40.89,0.0
1536690491286794019,18630,1536690491286328084,base_link,40.88,0.0
1536690491399932667,18631,1536690491399432494,base_link,40.89,0.0
1536690491480514499,18632,1536690491479861339,base_link,40.88,0.0
1536690491584700069,18633,1536690491584328563,base_link,40.89,0.0
1536690491690798209,18634,1536690491689178652,base_link,40.88,0.0
1536690491785707864,18635,1536690491785067792,base_link,40.88,0.0
1536690491935436589,18636,1536690491929437034,base_link,40.88,0.0
1536690491984119500,18637,1536690491983676092,base_link,40.88,0.0
1536690492077044620,18638,1536690492076764887,base_link,40.88,0.0
1536690492241527681,18639,1536690492241248844,base_link,40.88,0.0
1536690492300303372,18640,1536690492299885212,base_link,40.88,0.0
1536690492402922088,18641,1536690492402241569,base_link,40.88,0.0
1536690492516820516,18642,1536690492516455794,base_link,40.88,0.0
1536690492601666159,18643,1536690492601272094,base_link,40.88,0.0
1536690492729581031,18644,1536690492717907157,base_link,40.88,0.0
1536690492795471020,18645,1536690492793630512,base_link,40.88,0.0
1536690492886879397,18646,1536690492886070306,base_link,40.88,0.0
1536690492978238911,18647,1536690492977640469,base_link,40.87,0.0
1536690493087091637,18648,1536690493086661637,base_link,40.88,0.0
1536690493243714924,18649,1536690493243220862,base_link,40.87,0.0
1536690493344082555,18650,1536690493343192411,base_link,40.87,0.0
1536690493381581589,18651,1536690493381307487,base_link,40.87,0.0
1536690493504496421,18652,1536690493502578732,base_link,40.87,0.0
1536690493653698605,18653,1536690493653323835,base_link,40.87,0.0
1536690493707829731,18654,1536690493707233401,base_link,40.87,0.0
1536690493852089409,18655,1536690493850237317,base_link,40.87,0.0
1536690493924572371,18656,1536690493924308669,base_link,40.87,0.0
1536690493998606252,18657,1536690493998364117,base_link,40.87,0.0
1536690494086180210,18658,1536690494084277912,base_link,40.87,0.0
1536690494178979095,18659,1536690494178582310,base_link,40.87,0.0
1536690494304301647,18660,1536690494303752547,base_link,40.87,0.0
1536690494385385412,18661,1536690494385038833,base_link,40.87,0.0
1536690494505049836,18662,1536690494504607964,base_link,40.87,0.0
1536690494602591235,18663,1536690494602333612,base_link,40.87,0.0
1536690494699441779,18664,1536690494698953285,base_link,40.86,0.0
1536690494799436560,18665,1536690494799024959,base_link,40.86,0.0
1536690494879405742,18666,1536690494879253651,base_link,40.87,0.0
1536690494981832977,18667,1536690494981528412,base_link,40.86,0.0
1536690495093272776,18668,1536690495093110670,base_link,40.86,0.0
1536690495182656779,18669,1536690495181634513,base_link,40.86,0.0
1536690495362024284,18670,1536690495357917107,base_link,40.86,0.0
1536690495397796150,18671,1536690495397520768,base_link,40.86,0.0
1536690495503297032,18672,1536690495503097839,base_link,40.86,0.0
1536690495573520813,18673,1536690495573294229,base_link,40.86,0.0
1536690495693543687,18674,1536690495693301296,base_link,40.86,0.0
1536690495841523932,18675,1536690495841020815,base_link,40.86,0.0
1536690495919962227,18676,1536690495917865504,base_link,40.86,0.0
1536690495976441266,18677,1536690495972924948,base_link,40.86,0.0
1536690496094580818,18678,1536690496094160098,base_link,40.86,0.0
1536690496187026885,18679,1536690496186745135,base_link,40.85,0.0
1536690496339316507,18680,1536690496338982343,base_link,40.86,0.0
1536690496387022942,18681,1536690496385199585,base_link,40.86,0.0
1536690496492834948,18682,1536690496492659722,base_link,40.85,0.0
1536690496582168329,18683,1536690496581825622,base_link,40.85,0.0
1536690496696257630,18684,1536690496693635999,base_link,40.85,0.0
1536690496797928061,18685,1536690496797639336,base_link,40.86,0.0
1536690496924584580,18686,1536690496924377355,base_link,40.85,0.0
1536690497011279082,18687,1536690497011031571,base_link,40.85,0.0
1536690497093972644,18688,1536690497093564563,base_link,40.85,0.0
1536690497206038820,18689,1536690497205834635,base_link,40.85,0.0
1536690497301525382,18690,1536690497301160404,base_link,40.85,0.0
1536690497387898872,18691,1536690497385935105,base_link,40.85,0.0
1536690497523332059,18692,1536690497523160514,base_link,40.85,0.0
1536690497600368486,18693,1536690497600195628,base_link,40.85,0.0
1536690497718368811,18694,1536690497718074486,base_link,40.85,0.0
1536690497783898621,18695,1536690497781255646,base_link,40.85,0.0
1536690497906742064,18696,1536690497905909326,base_link,40.85,0.0
1536690497982588710,18697,1536690497981850369,base_link,40.85,0.0
1536690498119821607,18698,1536690498119424341,base_link,40.85,0.0
1536690498192084577,18699,1536690498191306365,base_link,40.84,0.0
1536690498315515134,18700,1536690498309596312,base_link,40.85,0.0
1536690498396759629,18701,1536690498396191170,base_link,40.85,0.0
1536690498491338481,18702,1536690498491039420,base_link,40.84,0.0
1536690498593987468,18703,1536690498593787379,base_link,40.84,0.0
1536690498704194160,18704,1536690498702447728,base_link,40.84,0.0
1536690498800290588,18705,1536690498799953673,base_link,40.84,0.0
1536690498913019844,18706,1536690498912726350,base_link,40.84,0.0
1536690498998006537,18707,1536690498997661654,base_link,40.84,0.0
1536690499097971078,18708,1536690499090005356,base_link,40.84,0.0
1536690499227923955,18709,1536690499223042759,base_link,40.84,0.0
1536690499319417385,18710,1536690499318761057,base_link,40.84,0.0
1536690499410835201,18711,1536690499410640361,base_link,40.84,0.0
1536690499515495602,18712,1536690499514946918,base_link,40.84,0.0
1536690499609406255,18713,1536690499606862284,base_link,40.84,0.0
1536690499685451645,18714,1536690499685080203,base_link,40.84,0.0
1536690499806168127,18715,1536690499805795660,base_link,40.84,0.0
1536690499898352379,18716,1536690499896030800,base_link,40.84,0.0
1536690500049736818,18717,1536690500049078666,base_link,40.84,0.0
1536690500101751382,18718,1536690500101289799,base_link,40.84,0.0
1536690500178247636,18719,1536690500178034300,base_link,40.83,0.0
1536690500298269775,18720,1536690500297982522,base_link,40.84,0.0
1536690500393761105,18721,1536690500390737857,base_link,40.83,0.0
1536690500499031948,18722,1536690500498678489,base_link,40.83,0.0
1536690500587661163,18723,1536690500586614609,base_link,40.83,0.0
1536690500699180799,18724,1536690500698602580,base_link,40.83,0.0
1536690500785426518,18725,1536690500785138688,base_link,40.83,0.0
1536690500914313962,18726,1536690500913443018,base_link,40.83,0.0
1536690501001586139,18727,1536690501000804216,base_link,40.83,0.0
1536690501088047082,18728,1536690501087639641,base_link,40.83,0.0
1536690501225353192,18729,1536690501225123984,base_link,40.83,0.0
1536690501307258399,18730,1536690501300456953,base_link,40.83,0.0
1536690501391850643,18731,1536690501391297831,base_link,40.83,0.0
1536690501529900949,18732,1536690501529659070,base_link,40.83,0.0
1536690501603634169,18733,1536690501603103789,base_link,40.83,0.0
1536690501718374999,18734,1536690501716776113,base_link,40.83,0.0
1536690501787841720,18735,1536690501787504612,base_link,40.83,0.0
1536690501895732625,18736,1536690501895476315,base_link,40.83,0.0
1536690502033306405,18737,1536690502032772057,base_link,40.83,0.0
1536690502090999160,18738,1536690502090403982,base_link,40.82,0.0
1536690502187233119,18739,1536690502186789488,base_link,40.83,0.0
1536690502298011246,18740,1536690502297735321,base_link,40.83,0.0
1536690502387323029,18741,1536690502385135269,base_link,40.82,0.0
1536690502486761893,18742,1536690502486199418,base_link,40.82,0.0
1536690502581670589,18743,1536690502581384456,base_link,40.82,0.0
1536690502723954500,18744,1536690502722981416,base_link,40.82,0.0
1536690502799401929,18745,1536690502799071861,base_link,40.82,0.0
1536690502928147586,18746,1536690502926317958,base_link,40.82,0.0
1536690502999925838,18747,1536690502999482302,base_link,40.82,0.0
1536690503087882534,18748,1536690503087306651,base_link,40.82,0.0
1536690503185211205,18749,1536690503184534750,base_link,40.82,0.0
1536690503301709249,18750,1536690503301377453,base_link,40.82,0.0
1536690503397136454,18751,1536690503396598138,base_link,40.82,0.0
1536690503525512941,18752,1536690503525038046,base_link,40.82,0.0
1536690503591343188,18753,1536690503591110749,base_link,40.82,0.0
1536690503692948821,18754,1536690503692545700,base_link,40.81,0.0
1536690503800093546,18755,1536690503799816468,base_link,40.82,0.0
1536690503883769792,18756,1536690503883240595,base_link,40.82,0.0
1536690504004164173,18757,1536690504002934810,base_link,40.81,0.0
1536690504102452840,18758,1536690504101659173,base_link,40.81,0.0
1536690504195998226,18759,1536690504195718973,base_link,40.82,0.0
1536690504333007003,18760,1536690504329797874,base_link,40.81,0.0
1536690504404018115,18761,1536690504403168067,base_link,40.81,0.0
1536690504495565719,18762,1536690504494771892,base_link,40.81,0.0
1536690504601676146,18763,1536690504599633758,base_link,40.81,0.0
1536690504682648460,18764,1536690504682342903,base_link,40.81,0.0
1536690504794427766,18765,1536690504794083939,base_link,40.82,0.0
1536690504893959555,18766,1536690504893538291,base_link,40.81,0.0
1536690504998259553,18767,1536690504997785587,base_link,40.81,0.0
1536690505104532855,18768,1536690505104276096,base_link,40.81,0.0
1536690505191752298,18769,1536690505191306138,base_link,40.81,0.0
1536690505286520839,18770,1536690505286254640,base_link,40.81,0.0
1536690505450017984,18771,1536690505445917015,base_link,40.81,0.0
1536690505503627401,18772,1536690505503120284,base_link,40.81,0.0
1536690505624142066,18773,1536690505623755776,base_link,40.81,0.0
1536690505692607000,18774,1536690505692304739,base_link,40.81,0.0
1536690505783836791,18775,1536690505783536418,base_link,40.81,0.0
1536690505886679595,18776,1536690505886113183,base_link,40.8,0.0
1536690505987552967,18777,1536690505987049401,base_link,40.8,0.0
1536690506086900891,18778,1536690506086681443,base_link,40.8,0.0
1536690506206322764,18779,1536690506205822110,base_link,40.8,0.0
1536690506283964480,18780,1536690506283686762,base_link,40.8,0.0
1536690506392335496,18781,1536690506391795772,base_link,40.8,0.0
1536690506487289598,18782,1536690506486932075,base_link,40.8,0.0
1536690506636016983,18783,1536690506635703587,base_link,40.8,0.0
1536690506720480656,18784,1536690506719926340,base_link,40.8,0.0
1536690506780542347,18785,1536690506777924204,base_link,40.8,0.0
1536690506876252134,18786,1536690506875971664,base_link,40.8,0.0
1536690506991162013,18787,1536690506988653689,base_link,40.8,0.0
1536690507087020210,18788,1536690507086697374,base_link,40.8,0.0
1536690507175071558,18789,1536690507173818100,base_link,40.8,0.0
1536690507294251840,18790,1536690507293499260,base_link,40.8,0.0
1536690507395032095,18791,1536690507393734511,base_link,40.8,0.0
1536690507505679795,18792,1536690507504654137,base_link,40.8,0.0
1536690507584814512,18793,1536690507581364911,base_link,40.8,0.0
1536690507698249438,18794,1536690507697761072,base_link,40.8,0.0
1536690507801268875,18795,1536690507800805148,base_link,40.8,0.0
1536690507882647861,18796,1536690507882464540,base_link,40.8,0.0
1536690507990908129,18797,1536690507990428211,base_link,40.8,0.0
1536690508100159785,18798,1536690508099857044,base_link,40.8,0.0
1536690508224465926,18799,1536690508224043189,base_link,40.8,0.0
1536690508310503076,18800,1536690508308529453,base_link,40.8,0.0
1536690508379742030,18801,1536690508379481175,base_link,40.8,0.0
1536690508487234614,18802,1536690508486730792,base_link,40.8,0.0
1536690508602153581,18803,1536690508601884567,base_link,40.8,0.0
1536690508725733668,18804,1536690508724627629,base_link,40.79,0.0
1536690508800556416,18805,1536690508781516061,base_link,40.8,0.0
1536690508900346980,18806,1536690508898692993,base_link,40.79,0.0
1536690508981640369,18807,1536690508981220065,base_link,40.8,0.0
1536690509130045719,18808,1536690509129753185,base_link,40.79,0.0
1536690509208141466,18809,1536690509207158750,base_link,40.8,0.0
1536690509280529295,18810,1536690509280296120,base_link,40.79,0.0
1536690509400803649,18811,1536690509400207255,base_link,40.79,0.0
1536690509491414551,18812,1536690509491215390,base_link,40.79,0.0
1536690509587161104,18813,1536690509586841372,base_link,40.79,0.0
1536690509707302918,18814,1536690509707050928,base_link,40.79,0.0
1536690509807230309,18815,1536690509807007949,base_link,40.79,0.0
1536690509890396430,18816,1536690509885908915,base_link,40.79,0.0
1536690509963814557,18817,1536690509963649923,base_link,40.79,0.0
1536690510096851288,18818,1536690510096148882,base_link,40.79,0.0
1536690510256902321,18819,1536690510256364004,base_link,40.79,0.0
1536690510303487069,18820,1536690510303139401,base_link,40.79,0.0
1536690510417054629,18821,1536690510416822766,base_link,40.79,0.0
1536690510496690320,18822,1536690510496297022,base_link,40.79,0.0
1536690510587006289,18823,1536690510585018650,base_link,40.79,0.0
1536690510688407993,18824,1536690510688127524,base_link,40.79,0.0
1536690510803984792,18825,1536690510792235817,base_link,40.79,0.0
1536690510904631324,18826,1536690510903748765,base_link,40.78,0.0
1536690511004378850,18827,1536690511003077010,base_link,40.79,0.0
1536690511096502016,18828,1536690511096287880,base_link,40.79,0.0
1536690511183568409,18829,1536690511183359585,base_link,40.79,0.0
1536690511333318285,18830,1536690511326985046,base_link,40.79,0.0
1536690511378689253,18831,1536690511378251093,base_link,40.79,0.0
1536690511481740241,18832,1536690511481307297,base_link,40.78,0.0
1536690511585526914,18833,1536690511584707744,base_link,40.79,0.0
1536690511675241593,18834,1536690511674752427,base_link,40.78,0.0
1536690511793639856,18835,1536690511791252840,base_link,40.79,0.0
1536690511891519194,18836,1536690511891180263,base_link,40.78,0.0
1536690511986709576,18837,1536690511986381364,base_link,40.79,0.0
1536690512084239455,18838,1536690512083873836,base_link,40.78,0.0
1536690512182468093,18839,1536690512182132073,base_link,40.78,0.0
1536690512334762258,18840,1536690512333109455,base_link,40.78,0.0
1536690512439818452,18841,1536690512439381989,base_link,40.78,0.0
1536690512497167060,18842,1536690512496176120,base_link,40.78,0.0
1536690512559709332,18843,1536690512559226118,base_link,40.78,0.0
1536690512704655865,18844,1536690512704390242,base_link,40.79,0.0
