%time,field.header.seq,field.header.stamp,field.header.frame_id,field.rssi,field.channels0,field.channels1,field.channels2,field.channels3,field.channels4,field.channels5,field.channels6,field.channels7,field.channels8,field.channels9,field.channels10,field.channels11,field.channels12,field.channels13,field.channels14,field.channels15
1536703358127040319,1599,1536703358126539009,,0,1514,1552,1518,1511,1514,2036,2036,1926,1514,1514,1514,1514,1514,1514,1514,1514
1536703358424532896,1600,1536703358424193729,,0,1514,1552,1518,1511,1514,2036,2036,1926,1514,1514,1514,1514,1514,1514,1514,1514
1536703358722070176,1601,1536703358721605794,,0,1514,1552,1518,1511,1514,2036,2036,1926,1514,1514,1514,1514,1514,1514,1514,1514
1536703359133017363,1602,1536703359132576724,,0,1514,1552,1518,1511,1514,2036,2036,1926,1514,1514,1514,1514,1514,1514,1514,1514
1536703359446544361,1603,1536703359446069770,,0,1514,1552,1518,1511,1514,2036,2036,1926,1514,1514,1514,1514,1514,1514,1514,1514
1536703359807611239,1604,1536703359805800204,,0,1514,1552,1518,1511,1514,2036,2036,1926,1514,1514,1514,1514,1514,1514,1514,1514
1536703360124117372,1605,1536703360123941981,,0,1514,1552,1518,1511,1514,2036,2036,1926,1514,1514,1514,1514,1514,1514,1514,1514
1536703360526096364,1606,1536703360525917613,,0,1514,1552,1518,1511,1514,2036,2036,1926,1514,1514,1514,1514,1514,1514,1514,1514
1536703360823427103,1607,1536703360823059808,,0,1514,1552,1518,1511,1514,2036,2036,1926,1514,1514,1514,1514,1514,1514,1514,1514
1536703361162392455,1608,1536703361162191047,,0,1514,1552,1518,1511,1514,2036,2036,1926,1514,1514,1514,1514,1514,1514,1514,1514
1536703361425975323,1609,1536703361425769820,,0,1514,1552,1518,1511,1514,2036,2036,1926,1514,1514,1514,1514,1514,1514,1514,1514
1536703361746137702,1610,1536703361745512200,,0,1514,1552,1518,1511,1514,2036,2036,1926,1514,1514,1514,1514,1514,1514,1514,1514
1536703362022594088,1611,1536703362022270441,,0,1514,1552,1518,1511,1514,2036,2036,1926,1514,1514,1514,1514,1514,1514,1514,1514
1536703362362667534,1612,1536703362362554734,,0,1514,1552,1518,1511,1514,2036,2036,1926,1514,1514,1514,1514,1514,1514,1514,1514
1536703362674261598,1613,1536703362674017311,,0,1514,1552,1518,1511,1514,2036,2036,1926,1514,1514,1514,1514,1514,1514,1514,1514
1536703362988415397,1614,1536703362987950790,,0,1514,1552,1518,1511,1514,2036,2036,1926,1514,1514,1514,1514,1514,1514,1514,1514
1536703363336407025,1615,1536703363336040338,,0,1514,1552,1518,1511,1514,2036,2036,1926,1514,1514,1514,1514,1514,1514,1514,1514
1536703363679957196,1616,1536703363679753101,,0,1514,1552,1518,1511,1514,2036,2036,1926,1514,1514,1514,1514,1514,1514,1514,1514
1536703364086139554,1617,1536703364085937827,,0,1514,1552,1518,1511,1514,2036,2036,1926,1514,1514,1514,1514,1514,1514,1514,1514
1536703364439697591,1618,1536703364439462712,,0,1514,1552,1518,1511,1514,2036,2036,1926,1514,1514,1514,1514,1514,1514,1514,1514
1536703364855730667,1619,1536703364855451148,,0,1514,1552,1518,1511,1514,2036,2036,1926,1514,1514,1514,1514,1514,1514,1514,1514
1536703365172714103,1620,1536703365171780251,,0,1514,1552,1518,1511,1514,2036,2036,1926,1514,1514,1514,1514,1514,1514,1514,1514
1536703365571638474,1621,1536703365571431083,,0,1514,1552,1518,1511,1514,2036,2036,1926,1514,1514,1514,1514,1514,1514,1514,1514
1536703365956617465,1622,1536703365948660059,,0,1514,1552,1518,1511,1514,2036,2036,1926,1514,1514,1514,1514,1514,1514,1514,1514
1536703366330503774,1623,1536703366329439010,,0,1514,1552,1518,1511,1514,2036,2036,1926,1514,1514,1514,1514,1514,1514,1514,1514
1536703366649858189,1624,1536703366649680398,,0,1514,1552,1518,1511,1514,2036,2036,1926,1514,1514,1514,1514,1514,1514,1514,1514
1536703367033566105,1625,1536703367033288570,,0,1514,1552,1518,1511,1514,2036,2036,1926,1514,1514,1514,1514,1514,1514,1514,1514
1536703367348753348,1626,1536703367348353926,,0,1514,1552,1518,1511,1514,2036,2036,1926,1514,1514,1514,1514,1514,1514,1514,1514
1536703367656571858,1627,1536703367656362163,,0,1514,1552,1518,1511,1514,2036,2036,1926,1514,1514,1514,1514,1514,1514,1514,1514
1536703368029811723,1628,1536703368029595500,,0,1514,1552,1518,1511,1514,2036,2036,1926,1514,1514,1514,1514,1514,1514,1514,1514
1536703368388644239,1629,1536703368388472560,,0,1514,1552,1518,1511,1514,2036,2036,1926,1514,1514,1514,1514,1514,1514,1514,1514
1536703368733422070,1630,1536703368732977624,,0,1514,1552,1518,1511,1514,2036,2036,1926,1514,1514,1514,1514,1514,1514,1514,1514
1536703369037308284,1631,1536703369037050653,,0,1514,1552,1518,1511,1514,2036,2036,1926,1514,1514,1514,1514,1514,1514,1514,1514
1536703369443265974,1632,1536703369443026295,,0,1514,1552,1518,1511,1514,2036,2036,1926,1514,1514,1514,1514,1514,1514,1514,1514
1536703369754049450,1633,1536703369753823659,,0,1514,1552,1518,1511,1514,2036,2036,1926,1514,1514,1514,1514,1514,1514,1514,1514
1536703370126354935,1634,1536703370126154104,,0,1514,1552,1518,1511,1514,2036,2036,1926,1514,1514,1514,1514,1514,1514,1514,1514
1536703370470081421,1635,1536703370469842510,,0,1514,1552,1518,1511,1514,2036,2036,1926,1514,1514,1514,1514,1514,1514,1514,1514
1536703370842513360,1636,1536703370841452693,,0,1514,1552,1518,1511,1514,2036,2036,1926,1514,1514,1514,1514,1514,1514,1514,1514
1536703371153323893,1637,1536703371151784734,,0,1514,1552,1518,1511,1514,2036,2036,1926,1514,1514,1514,1514,1514,1514,1514,1514
1536703371441759191,1638,1536703371441549976,,0,1514,1552,1518,1511,1514,2036,2036,1926,1514,1514,1514,1514,1514,1514,1514,1514
1536703371780914155,1639,1536703371780729356,,0,1514,1552,1518,1511,1514,2036,2036,1926,1514,1514,1514,1514,1514,1514,1514,1514
1536703372022879072,1640,1536703372022633922,,0,1514,1552,1518,1511,1514,2036,2036,1926,1514,1514,1514,1514,1514,1514,1514,1514
1536703372326547582,1641,1536703372326363775,,0,1514,1552,1518,1511,1514,2036,2036,1926,1514,1514,1514,1514,1514,1514,1514,1514
1536703372687863231,1642,1536703372687644224,,0,1514,1552,1518,1511,1514,2036,2036,1926,1514,1514,1514,1514,1514,1514,1514,1514
1536703372990597922,1643,1536703372990381507,,0,1514,1552,1518,1511,1514,2036,2036,1926,1514,1514,1514,1514,1514,1514,1514,1514
1536703373293153429,1644,1536703373292715671,,0,1514,1552,1518,1511,1514,2036,2036,1926,1514,1514,1514,1514,1514,1514,1514,1514
1536703373630855487,1645,1536703373630548481,,0,1514,1552,1518,1511,1514,2036,2036,1926,1514,1514,1514,1514,1514,1514,1514,1514
1536703374043700634,1646,1536703374043187581,,0,1514,1552,1518,1511,1514,2036,2036,1926,1514,1514,1514,1514,1514,1514,1514,1514
1536703374463011026,1647,1536703374462815155,,0,1514,1552,1518,1511,1514,2036,2036,1926,1514,1514,1514,1514,1514,1514,1514,1514
1536703374804504527,1648,1536703374804175089,,0,1514,1552,1518,1511,1514,2036,2036,1926,1514,1514,1514,1514,1514,1514,1514,1514
1536703375161972020,1649,1536703375160719324,,0,1514,1552,1518,1511,1514,2036,2036,1926,1514,1514,1514,1514,1514,1514,1514,1514
1536703375509868115,1650,1536703375509446453,,0,1514,1552,1518,1511,1514,2036,2036,1926,1514,1514,1514,1514,1514,1514,1514,1514
1536703375827366343,1651,1536703375827009066,,0,1514,1552,1518,1511,1514,2036,2036,1926,1514,1514,1514,1514,1514,1514,1514,1514
1536703376173225654,1652,1536703376173062167,,0,1514,1552,1518,1511,1514,2036,2036,1926,1514,1514,1514,1514,1514,1514,1514,1514
1536703376427747418,1653,1536703376427513819,,0,1514,1552,1518,1511,1514,2036,2036,1926,1514,1514,1514,1514,1514,1514,1514,1514
1536703376721910153,1654,1536703376721675371,,0,1514,1552,1518,1511,1514,2036,2036,1926,1514,1514,1514,1514,1514,1514,1514,1514
1536703377129855081,1655,1536703377129633643,,0,1514,1552,1518,1511,1514,2036,2036,1926,1514,1514,1514,1514,1514,1514,1514,1514
1536703377484071791,1656,1536703377483656786,,0,1514,1552,1518,1511,1514,2036,2036,1926,1514,1514,1514,1514,1514,1514,1514,1514
1536703377822067132,1657,1536703377819741066,,0,1514,1552,1518,1511,1514,2036,2036,1926,1514,1514,1514,1514,1514,1514,1514,1514
1536703378229263535,1658,1536703378228899729,,0,1514,1552,1518,1511,1514,2036,2036,1926,1514,1514,1514,1514,1514,1514,1514,1514
1536703378570486896,1659,1536703378570264722,,0,1514,1552,1518,1511,1514,2036,2036,1926,1514,1514,1514,1514,1514,1514,1514,1514
1536703378844956065,1660,1536703378844485604,,0,1514,1552,1518,1511,1514,2036,2036,1926,1514,1514,1514,1514,1514,1514,1514,1514
1536703379182876763,1661,1536703379182607165,,0,1514,1552,1518,1511,1514,2036,2036,1926,1514,1514,1514,1514,1514,1514,1514,1514
1536703379604586032,1662,1536703379604389489,,0,1514,1552,1518,1511,1514,2036,2036,1926,1514,1514,1514,1514,1514,1514,1514,1514
1536703379958638310,1663,1536703379958158057,,0,1514,1552,1518,1511,1514,2036,2036,1926,1514,1514,1514,1514,1514,1514,1514,1514
1536703380256455592,1664,1536703380256211882,,0,1514,1552,1518,1511,1514,2036,2036,1926,1514,1514,1514,1514,1514,1514,1514,1514
1536703380596500677,1665,1536703380596222567,,0,1514,1552,1518,1511,1514,2036,2036,1926,1514,1514,1514,1514,1514,1514,1514,1514
1536703380986947436,1666,1536703380986459600,,0,1514,1552,1518,1511,1514,2036,2036,1926,1514,1514,1514,1514,1514,1514,1514,1514
1536703381243763160,1667,1536703381243318107,,0,1514,1552,1518,1511,1514,2036,2036,1926,1514,1514,1514,1514,1514,1514,1514,1514
1536703381508934120,1668,1536703381508666282,,0,1514,1552,1518,1511,1514,2036,2036,1926,1514,1514,1514,1514,1514,1514,1514,1514
1536703381823214627,1669,1536703381822975556,,0,1514,1552,1518,1511,1514,2036,2036,1926,1514,1514,1514,1514,1514,1514,1514,1514
1536703382233119618,1670,1536703382231564589,,0,1514,1552,1518,1511,1514,2036,2036,1926,1514,1514,1514,1514,1514,1514,1514,1514
1536703382528421682,1671,1536703382528201044,,0,1514,1552,1518,1511,1514,2036,2036,1926,1514,1514,1514,1514,1514,1514,1514,1514
1536703382933743190,1672,1536703382933530295,,0,1514,1552,1518,1511,1514,2036,2036,1926,1514,1514,1514,1514,1514,1514,1514,1514
1536703383246268741,1673,1536703383245844488,,0,1514,1552,1518,1511,1514,2036,2036,1926,1514,1514,1514,1514,1514,1514,1514,1514
1536703383572630054,1674,1536703383570414422,,0,1514,1552,1518,1511,1514,2036,2036,1926,1514,1514,1514,1514,1514,1514,1514,1514
1536703383832496137,1675,1536703383832179148,,0,1514,1552,1518,1511,1514,2036,2036,1926,1514,1514,1514,1514,1514,1514,1514,1514
1536703384167027029,1676,1536703384166687064,,0,1514,1552,1518,1511,1514,2036,2036,1926,1514,1514,1514,1514,1514,1514,1514,1514
1536703384610298435,1677,1536703384609494281,,0,1514,1552,1518,1511,1514,2036,2036,1926,1514,1514,1514,1514,1514,1514,1514,1514
1536703384890642214,1678,1536703384889917484,,0,1514,1552,1518,1511,1514,2036,2036,1926,1514,1514,1514,1514,1514,1514,1514,1514
1536703385130142021,1679,1536703385129876199,,0,1514,1552,1518,1511,1514,2036,2036,1926,1514,1514,1514,1514,1514,1514,1514,1514
1536703385488931151,1680,1536703385486748895,,0,1514,1552,1518,1511,1514,2036,2036,1926,1514,1514,1514,1514,1514,1514,1514,1514
1536703385887984200,1681,1536703385887576235,,0,1514,1552,1518,1511,1514,2036,2036,1926,1514,1514,1514,1514,1514,1514,1514,1514
1536703386325929674,1682,1536703386325644716,,0,1514,1552,1518,1511,1514,2036,2036,1926,1514,1514,1514,1514,1514,1514,1514,1514
1536703386595771146,1683,1536703386591508715,,0,1514,1552,1518,1511,1514,2036,2036,1926,1514,1514,1514,1514,1514,1514,1514,1514
1536703386942353211,1684,1536703386942033469,,0,1514,1552,1518,1511,1514,2036,2036,1926,1514,1514,1514,1514,1514,1514,1514,1514
1536703387188115416,1685,1536703387187861018,,0,1514,1552,1518,1511,1514,2036,2036,1926,1514,1514,1514,1514,1514,1514,1514,1514
1536703387564000975,1686,1536703387563662386,,0,1514,1552,1518,1511,1514,2036,2036,1926,1514,1514,1514,1514,1514,1514,1514,1514
1536703387745187968,1687,1536703387744972769,,0,1514,1552,1518,1511,1514,2036,2036,1926,1514,1514,1514,1514,1514,1514,1514,1514
1536703388087444210,1688,1536703388087247123,,0,1514,1552,1518,1511,1514,2036,2036,1926,1514,1514,1514,1514,1514,1514,1514,1514
1536703388511138418,1689,1536703388510612150,,0,1514,1552,1518,1511,1514,2036,2036,1926,1514,1514,1514,1514,1514,1514,1514,1514
1536703388896367430,1690,1536703388895821994,,0,1514,1552,1518,1511,1514,2036,2036,1926,1514,1514,1514,1514,1514,1514,1514,1514
1536703389187524592,1691,1536703389187178131,,0,1514,1552,1518,1511,1514,2036,2036,1926,1514,1514,1514,1514,1514,1514,1514,1514
1536703389553070188,1692,1536703389549254763,,0,1514,1552,1518,1511,1514,2036,2036,1926,1514,1514,1514,1514,1514,1514,1514,1514
1536703389804880200,1693,1536703389804686665,,0,1514,1552,1518,1511,1514,2036,2036,1926,1514,1514,1514,1514,1514,1514,1514,1514
1536703390179037444,1694,1536703390178855174,,0,1514,1552,1518,1511,1514,2036,2036,1926,1514,1514,1514,1514,1514,1514,1514,1514
1536703390524012054,1695,1536703390522290308,,0,1514,1552,1518,1511,1514,2036,2036,1926,1514,1514,1514,1514,1514,1514,1514,1514
1536703390924401180,1696,1536703390922979784,,0,1514,1552,1518,1511,1514,2036,2036,1926,1514,1514,1514,1514,1514,1514,1514,1514
1536703391222818352,1697,1536703391222051063,,0,1514,1552,1518,1511,1514,2036,2036,1926,1514,1514,1514,1514,1514,1514,1514,1514
1536703391464264858,1698,1536703391462971045,,0,1514,1552,1518,1511,1514,2036,2036,1926,1514,1514,1514,1514,1514,1514,1514,1514
1536703391811343528,1699,1536703391810313073,,0,1514,1552,1518,1511,1514,2036,2036,1926,1514,1514,1514,1514,1514,1514,1514,1514
1536703392107469237,1700,1536703392107284439,,0,1514,1552,1518,1511,1514,2036,2036,1926,1514,1514,1514,1514,1514,1514,1514,1514
1536703392428005205,1701,1536703392426608833,,0,1514,1552,1518,1511,1514,2036,2036,1926,1514,1514,1514,1514,1514,1514,1514,1514
1536703392841350615,1702,1536703392840650269,,0,1514,1552,1518,1511,1514,2036,2036,1926,1514,1514,1514,1514,1514,1514,1514,1514
1536703393131245611,1703,1536703393131018893,,0,1514,1552,1518,1511,1514,2036,2036,1926,1514,1514,1514,1514,1514,1514,1514,1514
1536703393580640377,1704,1536703393580149341,,0,1514,1552,1518,1511,1514,2036,2036,1926,1514,1514,1514,1514,1514,1514,1514,1514
1536703393795833571,1705,1536703393795536613,,0,1514,1552,1518,1511,1514,2036,2036,1926,1514,1514,1514,1514,1514,1514,1514,1514
1536703394068274063,1706,1536703394066751933,,0,1514,1552,1518,1511,1514,2036,2036,1926,1514,1514,1514,1514,1514,1514,1514,1514
1536703394387071843,1707,1536703394386713639,,0,1514,1552,1518,1511,1514,2036,2036,1926,1514,1514,1514,1514,1514,1514,1514,1514
1536703394741041856,1708,1536703394740111176,,0,1514,1552,1518,1511,1514,2036,2036,1926,1514,1514,1514,1514,1514,1514,1514,1514
1536703395089771134,1709,1536703395089483168,,0,1514,1552,1518,1511,1514,2036,2036,1926,1514,1514,1514,1514,1514,1514,1514,1514
1536703395437862909,1710,1536703395437576064,,0,1514,1552,1518,1511,1514,2036,2036,1926,1514,1514,1514,1514,1514,1514,1514,1514
1536703395731644390,1711,1536703395731343688,,0,1514,1552,1518,1511,1514,2036,2036,1926,1514,1514,1514,1514,1514,1514,1514,1514
1536703396122121014,1712,1536703396121878968,,0,1514,1552,1518,1511,1514,2036,2036,1926,1514,1514,1514,1514,1514,1514,1514,1514
1536703396551988377,1713,1536703396551793307,,0,1514,1552,1518,1511,1514,2036,2036,1926,1514,1514,1514,1514,1514,1514,1514,1514
1536703396854137196,1714,1536703396853923790,,0,1514,1552,1518,1511,1514,2036,2036,1926,1514,1514,1514,1514,1514,1514,1514,1514
1536703397233224960,1715,1536703397232898595,,0,1514,1552,1518,1511,1514,2036,2036,1926,1514,1514,1514,1514,1514,1514,1514,1514
1536703397488288287,1716,1536703397488041953,,0,1514,1552,1518,1511,1514,2036,2036,1926,1514,1514,1514,1514,1514,1514,1514,1514
1536703397809586807,1717,1536703397808570016,,0,1514,1552,1518,1511,1514,2036,2036,1926,1514,1514,1514,1514,1514,1514,1514,1514
1536703398154174306,1718,1536703398153875652,,0,1514,1552,1518,1511,1514,2036,2036,1926,1514,1514,1514,1514,1514,1514,1514,1514
1536703398456833181,1719,1536703398455110029,,0,1514,1552,1518,1511,1514,2036,2036,1926,1514,1514,1514,1514,1514,1514,1514,1514
1536703398792252484,1720,1536703398791932071,,0,1514,1552,1518,1511,1514,2036,2036,1926,1514,1514,1514,1514,1514,1514,1514,1514
1536703399202585485,1721,1536703399202173617,,0,1514,1552,1518,1511,1514,2036,2036,1926,1514,1514,1514,1514,1514,1514,1514,1514
1536703399426523280,1722,1536703399419441012,,0,1514,1552,1518,1511,1514,2036,2036,1926,1514,1514,1514,1514,1514,1514,1514,1514
1536703399774235349,1723,1536703399772838594,,0,1514,1552,1518,1511,1514,2036,2036,1926,1514,1514,1514,1514,1514,1514,1514,1514
1536703400089475715,1724,1536703400088471053,,0,1514,1552,1518,1511,1514,2036,2036,1926,1514,1514,1514,1514,1514,1514,1514,1514
1536703400441209456,1725,1536703400440726197,,0,1514,1552,1518,1511,1514,2036,2036,1926,1514,1514,1514,1514,1514,1514,1514,1514
1536703400735425931,1726,1536703400735017423,,0,1514,1552,1518,1511,1514,2036,2036,1926,1514,1514,1514,1514,1514,1514,1514,1514
1536703401025255149,1727,1536703401020838681,,0,1514,1552,1518,1511,1514,2036,2036,1926,1514,1514,1514,1514,1514,1514,1514,1514
1536703401391391518,1728,1536703401391229023,,0,1514,1552,1518,1511,1514,2036,2036,1926,1514,1514,1514,1514,1514,1514,1514,1514
1536703401634737797,1729,1536703401634491624,,0,1514,1552,1518,1511,1514,2036,2036,1926,1514,1514,1514,1514,1514,1514,1514,1514
1536703401910403567,1730,1536703401909058332,,0,1514,1552,1518,1511,1514,2036,2036,1926,1514,1514,1514,1514,1514,1514,1514,1514
1536703402231868121,1731,1536703402231107072,,0,1514,1552,1518,1511,1514,2036,2036,1926,1514,1514,1514,1514,1514,1514,1514,1514
1536703402584315202,1732,1536703402584064804,,0,1514,1552,1518,1511,1514,2036,2036,1926,1514,1514,1514,1514,1514,1514,1514,1514
1536703402902643135,1733,1536703402902462880,,0,1514,1552,1518,1511,1514,2036,2036,1926,1514,1514,1514,1514,1514,1514,1514,1514
1536703403184734700,1734,1536703403183748342,,0,1514,1552,1518,1511,1514,2036,2036,1926,1514,1514,1514,1514,1514,1514,1514,1514
1536703403453433331,1735,1536703403453105302,,0,1514,1552,1518,1511,1514,2036,2036,1926,1514,1514,1514,1514,1514,1514,1514,1514
1536703403715685499,1736,1536703403715551645,,0,1514,1552,1518,1511,1514,2036,2036,1926,1514,1514,1514,1514,1514,1514,1514,1514
1536703404055936201,1737,1536703404055554093,,0,1514,1552,1518,1511,1514,2036,2036,1926,1514,1514,1514,1514,1514,1514,1514,1514
1536703404502355732,1738,1536703404501644603,,0,1514,1552,1518,1511,1514,2036,2036,1926,1514,1514,1514,1514,1514,1514,1514,1514
1536703404825823752,1739,1536703404821482965,,0,1514,1552,1518,1511,1514,2036,2036,1926,1514,1514,1514,1514,1514,1514,1514,1514
1536703405193207299,1740,1536703405192941894,,0,1514,1552,1518,1511,1514,2036,2036,1926,1514,1514,1514,1514,1514,1514,1514,1514
1536703405507200880,1741,1536703405506860596,,0,1514,1552,1518,1511,1514,2036,2036,1926,1514,1514,1514,1514,1514,1514,1514,1514
1536703405827632923,1742,1536703405824628282,,0,1514,1552,1518,1511,1514,2036,2036,1926,1514,1514,1514,1514,1514,1514,1514,1514
1536703406170961570,1743,1536703406170646501,,0,1514,1552,1518,1511,1514,2036,2036,1926,1514,1514,1514,1514,1514,1514,1514,1514
1536703406471450196,1744,1536703406471117720,,0,1514,1552,1518,1511,1514,2036,2036,1926,1514,1514,1514,1514,1514,1514,1514,1514
1536703406718057307,1745,1536703406717879645,,0,1514,1552,1518,1511,1514,2036,2036,1926,1514,1514,1514,1514,1514,1514,1514,1514
1536703407025974876,1746,1536703407023483638,,0,1514,1552,1518,1511,1514,2036,2036,1926,1514,1514,1514,1514,1514,1514,1514,1514
1536703407324692506,1747,1536703407324525820,,0,1514,1552,1518,1511,1514,2036,2036,1926,1514,1514,1514,1514,1514,1514,1514,1514
1536703407631123751,1748,1536703407630759275,,0,1514,1552,1518,1511,1514,2036,2036,1926,1514,1514,1514,1514,1514,1514,1514,1514
1536703407934646739,1749,1536703407933159139,,0,1514,1552,1518,1511,1514,2036,2036,1926,1514,1514,1514,1514,1514,1514,1514,1514
1536703408195980677,1750,1536703408195590313,,0,1514,1552,1518,1511,1514,2036,2036,1926,1514,1514,1514,1514,1514,1514,1514,1514
1536703408588488719,1751,1536703408588110035,,0,1514,1552,1518,1511,1514,2036,2036,1926,1514,1514,1514,1514,1514,1514,1514,1514
1536703408899482628,1752,1536703408898721356,,0,1514,1552,1518,1511,1514,2036,2036,1926,1514,1514,1514,1514,1514,1514,1514,1514
1536703409221073195,1753,1536703409220341107,,0,1514,1552,1518,1511,1514,2036,2036,1926,1514,1514,1514,1514,1514,1514,1514,1514
1536703409561634456,1754,1536703409561404794,,0,1514,1552,1518,1511,1514,2036,2036,1926,1514,1514,1514,1514,1514,1514,1514,1514
1536703409823806008,1755,1536703409823343581,,0,1514,1552,1518,1511,1514,2036,2036,1926,1514,1514,1514,1514,1514,1514,1514,1514
1536703410151328959,1756,1536703410150550887,,0,1514,1552,1518,1511,1514,2036,2036,1926,1514,1514,1514,1514,1514,1514,1514,1514
1536703410588759767,1757,1536703410588477851,,0,1514,1552,1518,1511,1514,2036,2036,1926,1514,1514,1514,1514,1514,1514,1514,1514
1536703410960029095,1758,1536703410958742709,,0,1514,1552,1518,1511,1514,2036,2036,1926,1514,1514,1514,1514,1514,1514,1514,1514
1536703411224813678,1759,1536703411224442642,,0,1514,1552,1518,1511,1514,2036,2036,1926,1514,1514,1514,1514,1514,1514,1514,1514
1536703411589460121,1760,1536703411589248732,,0,1514,1552,1518,1511,1514,2036,2036,1926,1514,1514,1514,1514,1514,1514,1514,1514
1536703411820168854,1761,1536703411819610268,,0,1514,1552,1518,1511,1514,2036,2036,1926,1514,1514,1514,1514,1514,1514,1514,1514
1536703412169216826,1762,1536703412169031932,,0,1514,1552,1518,1511,1514,2036,2036,1926,1514,1514,1514,1514,1514,1514,1514,1514
1536703412471093050,1763,1536703412470886972,,0,1514,1552,1518,1511,1514,2036,2036,1926,1514,1514,1514,1514,1514,1514,1514,1514
1536703412803448260,1764,1536703412802463023,,0,1514,1552,1518,1511,1514,2036,2036,1926,1514,1514,1514,1514,1514,1514,1514,1514
1536703413137630697,1765,1536703413137421931,,0,1514,1552,1518,1511,1514,2036,2036,1926,1514,1514,1514,1514,1514,1514,1514,1514
1536703413379797579,1766,1536703413379340753,,0,1514,1552,1518,1511,1514,2036,2036,1926,1514,1514,1514,1514,1514,1514,1514,1514
1536703413735304071,1767,1536703413734161940,,0,1514,1552,1518,1511,1514,2036,2036,1926,1514,1514,1514,1514,1514,1514,1514,1514
1536703414042286244,1768,1536703414042061254,,0,1514,1552,1518,1511,1514,2036,2036,1926,1514,1514,1514,1514,1514,1514,1514,1514
1536703414275965482,1769,1536703414275727564,,0,1514,1552,1518,1511,1514,2036,2036,1926,1514,1514,1514,1514,1514,1514,1514,1514
1536703414525839318,1770,1536703414525541209,,0,1514,1552,1518,1511,1514,2036,2036,1926,1514,1514,1514,1514,1514,1514,1514,1514
1536703414868762966,1771,1536703414868575544,,0,1514,1552,1518,1511,1514,2036,2036,1926,1514,1514,1514,1514,1514,1514,1514,1514
1536703415129974256,1772,1536703415129522229,,0,1514,1552,1518,1511,1514,2036,2036,1926,1514,1514,1514,1514,1514,1514,1514,1514
1536703415443054113,1773,1536703415442723077,,0,1514,1552,1518,1511,1514,2036,2036,1926,1514,1514,1514,1514,1514,1514,1514,1514
1536703415822367187,1774,1536703415822128437,,0,1514,1552,1518,1511,1514,2036,2036,1926,1514,1514,1514,1514,1514,1514,1514,1514
1536703416170831893,1775,1536703416170623928,,0,1514,1552,1518,1511,1514,2036,2036,1926,1514,1514,1514,1514,1514,1514,1514,1514
1536703416549256196,1776,1536703416548558732,,0,1514,1552,1518,1511,1514,2036,2036,1926,1514,1514,1514,1514,1514,1514,1514,1514
1536703416867695057,1777,1536703416867377493,,0,1514,1552,1518,1511,1514,2036,2036,1926,1514,1514,1514,1514,1514,1514,1514,1514
1536703417130501755,1778,1536703417124779550,,0,1514,1552,1518,1511,1514,2036,2036,1926,1514,1514,1514,1514,1514,1514,1514,1514
1536703417470755424,1779,1536703417470529602,,0,1514,1552,1518,1511,1514,2036,2036,1926,1514,1514,1514,1514,1514,1514,1514,1514
1536703417751274023,1780,1536703417750881644,,0,1514,1552,1518,1511,1514,2036,2036,1926,1514,1514,1514,1514,1514,1514,1514,1514
1536703418024819583,1781,1536703418024408676,,0,1514,1552,1518,1511,1514,2036,2036,1926,1514,1514,1514,1514,1514,1514,1514,1514
1536703418453347422,1782,1536703418453164160,,0,1514,1552,1518,1511,1514,2036,2036,1926,1514,1514,1514,1514,1514,1514,1514,1514
1536703418732951825,1783,1536703418731555361,,0,1514,1552,1518,1511,1514,2036,2036,1926,1514,1514,1514,1514,1514,1514,1514,1514
1536703419043290511,1784,1536703419042974035,,0,1514,1552,1518,1511,1514,2036,2036,1926,1514,1514,1514,1514,1514,1514,1514,1514
1536703419427720592,1785,1536703419427435796,,0,1514,1552,1518,1511,1514,2036,2036,1926,1514,1514,1514,1514,1514,1514,1514,1514
1536703419781833024,1786,1536703419781537315,,0,1514,1552,1518,1511,1514,2036,2036,1926,1514,1514,1514,1514,1514,1514,1514,1514
1536703420187940038,1787,1536703420187482764,,0,1514,1552,1518,1511,1514,2036,2036,1926,1514,1514,1514,1514,1514,1514,1514,1514
1536703420509896244,1788,1536703420509621975,,0,1514,1552,1518,1511,1514,2036,2036,1926,1514,1514,1514,1514,1514,1514,1514,1514
1536703420787674684,1789,1536703420787300033,,0,1514,1552,1518,1511,1514,2036,2036,1926,1514,1514,1514,1514,1514,1514,1514,1514
1536703421039877432,1790,1536703421039691706,,0,1514,1552,1518,1511,1514,2036,2036,1926,1514,1514,1514,1514,1514,1514,1514,1514
1536703421346136065,1791,1536703421344890001,,0,1514,1552,1518,1511,1514,2036,2036,1926,1514,1514,1514,1514,1514,1514,1514,1514
1536703421609356284,1792,1536703421609106368,,0,1514,1552,1518,1511,1514,2036,2036,1926,1514,1514,1514,1514,1514,1514,1514,1514
1536703421974889965,1793,1536703421974610577,,0,1514,1552,1518,1511,1514,2036,2036,1926,1514,1514,1514,1514,1514,1514,1514,1514
1536703422248700938,1794,1536703422248435181,,0,1514,1552,1518,1511,1514,2036,2036,1926,1514,1514,1514,1514,1514,1514,1514,1514
1536703422639004893,1795,1536703422638869695,,0,1514,1552,1518,1511,1514,2036,2036,1926,1514,1514,1514,1514,1514,1514,1514,1514
1536703422959741520,1796,1536703422959524050,,0,1514,1552,1518,1511,1514,2036,2036,1926,1514,1514,1514,1514,1514,1514,1514,1514
1536703423342620409,1797,1536703423342406012,,0,1514,1552,1518,1511,1514,2036,2036,1926,1514,1514,1514,1514,1514,1514,1514,1514
1536703423686298441,1798,1536703423686011724,,0,1514,1552,1518,1511,1514,2036,2036,1926,1514,1514,1514,1514,1514,1514,1514,1514
1536703424033468873,1799,1536703424029998741,,0,1514,1552,1518,1511,1514,2036,2036,1926,1514,1514,1514,1514,1514,1514,1514,1514
1536703424293294646,1800,1536703424292849980,,0,1514,1552,1518,1511,1514,2036,2036,1926,1514,1514,1514,1514,1514,1514,1514,1514
1536703424588501956,1801,1536703424588242983,,0,1514,1552,1518,1511,1514,2036,2036,1926,1514,1514,1514,1514,1514,1514,1514,1514
1536703424866290669,1802,1536703424865996113,,0,1514,1552,1518,1511,1514,2036,2036,1926,1514,1514,1514,1514,1514,1514,1514,1514
1536703425233475796,1803,1536703425233187607,,0,1514,1552,1518,1511,1514,2036,2036,1926,1514,1514,1514,1514,1514,1514,1514,1514
1536703425484312374,1804,1536703425484001050,,0,1514,1552,1518,1511,1514,2036,2036,1926,1514,1514,1514,1514,1514,1514,1514,1514
1536703425744627135,1805,1536703425744360611,,0,1514,1552,1518,1511,1514,2036,2036,1926,1514,1514,1514,1514,1514,1514,1514,1514
1536703426144648325,1806,1536703426143714129,,0,1514,1552,1518,1511,1514,2036,2036,1926,1514,1514,1514,1514,1514,1514,1514,1514
1536703426475589190,1807,1536703426475398184,,0,1514,1552,1518,1511,1514,2036,2036,1926,1514,1514,1514,1514,1514,1514,1514,1514
1536703426846280904,1808,1536703426845198646,,0,1514,1552,1518,1511,1514,2036,2036,1926,1514,1514,1514,1514,1514,1514,1514,1514
1536703427124570081,1809,1536703427124356516,,0,1514,1552,1518,1511,1514,2036,2036,1926,1514,1514,1514,1514,1514,1514,1514,1514
1536703427564339164,1810,1536703427561736254,,0,1514,1552,1518,1511,1514,2036,2036,1926,1514,1514,1514,1514,1514,1514,1514,1514
1536703427881275215,1811,1536703427880496857,,0,1514,1552,1518,1511,1514,2036,2036,1926,1514,1514,1514,1514,1514,1514,1514,1514
1536703428188232208,1812,1536703428187903476,,0,1514,1552,1518,1511,1514,2036,2036,1926,1514,1514,1514,1514,1514,1514,1514,1514
1536703428444928180,1813,1536703428444665688,,0,1514,1552,1518,1511,1514,2036,2036,1926,1514,1514,1514,1514,1514,1514,1514,1514
1536703428801007846,1814,1536703428800765161,,0,1514,1552,1518,1511,1514,2036,2036,1926,1514,1514,1514,1514,1514,1514,1514,1514
1536703429167335807,1815,1536703429167105698,,0,1514,1552,1518,1511,1514,2036,2036,1926,1514,1514,1514,1514,1514,1514,1514,1514
1536703429443072365,1816,1536703429442738193,,0,1514,1552,1518,1511,1514,2036,2036,1926,1514,1514,1514,1514,1514,1514,1514,1514
1536703429842849016,1817,1536703429842548412,,0,1514,1552,1518,1511,1514,2036,2036,1926,1514,1514,1514,1514,1514,1514,1514,1514
1536703430168372835,1818,1536703430161054084,,0,1514,1552,1518,1511,1514,2036,2036,1926,1514,1514,1514,1514,1514,1514,1514,1514
1536703430468084660,1819,1536703430467793112,,0,1514,1552,1518,1511,1514,2036,2036,1926,1514,1514,1514,1514,1514,1514,1514,1514
1536703430718183385,1820,1536703430717965372,,0,1514,1552,1518,1511,1514,2036,2036,1926,1514,1514,1514,1514,1514,1514,1514,1514
1536703431129380500,1821,1536703431129103767,,0,1514,1552,1518,1511,1514,2036,2036,1926,1514,1514,1514,1514,1514,1514,1514,1514
1536703431432701142,1822,1536703431432120093,,0,1514,1552,1518,1511,1514,2036,2036,1926,1514,1514,1514,1514,1514,1514,1514,1514
1536703431810215030,1823,1536703431810045368,,0,1514,1552,1518,1511,1514,2036,2036,1926,1514,1514,1514,1514,1514,1514,1514,1514
1536703432105377402,1824,1536703432105165277,,0,1514,1552,1518,1511,1514,2036,2036,1926,1514,1514,1514,1514,1514,1514,1514,1514
1536703432566527114,1825,1536703432566186574,,0,1514,1552,1518,1511,1514,2036,2036,1926,1514,1514,1514,1514,1514,1514,1514,1514
1536703432852174650,1826,1536703432851881886,,0,1514,1552,1518,1511,1514,2036,2036,1926,1514,1514,1514,1514,1514,1514,1514,1514
1536703433132533157,1827,1536703433130312803,,0,1514,1552,1518,1511,1514,2036,2036,1926,1514,1514,1514,1514,1514,1514,1514,1514
1536703433452036139,1828,1536703433451685552,,0,1514,1552,1518,1511,1514,2036,2036,1926,1514,1514,1514,1514,1514,1514,1514,1514
1536703433801840726,1829,1536703433801574425,,0,1514,1552,1518,1511,1514,2036,2036,1926,1514,1514,1514,1514,1514,1514,1514,1514
1536703434106749976,1830,1536703434106534235,,0,1514,1552,1518,1511,1514,2036,2036,1926,1514,1514,1514,1514,1514,1514,1514,1514
1536703434487222361,1831,1536703434486968125,,0,1514,1552,1518,1511,1514,2036,2036,1926,1514,1514,1514,1514,1514,1514,1514,1514
1536703434728280689,1832,1536703434727989077,,0,1514,1552,1518,1511,1514,2036,2036,1926,1514,1514,1514,1514,1514,1514,1514,1514
1536703435048840739,1833,1536703435047532949,,0,1514,1552,1518,1511,1514,2036,2036,1926,1514,1514,1514,1514,1514,1514,1514,1514
1536703435345184166,1834,1536703435344937002,,0,1514,1553,1518,1511,1514,2036,2036,1926,1514,1514,1514,1514,1514,1514,1514,1514
1536703435716380736,1835,1536703435715715754,,0,1514,1553,1518,1511,1514,2036,2036,1926,1514,1514,1514,1514,1514,1514,1514,1514
1536703436049546275,1836,1536703436049376261,,0,1514,1553,1518,1511,1514,2036,2036,1926,1514,1514,1514,1514,1514,1514,1514,1514
1536703436446309235,1837,1536703436446145430,,0,1514,1553,1518,1511,1514,2036,2036,1926,1514,1514,1514,1514,1514,1514,1514,1514
1536703436758266656,1838,1536703436758051139,,0,1514,1553,1518,1511,1514,2036,2036,1926,1514,1514,1514,1514,1514,1514,1514,1514
1536703436988263265,1839,1536703436988038212,,0,1514,1553,1518,1511,1514,2036,2036,1926,1514,1514,1514,1514,1514,1514,1514,1514
1536703437308933813,1840,1536703437308635449,,0,1514,1553,1518,1511,1514,2036,2036,1926,1514,1514,1514,1514,1514,1514,1514,1514
1536703437682248615,1841,1536703437681707854,,0,1514,1553,1518,1511,1514,2036,2036,1926,1514,1514,1514,1514,1514,1514,1514,1514
1536703438030809104,1842,1536703438029008874,,0,1514,1553,1518,1511,1514,2036,2036,1926,1514,1514,1514,1514,1514,1514,1514,1514
1536703438486613136,1843,1536703438486092439,,0,1514,1553,1518,1511,1514,2036,2036,1926,1514,1514,1514,1514,1514,1514,1514,1514
1536703438827632996,1844,1536703438827359880,,0,1514,1553,1518,1511,1514,2036,2036,1926,1514,1514,1514,1514,1514,1514,1514,1514
1536703439093729231,1845,1536703439093441172,,0,1514,1553,1518,1511,1514,2036,2036,1926,1514,1514,1514,1514,1514,1514,1514,1514
1536703439385082915,1846,1536703439384365741,,0,1514,1553,1518,1511,1514,2036,2036,1926,1514,1514,1514,1514,1514,1514,1514,1514
1536703439760090161,1847,1536703439759396859,,0,1514,1553,1518,1511,1514,2036,2036,1926,1514,1514,1514,1514,1514,1514,1514,1514
1536703440045405110,1848,1536703440043611056,,0,1514,1553,1518,1511,1514,2036,2036,1926,1514,1514,1514,1514,1514,1514,1514,1514
1536703440394362581,1849,1536703440393706366,,0,1514,1553,1518,1511,1514,2036,2036,1926,1514,1514,1514,1514,1514,1514,1514,1514
1536703440741040532,1850,1536703440740763640,,0,1514,1553,1518,1511,1514,2036,2036,1926,1514,1514,1514,1514,1514,1514,1514,1514
1536703441085527211,1851,1536703441085314638,,0,1514,1553,1518,1511,1514,2036,2036,1926,1514,1514,1514,1514,1514,1514,1514,1514
1536703441425834468,1852,1536703441425042576,,0,1514,1553,1518,1511,1514,2036,2036,1926,1514,1514,1514,1514,1514,1514,1514,1514
1536703441764301432,1853,1536703441760868938,,0,1514,1553,1518,1511,1514,2036,2036,1926,1514,1514,1514,1514,1514,1514,1514,1514
1536703442021446686,1854,1536703442019814806,,0,1514,1553,1518,1511,1514,2036,2036,1926,1514,1514,1514,1514,1514,1514,1514,1514
1536703442386446385,1855,1536703442386045750,,0,1514,1553,1518,1511,1514,2036,2036,1926,1514,1514,1514,1514,1514,1514,1514,1514
1536703442808740612,1856,1536703442808407241,,0,1514,1553,1518,1511,1514,2036,2036,1926,1514,1514,1514,1514,1514,1514,1514,1514
1536703443125060333,1857,1536703443123578146,,0,1514,1553,1518,1511,1514,2036,2036,1926,1514,1514,1514,1514,1514,1514,1514,1514
1536703443512093594,1858,1536703443511805918,,0,1514,1553,1518,1511,1514,2036,2036,1926,1514,1514,1514,1514,1514,1514,1514,1514
1536703443814869078,1859,1536703443813826373,,0,1514,1553,1518,1511,1514,2036,2036,1926,1514,1514,1514,1514,1514,1514,1514,1514
1536703444138987660,1860,1536703444138668817,,0,1514,1553,1518,1511,1514,2036,2036,1926,1514,1514,1514,1514,1514,1514,1514,1514
1536703444502304817,1861,1536703444502101076,,0,1514,1553,1518,1511,1514,2036,2036,1926,1514,1514,1514,1514,1514,1514,1514,1514
1536703444883242995,1862,1536703444883018518,,0,1514,1553,1518,1511,1514,2036,2036,1926,1514,1514,1514,1514,1514,1514,1514,1514
1536703445224661604,1863,1536703445216234017,,0,1514,1553,1518,1511,1514,2036,2036,1926,1514,1514,1514,1514,1514,1514,1514,1514
1536703445598364813,1864,1536703445598136593,,0,1514,1553,1518,1511,1514,2036,2036,1926,1514,1514,1514,1514,1514,1514,1514,1514
1536703445907330580,1865,1536703445907158070,,0,1514,1553,1518,1511,1514,2036,2036,1926,1514,1514,1514,1514,1514,1514,1514,1514
1536703446228930377,1866,1536703446212509502,,0,1514,1553,1518,1511,1514,2036,2036,1926,1514,1514,1514,1514,1514,1514,1514,1514
1536703446521026573,1867,1536703446520856304,,0,1514,1553,1518,1511,1514,2036,2036,1926,1514,1514,1514,1514,1514,1514,1514,1514
1536703446792580771,1868,1536703446780207547,,0,1514,1553,1518,1511,1514,2036,2036,1926,1514,1514,1514,1514,1514,1514,1514,1514
1536703447106932721,1869,1536703447106708405,,0,1514,1553,1518,1511,1514,2036,2036,1926,1514,1514,1514,1514,1514,1514,1514,1514
1536703447522123654,1870,1536703447521042902,,0,1514,1553,1518,1511,1514,2036,2036,1926,1514,1514,1514,1514,1514,1514,1514,1514
1536703447821909371,1871,1536703447819325826,,0,1514,1553,1518,1511,1514,2036,2036,1926,1514,1514,1514,1514,1514,1514,1514,1514
1536703448185586147,1872,1536703448185355975,,0,1514,1553,1518,1511,1514,2036,2036,1926,1514,1514,1514,1514,1514,1514,1514,1514
1536703448573769674,1873,1536703448573517550,,0,1514,1553,1518,1511,1514,2036,2036,1926,1514,1514,1514,1514,1514,1514,1514,1514
1536703448871558755,1874,1536703448871280647,,0,1514,1553,1518,1511,1514,2036,2036,1926,1514,1514,1514,1514,1514,1514,1514,1514
1536703449174162563,1875,1536703449173921799,,0,1514,1553,1518,1511,1514,2036,2036,1926,1514,1514,1514,1514,1514,1514,1514,1514
1536703449504535411,1876,1536703449504186072,,0,1514,1553,1518,1511,1514,2036,2036,1926,1514,1514,1514,1514,1514,1514,1514,1514
1536703449908260842,1877,1536703449907740338,,0,1514,1553,1518,1511,1514,2036,2036,1926,1514,1514,1514,1514,1514,1514,1514,1514
1536703450231743437,1878,1536703450226152994,,0,1514,1553,1518,1511,1514,2036,2036,1926,1514,1514,1514,1514,1514,1514,1514,1514
1536703450643539780,1879,1536703450643114251,,0,1514,1553,1518,1511,1514,2036,2036,1926,1514,1514,1514,1514,1514,1514,1514,1514
1536703450904704885,1880,1536703450904293435,,0,1514,1553,1518,1511,1514,2036,2036,1926,1514,1514,1514,1514,1514,1514,1514,1514
1536703451282547769,1881,1536703451281473865,,0,1514,1553,1518,1511,1514,2036,2036,1926,1514,1514,1514,1514,1514,1514,1514,1514
1536703451606197235,1882,1536703451605890328,,0,1514,1553,1518,1511,1514,2036,2036,1926,1514,1514,1514,1514,1514,1514,1514,1514
1536703451924648061,1883,1536703451924198180,,0,1514,1553,1518,1511,1514,2036,2036,1926,1514,1514,1514,1514,1514,1514,1514,1514
1536703452296861653,1884,1536703452295769062,,0,1514,1553,1518,1511,1514,2036,2036,1926,1514,1514,1514,1514,1514,1514,1514,1514
1536703452627343913,1885,1536703452627132460,,0,1514,1553,1518,1511,1514,2036,2036,1926,1514,1514,1514,1514,1514,1514,1514,1514
1536703453016169687,1886,1536703453013722589,,0,1514,1553,1518,1511,1514,2036,2036,1926,1514,1514,1514,1514,1514,1514,1514,1514
1536703453265527897,1887,1536703453265277597,,0,1514,1553,1518,1511,1514,2036,2036,1926,1514,1514,1514,1514,1514,1514,1514,1514
1536703453711369489,1888,1536703453711034358,,0,1514,1553,1518,1511,1514,2036,2036,1926,1514,1514,1514,1514,1514,1514,1514,1514
1536703454000803204,1889,1536703453998890786,,0,1514,1553,1518,1511,1514,2036,2036,1926,1514,1514,1514,1514,1514,1514,1514,1514
1536703454381764522,1890,1536703454375754248,,0,1514,1553,1518,1511,1514,2036,2036,1926,1514,1514,1514,1514,1514,1514,1514,1514
1536703454705363119,1891,1536703454704953749,,0,1514,1553,1518,1511,1514,2036,2036,1926,1514,1514,1514,1514,1514,1514,1514,1514
1536703455018719026,1892,1536703455017848672,,0,1514,1553,1518,1511,1514,2036,2036,1926,1514,1514,1514,1514,1514,1514,1514,1514
1536703455305701722,1893,1536703455305522396,,0,1514,1553,1518,1511,1514,2036,2036,1926,1514,1514,1514,1514,1514,1514,1514,1514
1536703455518342384,1894,1536703455517074756,,0,1514,1553,1518,1511,1514,2036,2036,1926,1514,1514,1514,1514,1514,1514,1514,1514
1536703455871252396,1895,1536703455871072207,,0,1514,1553,1518,1511,1514,2036,2036,1926,1514,1514,1514,1514,1514,1514,1514,1514
1536703456247742625,1896,1536703456246489941,,0,1514,1553,1518,1511,1514,2036,2036,1926,1514,1514,1514,1514,1514,1514,1514,1514
1536703456487842355,1897,1536703456487243709,,0,1514,1553,1518,1511,1514,2036,2036,1926,1514,1514,1514,1514,1514,1514,1514,1514
1536703456843725762,1898,1536703456843409479,,0,1514,1553,1518,1511,1514,2036,2036,1926,1514,1514,1514,1514,1514,1514,1514,1514
1536703457084083753,1899,1536703457083885132,,0,1514,1553,1518,1511,1514,2036,2036,1926,1514,1514,1514,1514,1514,1514,1514,1514
1536703457421465279,1900,1536703457415857752,,0,1514,1553,1518,1511,1514,2036,2036,1926,1514,1514,1514,1514,1514,1514,1514,1514
1536703457819339380,1901,1536703457819148823,,0,1514,1553,1518,1511,1514,2036,2036,1926,1514,1514,1514,1514,1514,1514,1514,1514
1536703458218083914,1902,1536703458217861581,,0,1514,1553,1518,1511,1514,2036,2036,1926,1514,1514,1514,1514,1514,1514,1514,1514
1536703458556317813,1903,1536703458556045689,,0,1514,1553,1518,1511,1514,2036,2036,1926,1514,1514,1514,1514,1514,1514,1514,1514
1536703458948447044,1904,1536703458948131657,,0,1514,1553,1518,1511,1514,2036,2036,1926,1514,1514,1514,1514,1514,1514,1514,1514
1536703459256345310,1905,1536703459256053475,,0,1514,1553,1518,1511,1514,2036,2036,1926,1514,1514,1514,1514,1514,1514,1514,1514
1536703459585727034,1906,1536703459585542877,,0,1514,1553,1518,1511,1514,2036,2036,1926,1514,1514,1514,1514,1514,1514,1514,1514
1536703459900165158,1907,1536703459899881291,,0,1514,1553,1518,1511,1514,2036,2036,1926,1514,1514,1514,1514,1514,1514,1514,1514
1536703460206169417,1908,1536703460206001996,,0,1514,1553,1518,1511,1514,2036,2036,1926,1514,1514,1514,1514,1514,1514,1514,1514
1536703460624448176,1909,1536703460624032791,,0,1514,1553,1518,1511,1514,2036,2036,1926,1514,1514,1514,1514,1514,1514,1514,1514
1536703460936700133,1910,1536703460933282492,,0,1514,1553,1518,1511,1514,2036,2036,1926,1514,1514,1514,1514,1514,1514,1514,1514
1536703461287149722,1911,1536703461286543012,,0,1514,1553,1518,1511,1514,2036,2036,1926,1514,1514,1514,1514,1514,1514,1514,1514
1536703461587143132,1912,1536703461584788674,,0,1514,1553,1518,1511,1514,2036,2036,1926,1514,1514,1514,1514,1514,1514,1514,1514
1536703461846607950,1913,1536703461846133014,,0,1514,1553,1518,1511,1514,2036,2036,1926,1514,1514,1514,1514,1514,1514,1514,1514
1536703462173842728,1914,1536703462173274865,,0,1514,1553,1518,1511,1514,2036,2036,1926,1514,1514,1514,1514,1514,1514,1514,1514
1536703462524494615,1915,1536703462524226587,,0,1514,1553,1518,1511,1514,2036,2036,1926,1514,1514,1514,1514,1514,1514,1514,1514
1536703462904806531,1916,1536703462904614022,,0,1514,1553,1518,1511,1514,2036,2036,1926,1514,1514,1514,1514,1514,1514,1514,1514
1536703463234205754,1917,1536703463233922494,,0,1514,1553,1518,1511,1514,2036,2036,1926,1514,1514,1514,1514,1514,1514,1514,1514
1536703463540995546,1918,1536703463540714399,,0,1514,1553,1518,1511,1514,2036,2036,1926,1514,1514,1514,1514,1514,1514,1514,1514
1536703463890329282,1919,1536703463890093446,,0,1514,1553,1518,1511,1514,2036,2036,1926,1514,1514,1514,1514,1514,1514,1514,1514
1536703464221167591,1920,1536703464218617521,,0,1514,1553,1518,1511,1514,2036,2036,1926,1514,1514,1514,1514,1514,1514,1514,1514
1536703464507806394,1921,1536703464507560126,,0,1514,1553,1518,1511,1514,2036,2036,1926,1514,1514,1514,1514,1514,1514,1514,1514
1536703464913561477,1922,1536703464913364681,,0,1514,1553,1518,1511,1514,2036,2036,1926,1514,1514,1514,1514,1514,1514,1514,1514
1536703465225560901,1923,1536703465225341993,,0,1514,1553,1518,1511,1514,2036,2036,1926,1514,1514,1514,1514,1514,1514,1514,1514
1536703465588661712,1924,1536703465588498131,,0,1514,1553,1518,1511,1514,2036,2036,1926,1514,1514,1514,1514,1514,1514,1514,1514
1536703465885673313,1925,1536703465885463044,,0,1514,1553,1518,1511,1514,2036,2036,1926,1514,1514,1514,1514,1514,1514,1514,1514
1536703466186107018,1926,1536703466185465365,,0,1514,1553,1518,1511,1514,2036,2036,1926,1514,1514,1514,1514,1514,1514,1514,1514
1536703466532198419,1927,1536703466531997622,,0,1514,1553,1518,1511,1514,2036,2036,1926,1514,1514,1514,1514,1514,1514,1514,1514
1536703466817562285,1928,1536703466812642975,,0,1514,1553,1518,1511,1514,2036,2036,1926,1514,1514,1514,1514,1514,1514,1514,1514
1536703467127083244,1929,1536703467126708210,,0,1514,1553,1518,1511,1514,2036,2036,1926,1514,1514,1514,1514,1514,1514,1514,1514
1536703467390702202,1930,1536703467390039045,,0,1514,1553,1518,1511,1514,2036,2036,1926,1514,1514,1514,1514,1514,1514,1514,1514
1536703467741529752,1931,1536703467741237917,,0,1514,1553,1518,1511,1514,2036,2036,1926,1514,1514,1514,1514,1514,1514,1514,1514
1536703468004804620,1932,1536703468004521809,,0,1514,1553,1518,1511,1514,2036,2036,1926,1514,1514,1514,1514,1514,1514,1514,1514
1536703468486738072,1933,1536703468486207744,,0,1514,1553,1518,1511,1514,2036,2036,1926,1514,1514,1514,1514,1514,1514,1514,1514
1536703468818980274,1934,1536703468814340416,,0,1514,1553,1518,1511,1514,2036,2036,1926,1514,1514,1514,1514,1514,1514,1514,1514
1536703469134402908,1935,1536703469134121761,,0,1514,1553,1518,1511,1514,2036,2036,1926,1514,1514,1514,1514,1514,1514,1514,1514
1536703469442197016,1936,1536703469441944957,,0,1514,1553,1518,1511,1514,2036,2036,1926,1514,1514,1514,1514,1514,1514,1514,1514
1536703469785483102,1937,1536703469783812954,,0,1514,1553,1518,1511,1514,2036,2036,1926,1514,1514,1514,1514,1514,1514,1514,1514
1536703470051380153,1938,1536703470051125149,,0,1514,1553,1518,1511,1514,2036,2036,1926,1514,1514,1514,1514,1514,1514,1514,1514
1536703470488183829,1939,1536703470487862010,,0,1514,1553,1518,1511,1514,2036,2036,1926,1514,1514,1514,1514,1514,1514,1514,1514
1536703470786926098,1940,1536703470786649143,,0,1514,1553,1518,1511,1514,2036,2036,1926,1514,1514,1514,1514,1514,1514,1514,1514
1536703471045974476,1941,1536703471045733104,,0,1514,1553,1518,1511,1514,2036,2036,1926,1514,1514,1514,1514,1514,1514,1514,1514
1536703471390584103,1942,1536703471390328011,,0,1514,1553,1518,1511,1514,2036,2036,1926,1514,1514,1514,1514,1514,1514,1514,1514
1536703471669616188,1943,1536703471669301762,,0,1514,1553,1518,1511,1514,2036,2036,1926,1514,1514,1514,1514,1514,1514,1514,1514
1536703472011634914,1944,1536703472011228649,,0,1514,1553,1518,1511,1514,2036,2036,1926,1514,1514,1514,1514,1514,1514,1514,1514
1536703472388065026,1945,1536703472387663273,,0,1514,1553,1518,1511,1514,2036,2036,1926,1514,1514,1514,1514,1514,1514,1514,1514
1536703472820680898,1946,1536703472820309737,,0,1514,1553,1518,1511,1514,2036,2036,1926,1514,1514,1514,1514,1514,1514,1514,1514
1536703473156456109,1947,1536703473156097363,,0,1514,1553,1518,1511,1514,2036,2036,1926,1514,1514,1514,1514,1514,1514,1514,1514
1536703473488269582,1948,1536703473485277698,,0,1514,1553,1518,1511,1514,2036,2036,1926,1514,1514,1514,1514,1514,1514,1514,1514
1536703473873916372,1949,1536703473873717271,,0,1514,1553,1518,1511,1514,2036,2036,1926,1514,1514,1514,1514,1514,1514,1514,1514
1536703474182633844,1950,1536703474182363320,,0,1514,1553,1518,1511,1514,2036,2036,1926,1514,1514,1514,1514,1514,1514,1514,1514
1536703474532344488,1951,1536703474532152811,,0,1514,1553,1518,1511,1514,2036,2036,1926,1514,1514,1514,1514,1514,1514,1514,1514
1536703474853086767,1952,1536703474852798484,,0,1514,1553,1518,1511,1514,2036,2036,1926,1514,1514,1514,1514,1514,1514,1514,1514
1536703475265263898,1953,1536703475257343427,,0,1514,1553,1518,1511,1514,2036,2036,1926,1514,1514,1514,1514,1514,1514,1514,1514
1536703475581060318,1954,1536703475579026818,,0,1514,1553,1518,1511,1514,2036,2036,1926,1514,1514,1514,1514,1514,1514,1514,1514
1536703475953196019,1955,1536703475952990455,,0,1514,1553,1518,1511,1514,2036,2036,1926,1514,1514,1514,1514,1514,1514,1514,1514
1536703476285203179,1956,1536703476284927439,,0,1514,1553,1518,1511,1514,2036,2036,1926,1514,1514,1514,1514,1514,1514,1514,1514
1536703476549101630,1957,1536703476548739524,,0,1514,1553,1518,1511,1514,2036,2036,1926,1514,1514,1514,1514,1514,1514,1514,1514
1536703476896009742,1958,1536703476895337274,,0,1514,1553,1518,1511,1514,2036,2036,1926,1514,1514,1514,1514,1514,1514,1514,1514
1536703477253388502,1959,1536703477253124698,,0,1514,1553,1518,1511,1514,2036,2036,1926,1514,1514,1514,1514,1514,1514,1514,1514
1536703477618554862,1960,1536703477618280242,,0,1514,1553,1518,1511,1514,2036,2036,1926,1514,1514,1514,1514,1514,1514,1514,1514
1536703477941872160,1961,1536703477941618148,,0,1514,1553,1518,1511,1514,2036,2036,1926,1514,1514,1514,1514,1514,1514,1514,1514
1536703478247639539,1962,1536703478247367032,,0,1514,1553,1518,1511,1514,2036,2036,1926,1514,1514,1514,1514,1514,1514,1514,1514
1536703478543027960,1963,1536703478542677374,,0,1514,1553,1518,1511,1514,2036,2036,1926,1514,1514,1514,1514,1514,1514,1514,1514
1536703478861909824,1964,1536703478861610117,,0,1514,1553,1518,1511,1514,2036,2036,1926,1514,1514,1514,1514,1514,1514,1514,1514
1536703479148819375,1965,1536703479148539540,,0,1514,1553,1518,1511,1514,2036,2036,1926,1514,1514,1514,1514,1514,1514,1514,1514
1536703479518360900,1966,1536703479518172616,,0,1514,1553,1518,1511,1514,2036,2036,1926,1514,1514,1514,1514,1514,1514,1514,1514
1536703479913466904,1967,1536703479913234716,,0,1514,1553,1518,1511,1514,2036,2036,1926,1514,1514,1514,1514,1514,1514,1514,1514
1536703480300684481,1968,1536703480300166698,,0,1514,1553,1518,1511,1514,2036,2036,1926,1514,1514,1514,1514,1514,1514,1514,1514
1536703480588731804,1969,1536703480588504384,,0,1514,1553,1518,1511,1514,2036,2036,1926,1514,1514,1514,1514,1514,1514,1514,1514
1536703480953514443,1970,1536703480953259888,,0,1514,1553,1518,1511,1514,2036,2036,1926,1514,1514,1514,1514,1514,1514,1514,1514
1536703481289184008,1971,1536703481288905389,,0,1514,1553,1518,1511,1514,2036,2036,1926,1514,1514,1514,1514,1514,1514,1514,1514
1536703481561348553,1972,1536703481561081646,,0,1514,1553,1518,1511,1514,2036,2036,1926,1514,1514,1514,1514,1514,1514,1514,1514
1536703481848713116,1973,1536703481848405602,,0,1514,1553,1518,1511,1514,2036,2036,1926,1514,1514,1514,1514,1514,1514,1514,1514
1536703482166132175,1974,1536703482165859283,,0,1514,1553,1518,1511,1514,2036,2036,1926,1514,1514,1514,1514,1514,1514,1514,1514
1536703482513115591,1975,1536703482511545603,,0,1514,1553,1518,1511,1514,2036,2036,1926,1514,1514,1514,1514,1514,1514,1514,1514
1536703482911798310,1976,1536703482911355406,,0,1514,1553,1518,1511,1514,2036,2036,1926,1514,1514,1514,1514,1514,1514,1514,1514
1536703483202722743,1977,1536703483201045077,,0,1514,1553,1518,1511,1514,2036,2036,1926,1514,1514,1514,1514,1514,1514,1514,1514
1536703483577421191,1978,1536703483576559222,,0,1514,1553,1518,1511,1514,2036,2036,1926,1514,1514,1514,1514,1514,1514,1514,1514
1536703483900924459,1979,1536703483900733198,,0,1514,1553,1518,1511,1514,2036,2036,1926,1514,1514,1514,1514,1514,1514,1514,1514
1536703484258584602,1980,1536703484256973207,,0,1514,1553,1518,1511,1514,2036,2036,1926,1514,1514,1514,1514,1514,1514,1514,1514
1536703484549504592,1981,1536703484548325702,,0,1514,1553,1518,1511,1514,2036,2036,1926,1514,1514,1514,1514,1514,1514,1514,1514
1536703484838866467,1982,1536703484838561896,,0,1514,1553,1518,1511,1514,2036,2036,1926,1514,1514,1514,1514,1514,1514,1514,1514
1536703485239205020,1983,1536703485238566375,,0,1514,1553,1518,1511,1514,2036,2036,1926,1514,1514,1514,1514,1514,1514,1514,1514
1536703485589986919,1984,1536703485589832106,,0,1514,1553,1518,1511,1514,2036,2036,1926,1514,1514,1514,1514,1514,1514,1514,1514
1536703485828722166,1985,1536703485828561881,,0,1514,1553,1518,1511,1514,2036,2036,1926,1514,1514,1514,1514,1514,1514,1514,1514
1536703486146197936,1986,1536703486140496599,,0,1514,1553,1518,1511,1514,2036,2036,1926,1514,1514,1514,1514,1514,1514,1514,1514
1536703486390710535,1987,1536703486390405356,,0,1514,1553,1518,1511,1514,2036,2036,1926,1514,1514,1514,1514,1514,1514,1514,1514
1536703486704413849,1988,1536703486703905250,,0,1514,1553,1518,1511,1514,2036,2036,1926,1514,1514,1514,1514,1514,1514,1514,1514
1536703486989673582,1989,1536703486989433778,,0,1514,1553,1518,1511,1514,2036,2036,1926,1514,1514,1514,1514,1514,1514,1514,1514
1536703487378687571,1990,1536703487376161729,,0,1514,1553,1518,1511,1514,2036,2036,1926,1514,1514,1514,1514,1514,1514,1514,1514
1536703487810696330,1991,1536703487810389552,,0,1514,1553,1518,1511,1514,2036,2036,1926,1514,1514,1514,1514,1514,1514,1514,1514
1536703488132952163,1992,1536703488132771558,,0,1514,1553,1518,1511,1514,2036,2036,1926,1514,1514,1514,1514,1514,1514,1514,1514
1536703488420895968,1993,1536703488420444104,,0,1514,1553,1518,1511,1514,2036,2036,1926,1514,1514,1514,1514,1514,1514,1514,1514
1536703488703772890,1994,1536703488703354241,,0,1514,1553,1518,1511,1514,2036,2036,1926,1514,1514,1514,1514,1514,1514,1514,1514
1536703488927721478,1995,1536703488927464299,,0,1514,1553,1518,1511,1514,2036,2036,1926,1514,1514,1514,1514,1514,1514,1514,1514
1536703489247077910,1996,1536703489246849082,,0,1514,1553,1518,1511,1514,2036,2036,1926,1514,1514,1514,1514,1514,1514,1514,1514
1536703489614593551,1997,1536703489614289365,,0,1514,1553,1518,1511,1514,2036,2036,1926,1514,1514,1514,1514,1514,1514,1514,1514
1536703489880453357,1998,1536703489880174578,,0,1514,1553,1518,1511,1514,2036,2036,1926,1514,1514,1514,1514,1514,1514,1514,1514
1536703490229450603,1999,1536703490229059442,,0,1514,1553,1518,1511,1514,2036,2036,1926,1514,1514,1514,1514,1514,1514,1514,1514
1536703490450933414,2000,1536703490450473295,,0,1514,1553,1518,1511,1514,2036,2036,1926,1514,1514,1514,1514,1514,1514,1514,1514
1536703490715627432,2001,1536703490715269935,,0,1514,1553,1518,1511,1514,2036,2036,1926,1514,1514,1514,1514,1514,1514,1514,1514
1536703491014758096,2002,1536703491014026142,,0,1514,1553,1518,1511,1943,2036,2036,1926,1514,1514,1514,1514,1514,1514,1514,1514
