%time,field.header.seq,field.header.stamp,field.header.frame_id,field.pose.position.x,field.pose.position.y,field.pose.position.z,field.pose.orientation.x,field.pose.orientation.y,field.pose.orientation.z,field.pose.orientation.w
1531945830455781790,2488,1531945830452842731,map,-58.6628303528,61.054145813,43.5541648865,-0.0657069915508,-0.0326272755072,-0.995107236449,-0.0661788495017
1531945830687924032,2489,1531945830685148027,map,-63.9535446167,61.5731544495,44.319393158,-0.0966818426029,-0.160658132452,-0.97852367218,-0.0856329888029
1531945830960288623,2490,1531945830959773498,map,-69.7993850708,62.5582046509,45.3518943787,-0.0966818426029,-0.160658132452,-0.97852367218,-0.0856329888029
1531945831226524001,2491,1531945831215163955,map,-74.4321136475,63.7760467529,46.2878837585,-0.139099350971,-0.272257291222,-0.94999477959,-0.0635394105087
1531945831455887741,2492,1531945831454993237,map,-78.4343109131,65.1499099731,47.1257553101,-0.139099350971,-0.272257291222,-0.94999477959,-0.0635394105087
1531945831654282867,2493,1531945831652638823,map,-82.4330368042,66.8621902466,47.9668540955,-0.160703543407,-0.281174978558,-0.940192713567,-0.105606173708
1531945831910838549,2494,1531945831909149011,map,-86.4313583374,68.9658279419,48.7470970154,-0.167816726705,-0.282568167334,-0.929946640678,-0.164900038018
1531945832156332662,2495,1531945832155734395,map,-89.5645751953,70.8967971802,49.2656478882,-0.167816726705,-0.282568167334,-0.929946640678,-0.164900038018
1531945832422954112,2496,1531945832422279936,map,-93.1430358887,73.5329208374,49.8682098389,-0.170771616478,-0.245504922571,-0.919893662206,-0.253692802878
1531945832655978021,2497,1531945832655309191,map,-95.6187820435,75.7888641357,50.4668235779,-0.166202290198,-0.197126461033,-0.911368555798,-0.320819750945
1531945832930569844,2498,1531945832929860580,map,-98.5866622925,79.0221328735,51.4129142761,-0.139760634454,-0.121182934838,-0.905210730054,-0.382590114296
1531945833163439632,2499,1531945833162289262,map,-100.520584106,81.415397644,52.1087913513,-0.139760634454,-0.121182934838,-0.905210730054,-0.382590114296
1531945833420821498,2500,1531945833420370916,map,-102.623329163,84.2059555054,52.8932914734,-0.116788726524,-0.0589224517393,-0.910888867774,-0.391369401721
1531945833655523258,2501,1531945833654992639,map,-104.464981079,86.6998977661,53.5126304626,-0.116788726524,-0.0589224517393,-0.910888867774,-0.391369401721
1531945833927740803,2502,1531945833924287773,map,-106.415710449,89.3058013916,53.9924468994,-0.0400765162261,0.0247167631246,-0.914045432152,-0.40286958489
1531945834140552722,2503,1531945834136886502,map,-108.074203491,91.4606246948,54.2147636414,-0.0400765162261,0.0247167631246,-0.914045432152,-0.40286958489
1531945834379493550,2504,1531945834377844960,map,-109.757736206,93.5731506348,54.2515258789,0.0153906421151,0.0460954469678,-0.914086620928,-0.402596556548
1531945834602710693,2505,1531945834596530577,map,-111.636192322,95.8304595947,54.097240448,0.0153906421151,0.0460954469678,-0.914086620928,-0.402596556548
1531945834835979998,2506,1531945834835430682,map,-113.596244812,98.08152771,53.764995575,0.0602487615406,0.0429515283322,-0.920630374948,-0.383360099214
1531945835090043394,2507,1531945835089390444,map,-115.809524536,100.492523193,53.2492713928,0.0727810379617,0.0220888086403,-0.930778160567,-0.357584984106
1531945835328786944,2508,1531945835327979905,map,-117.775535583,102.532119751,52.7561149597,0.0727810379617,0.0220888086403,-0.930778160567,-0.357584984106
1531945835578671108,2509,1531945835577549936,map,-120.219802856,104.980979919,52.1934890747,0.0571304898909,-0.0115707117872,-0.935528394029,-0.34840902646
1531945835818690816,2510,1531945835817027947,map,-122.556602478,107.24584198,51.762336731,0.0571304898909,-0.0115707117872,-0.935528394029,-0.34840902646
1531945836068549497,2511,1531945836067531894,map,-125.191413879,109.710128784,51.3835029602,0.0516739258059,0.00548892069629,-0.934870214562,-0.351165714537
1531945836295085847,2512,1531945836293908072,map,-127.471687317,111.778518677,51.0998916626,0.0486907941918,0.0245986922945,-0.93134398021,-0.360031250624
1531945836512501230,2513,1531945836510761876,map,-129.557662964,113.627746582,50.8863258362,0.0486907941918,0.0245986922945,-0.93134398021,-0.360031250624
1531945836761481509,2514,1531945836760821036,map,-132.321090698,116.011375427,50.6672477722,0.0276517818502,0.0183624583084,-0.936992221501,-0.347769716812
1531945836998519995,2515,1531945836998006823,map,-134.692779541,118.000038147,50.5851135254,0.0276517818502,0.0183624583084,-0.936992221501,-0.347769716812
1531945837232789998,2516,1531945837232243819,map,-137.502868652,120.308876038,50.5466156006,0.01347211684,0.00835136429314,-0.942772566145,-0.333059522168
1531945837499107144,2517,1531945837498608603,map,-140.289230347,122.599632263,50.4724349976,-0.000819718913964,-0.0142333982518,-0.941322559214,-0.337207025357
1531945837730224740,2518,1531945837723457465,map,-142.629013062,124.577018738,50.4480895996,-0.000819718913964,-0.0142333982518,-0.941322559214,-0.337207025357
1531945837981262444,2519,1531945837980795374,map,-145.339141846,126.964118958,50.5163421631,-0.0246220610989,-0.0554123677983,-0.945250409467,-0.320663198706
1531945838243955213,2520,1531945838241604018,map,-148.028488159,129.394271851,50.6296272278,-0.0233413392377,-0.0487528407251,-0.948186033151,-0.313083996621
1531945838492717886,2521,1531945838491064109,map,-150.685287476,131.809463501,50.6585769653,-0.0233413392377,-0.0487528407251,-0.948186033151,-0.313083996621
1531945838741733414,2522,1531945838741000650,map,-153.119979858,134.050964355,50.5557136536,-0.0097867783738,-0.095081543285,-0.922443701257,-0.374114069645
1531945839002082447,2523,1531945839001487285,map,-155.740768433,136.506729126,50.1752815247,-0.0097867783738,-0.095081543285,-0.922443701257,-0.374114069645
1531945839259304141,2524,1531945839258337699,map,-158.062896729,138.869216919,49.700176239,-0.0199821531015,-0.137694966326,-0.881684520793,-0.450858309894
1531945839461680388,2525,1531945839458201137,map,-159.889129639,140.936401367,49.3225479126,-0.0199821531015,-0.137694966326,-0.881684520793,-0.450858309894
1531945839693412004,2526,1531945839690322026,map,-161.953094482,143.56111145,48.9205932617,-0.0390289427376,-0.12771817403,-0.856949490911,-0.497797528798
1531945839961952156,2527,1531945839961261428,map,-164.169418335,146.789581299,48.5096168518,-0.0651239435057,-0.112876093682,-0.863130165011,-0.487877215808
1531945840198939417,2528,1531945840198343006,map,-165.955352783,149.663299561,48.4337310791,-0.0651239435057,-0.112876093682,-0.863130165011,-0.487877215808
1531945840462580573,2529,1531945840461499644,map,-167.71736145,152.57409668,48.4984092712,-0.038383372435,-0.0342159813956,-0.871251289202,-0.48813643011
1531945840690494473,2530,1531945840689832014,map,-169.619903564,155.67477417,48.5026779175,-0.038383372435,-0.0342159813956,-0.871251289202,-0.48813643011
1531945840902902648,2531,1531945840901844834,map,-171.064453125,158.050811768,48.4999580383,-0.0423740352827,-0.0336416991139,-0.848526218221,-0.526380028312
1531945841142869851,2532,1531945841142198556,map,-172.698425293,160.912124634,48.4036407471,-0.109718401614,-0.129907761084,-0.82420127074,-0.540164892665
1531945841418604328,2533,1531945841418025462,map,-174.194885254,163.796310425,48.1323165894,-0.109718401614,-0.129907761084,-0.82420127074,-0.540164892665
1531945841661140942,2534,1531945841660656809,map,-175.628768921,166.959274292,47.5803031921,-0.154966195312,-0.209752795743,-0.775113915629,-0.575489062266
1531945841896489698,2535,1531945841895982706,map,-176.710189819,170.29208374,46.8575782776,-0.21896850599,-0.265546559485,-0.705822028478,-0.619155135846
1531945842132690538,2536,1531945842131698483,map,-177.243499756,173.286346436,46.1744346619,-0.21896850599,-0.265546559485,-0.705822028478,-0.619155135846
1531945842414861862,2537,1531945842414264907,map,-177.455123901,177.51663208,45.1660728455,-0.244520167247,-0.230789563069,-0.678970741088,-0.652644465337
1531945842618688685,2538,1531945842618169207,map,-177.186294556,180.373718262,44.5102920532,-0.300040390962,-0.21863459856,-0.610400518813,-0.699704139431
1531945842877878385,2539,1531945842876462097,map,-176.20489502,184.044509888,43.7215118408,-0.300040390962,-0.21863459856,-0.610400518813,-0.699704139431
1531945843090757439,2540,1531945843089883969,map,-174.808197021,187.048736572,43.0940933228,-0.37989133079,-0.179688016073,-0.512719495855,-0.748674503533
1531945843351958621,2541,1531945843351192818,map,-172.75541687,190.111740112,42.4050521851,-0.37989133079,-0.179688016073,-0.512719495855,-0.748674503533
1531945843568798403,2542,1531945843568106330,map,-170.372283936,192.661575317,41.7883834839,-0.408592944973,-0.136120951738,-0.416184635637,-0.800820354934
1531945843857430744,2543,1531945843856795019,map,-166.672866821,195.346755981,41.1138572693,-0.408592944973,-0.136120951738,-0.416184635637,-0.800820354934
1531945844064856427,2544,1531945844064335636,map,-163.337265015,196.951965332,40.6828308105,-0.411179652328,-0.0622865252694,-0.290084545867,-0.861917999888
1531945844338393222,2545,1531945844336394354,map,-158.729721069,198.25617981,40.3279304504,-0.386721523574,0.0185342297524,-0.18554068045,-0.903148715013
1531945844541754512,2546,1531945844541133193,map,-155.293945312,198.680664063,40.257019043,-0.386721523574,0.0185342297524,-0.18554068045,-0.903148715013
1531945844820479113,2547,1531945844819972568,map,-150.486923218,198.683349609,40.3792762756,-0.311636424636,0.0917915937881,-0.0996024008743,-0.940497955282
1531945845026926091,2548,1531945845025976777,map,-147.202484131,198.315704346,40.6547622681,-0.311636424636,0.0917915937881,-0.0996024008743,-0.940497955282
1531945845256937819,2549,1531945845255741603,map,-143.716156006,197.676116943,41.136051178,-0.207067329949,0.156503156763,-0.0200537052639,-0.965519410316
1531945845514246594,2550,1531945845512947834,map,-139.773925781,196.795700073,41.8320808411,-0.0726361308722,0.174048464594,0.0392294700863,-0.981270693102
1531945845735870629,2551,1531945845735277036,map,-136.277404785,195.998779297,42.5259666443,-0.0726361308722,0.174048464594,0.0392294700863,-0.981270693102
1531945846052434368,2552,1531945846052013176,map,-132.042755127,195.129074097,43.6139030457,0.0618157686749,0.170966679897,0.0657945725682,-0.981132141624
1531945846245263301,2553,1531945846244447586,map,-129.28994751,194.70539856,44.3713722229,0.0618157686749,0.170966679897,0.0657945725682,-0.981132141624
1531945846534030426,2554,1531945846533116456,map,-125.466339111,194.355056763,45.423324585,0.146459126221,0.157042117274,0.0410800293641,-0.975807321624
1531945846736778914,2555,1531945846736054986,map,-122.738441467,194.215591431,45.9699859619,0.153759901276,0.135710500586,0.0243362725395,-0.978441770689
1531945846976495534,2556,1531945846975306393,map,-119.184204102,194.234832764,46.5658950806,0.180020792317,0.125855159562,0.00707976068396,-0.975552597318
1531945847234896379,2557,1531945847234197712,map,-115.960952759,194.43951416,47.0557632446,0.180020792317,0.125855159562,0.00707976068396,-0.975552597318
1531945847471702466,2558,1531945847471143897,map,-112.710586548,194.759017944,47.4246635437,0.0993876734874,0.110988686151,-0.0386169569572,-0.98808518486
1531945847718668766,2559,1531945847717882313,map,-109.202590942,195.197250366,47.7846641541,0.0993876734874,0.110988686151,-0.0386169569572,-0.98808518486
1531945847954667366,2560,1531945847953918147,map,-105.946792603,195.645706177,48.0959358215,0.0155619573889,0.0938279108924,-0.0937473011072,-0.99104267928
1531945848202135280,2561,1531945848201734354,map,-102.708427429,196.130203247,48.4211082458,0.0225309755841,0.0870434253111,-0.126900240652,-0.98783203338
1531945848456642214,2562,1531945848455528597,map,-99.5052185059,196.676101685,48.6970863342,0.0225309755841,0.0870434253111,-0.126900240652,-0.98783203338
1531945848664733524,2563,1531945848664036298,map,-96.7879257202,197.167907715,48.8174934387,-0.0211630550361,0.0534017781024,-0.114235665667,-0.99179160507
1531945848880159547,2564,1531945848879408599,map,-93.7936553955,197.689788818,48.8317260742,-0.0211630550361,0.0534017781024,-0.114235665667,-0.99179160507
1531945849148080654,2565,1531945849147393576,map,-89.8908309937,198.288101196,48.6733589172,-0.0744396848172,0.0332447202879,-0.10020243673,-0.991621396285
1531945849372012408,2566,1531945849371422816,map,-86.732093811,198.705886841,48.4386863708,-0.0744396848172,0.0332447202879,-0.10020243673,-0.991621396285
1531945849636753638,2567,1531945849636171442,map,-82.9135131836,199.138580322,48.1309051514,-0.0843747968003,0.0278735725128,-0.100905435002,-0.990919800391
1531945849836624984,2568,1531945849836042340,map,-79.5729904175,199.473556519,47.8881912231,-0.0843747968003,0.0278735725128,-0.100905435002,-0.990919800391
1531945850103673805,2569,1531945850103192681,map,-75.5105209351,199.839767456,47.7272911072,-0.0597723593226,0.0339202083104,-0.0849610520119,-0.994011219338
1531945850337554568,2570,1531945850336941797,map,-72.0222702026,200.109481812,47.8223724365,-0.0602307153483,0.0467245834959,-0.0671776561149,-0.994824726645
1531945850568410280,2571,1531945850567589346,map,-68.1614608765,200.35446167,48.0305595398,-0.0558535933441,0.0518763626761,-0.0633292634981,-0.99507719474
1531945850806459101,2572,1531945850806001956,map,-64.2874526978,200.556503296,48.3146781921,-0.0558535933441,0.0518763626761,-0.0633292634981,-0.99507719474
1531945851067891144,2573,1531945851066969171,map,-60.4854774475,200.732955933,48.6943359375,-0.0252559892344,0.0629828006152,-0.0510264153131,-0.996389284755
1531945851270721399,2574,1531945851269842518,map,-57.296421051,200.868026733,49.0689163208,-0.0252559892344,0.0629828006152,-0.0510264153131,-0.996389284755
1531945851496069057,2575,1531945851495646424,map,-53.174987793,201.015823364,49.5838432312,-0.0273275441549,0.0683621470428,-0.0524091640322,-0.995908179356
1531945851742420985,2576,1531945851741606423,map,-49.4146652222,201.149169922,50.1212463379,-0.0233865551113,0.0696427157452,-0.0652034383951,-0.995164043163
1531945851995953601,2577,1531945851995538012,map,-45.3519554138,201.301315308,50.7054901123,-0.0233865551113,0.0696427157452,-0.0652034383951,-0.995164043163
1531945852259913692,2578,1531945852254430482,map,-41.6370582581,201.429595947,51.1634025574,-0.0420079159696,0.0456481118131,-0.054291454998,-0.996596218535
1531945852467452484,2579,1531945852466894716,map,-38.530166626,201.508514404,51.5121879578,-0.0420079159696,0.0456481118131,-0.054291454998,-0.996596218535
1531945852690990452,2580,1531945852690646161,map,-34.8050727844,201.544158936,51.8972892761,-0.0675298062016,0.0319697110951,-0.0375241756496,-0.996498669888
1531945852946224995,2581,1531945852944455964,map,-31.0817375183,201.519088745,52.2599258423,-0.0625302823623,0.0261022410195,-0.0258880865169,-0.997365752258
1531945853208085786,2582,1531945853206596599,map,-26.7299461365,201.434570312,52.6567230225,-0.0625302823623,0.0261022410195,-0.0258880865169,-0.997365752258
1531945853480640707,2583,1531945853478630473,map,-22.9594230652,201.36328125,52.8999252319,-0.0171769510033,0.00989040810217,-0.0233865292412,-0.999529990762
1531945853696092246,2584,1531945853693856849,map,-19.1829872131,201.309753418,53.0004692078,-0.0171769510033,0.00989040810217,-0.0233865292412,-0.999529990762
1531945853899983004,2585,1531945853897706179,map,-15.6451816559,201.269577026,52.9367713928,-0.0041086469108,-0.0241751365642,-0.0124257931432,-0.999622069313
1531945854140808150,2586,1531945854140273400,map,-12.0118494034,201.249557495,52.6938972473,-0.00937417825097,-0.0519790089347,-0.019837340588,-0.99840712504
1531945854385909277,2587,1531945854382727223,map,-7.88809490204,201.279067993,52.2152671814,-0.00855332651231,-0.09199326425,-0.0194265813301,-0.99553336854
1531945854649246064,2588,1531945854645686519,map,-2.71886014938,201.358016968,51.2495422363,-0.00855332651231,-0.09199326425,-0.0194265813301,-0.99553336854
1531945854844747593,2589,1531945854844312571,map,0.846573114395,201.390579224,50.4699897766,-0.0218308214903,-0.117276214928,0.00726417730505,-0.992832783692
1531945855114860683,2590,1531945855114181513,map,6.69145011902,201.429946899,49.3541107178,-0.0218308214903,-0.117276214928,0.00726417730505,-0.992832783692
1531945855349337121,2591,1531945855348445242,map,11.9866600037,201.504272461,48.7283630371,-0.00715775487532,-0.074511106743,-0.00105718007241,-0.997193934943
1531945855622184149,2592,1531945855621507156,map,17.9053077698,201.584228516,48.5338783264,-0.0198981349251,-0.0118760895463,0.015624405582,-0.999609374043
1531945855867447753,2593,1531945855866692162,map,23.7883148193,201.607696533,48.8232803345,-0.0198981349251,-0.0118760895463,0.015624405582,-0.999609374043
1531945856117698972,2594,1531945856117053001,map,29.5360603333,201.565139771,49.4813537598,-0.0300209933098,0.0475443736777,0.0167718007271,-0.998277005241
1531945856368843862,2595,1531945856368090545,map,34.2248382568,201.517532349,50.2749481201,-0.0300209933098,0.0475443736777,0.0167718007271,-0.998277005241
1531945856598318407,2596,1531945856596832325,map,39.1884880066,201.494659424,51.2668647766,0.0157215299569,0.0801095760544,0.0213992672846,-0.996432316156
1531945856841326476,2597,1531945856840777064,map,43.958820343,201.469848633,52.2189216614,-0.00952568728453,0.0826618079629,0.0328090692783,-0.99599189342
1531945857080640762,2598,1531945857079393290,map,48.9631958008,201.381744385,53.2190666199,-0.00952568728453,0.0826618079629,0.0328090692783,-0.99599189342
1531945857321505190,2599,1531945857320304813,map,53.4479980469,201.27154541,54.0912322998,-0.0224503581107,0.0649172508201,0.0123131589958,-0.997562087332
1531945857612859655,2600,1531945857610996115,map,58.5458488464,201.125061035,54.9606513977,-0.0224503581107,0.0649172508201,0.0123131589958,-0.997562087332
1531945857802574279,2601,1531945857801638571,map,62.1430587769,200.999633789,55.425327301,-0.0395935060344,0.0274523708474,0.0242334950062,-0.998544670676
1531945858047225496,2602,1531945858046587882,map,66.383895874,200.833862305,55.8507003784,-0.0395935060344,0.0274523708474,0.0242334950062,-0.998544670676
1531945858307859017,2603,1531945858304875425,map,70.997253418,200.682037354,56.1749801636,0.049508028175,-0.0346518146023,0.0442366189323,-0.997191721003
1531945858544108008,2604,1531945858543441996,map,75.2401809692,200.541381836,56.1148262024,0.049508028175,-0.0346518146023,0.0442366189323,-0.997191721003
1531945858812893044,2605,1531945858807398469,map,79.8212966919,200.341644287,55.8012580872,0.00864539803753,-0.068048249663,0.0532530829511,-0.996222265344
1531945859066264015,2606,1531945859064848175,map,84.159614563,200.144165039,55.2080764771,0.026419969652,-0.121324515875,-0.00243947146899,-0.992258230518
1531945859305272235,2607,1531945859304011349,map,88.9569168091,199.991394043,54.1026420593,0.026419969652,-0.121324515875,-0.00243947146899,-0.992258230518
1531945859563798612,2608,1531945859563182351,map,93.8477401733,199.822143555,52.3204421997,0.0487488068258,-0.169206118339,0.00522639114642,-0.98436046659
1531945859775784410,2609,1531945859773976128,map,97.7919692993,199.673522949,50.680847168,0.0487488068258,-0.169206118339,0.00522639114642,-0.98436046659
1531945860079210011,2610,1531945860075641373,map,103.827033997,199.543228149,48.9547576904,0.016369329038,-0.133394086437,0.00100368156345,-0.990927371402
1531945860262824460,2611,1531945860262270917,map,108.46446228,199.476043701,48.4254989624,0.0012705640928,-0.0617517316235,-0.010317059066,-0.998037407916
1531945860513667255,2612,1531945860512173938,map,114.580833435,199.481231689,48.2110748291,0.0012705640928,-0.0617517316235,-0.010317059066,-0.998037407916
1531945860741311747,2613,1531945860740829214,map,120.165802002,199.517196655,48.0584220886,-0.0139644982279,-0.00776635746901,0.0253035699038,-0.999552102609
1531945861013204626,2614,1531945861012679609,map,126.037521362,199.459594727,48.0889205933,-0.0139644982279,-0.00776635746901,0.0253035699038,-0.999552102609
1531945861252948683,2615,1531945861252159221,map,131.243865967,199.226043701,48.4622116089,-0.099459905888,0.0436489858277,0.023108442069,-0.993815120162
1531945861507562259,2616,1531945861506983297,map,136.253875732,198.818054199,49.0398406982,-0.099459905888,0.0436489858277,0.023108442069,-0.993815120162
1531945861742926286,2617,1531945861741917680,map,141.435348511,198.160247803,49.7098693848,-0.165489877403,0.0662095011962,0.0473541044859,-0.982846372134
1531945862036630570,2618,1531945862035698096,map,146.396026611,197.198257446,50.3413887024,-0.249462131582,0.0804309663917,0.0958626579201,-0.960265512954
1531945862259918307,2619,1531945862256156394,map,150.791702271,195.989242554,50.8398132324,-0.249462131582,0.0804309663917,0.0958626579201,-0.960265512954
1531945862486911643,2620,1531945862486389347,map,154.988449097,194.464157104,51.2360572815,-0.309850893744,0.0951638122586,0.130091855377,-0.937023148939
1531945862744106604,2621,1531945862742847350,map,159.019180298,192.625808716,51.4928741455,-0.309850893744,0.0951638122586,0.130091855377,-0.937023148939
1531945862970019618,2622,1531945862969157641,map,162.864135742,190.490615845,51.6021080017,-0.329493627824,0.099068409251,0.182106692471,-0.921117013234
1531945863241868060,2623,1531945863241195901,map,166.47718811,188.042541504,51.5886383057,-0.344114798598,0.109676249431,0.245162073179,-0.899695328192
1531945863465737481,2624,1531945863465054085,map,170.093139648,184.967102051,51.4663696289,-0.344114798598,0.109676249431,0.245162073179,-0.899695328192
1531945863720781790,2625,1531945863720239485,map,173.335723877,181.469497681,51.2531929016,-0.356857376523,0.13959747433,0.306266929092,-0.871416046517
1531945863981477740,2626,1531945863980371551,map,175.779403687,178.201385498,51.0230255127,-0.356857376523,0.13959747433,0.306266929092,-0.871416046517
1531945864210184432,2627,1531945864209521654,map,178.259536743,174.018371582,50.7064094543,-0.337944989086,0.157787379685,0.384908257009,-0.844240463879
1531945864469220651,2628,1531945864467998183,map,180.176803589,169.514694214,50.4893569946,-0.311089470774,0.176551672745,0.463878338174,-0.810475006029
1531945864725205918,2629,1531945864724619336,map,181.575912476,164.768615723,50.3415641785,-0.311089470774,0.176551672745,0.463878338174,-0.810475006029
1531945864987790797,2630,1531945864987216701,map,182.389816284,160.228103638,50.2862319946,-0.27679012853,0.187203044005,0.5642088872,-0.754990448065
1531945865173749910,2631,1531945865173355483,map,182.725067139,156.401229858,50.3202438354,-0.27679012853,0.187203044005,0.5642088872,-0.754990448065
1531945865429633721,2632,1531945865428636320,map,182.744049072,151.450195312,50.4776306152,-0.20894246952,0.177822837374,0.645797863401,-0.712507685969
1531945865658608253,2633,1531945865658112049,map,182.452926636,146.99041748,50.6918182373,-0.20894246952,0.177822837374,0.645797863401,-0.712507685969
1531945865900520122,2634,1531945865900115354,map,181.981689453,142.652542114,50.9429779053,0.111481288254,-0.135153259082,-0.70731652015,0.684842214858
1531945866126010569,2635,1531945866125004011,map,181.461975098,138.770339966,51.2046470642,0.0388104588779,-0.0741691546578,-0.737605440655,0.670023058331
1531945866388387284,2636,1531945866387727867,map,180.864013672,134.630126953,51.4837684631,0.0388104588779,-0.0741691546578,-0.737605440655,0.670023058331
1531945866634859206,2637,1531945866632991856,map,180.29006958,130.577606201,51.7412109375,-0.0248003295396,-0.00564296380036,-0.738739552232,0.673510931302
1531945866884282031,2638,1531945866883671245,map,179.747680664,126.203674316,51.929523468,-0.0248003295396,-0.00564296380036,-0.738739552232,0.673510931302
1531945867129160236,2639,1531945867128586844,map,179.347137451,122.152198792,51.9771156311,-0.0513753932533,0.058791579175,-0.736365942124,0.672063478004
1531945867396060987,2640,1531945867392575589,map,178.985122681,117.370483398,51.8299980164,-0.0466742808536,0.076364349141,-0.73547465274,0.671615241686
1531945867609917145,2641,1531945867606043146,map,178.756988525,113.509788513,51.5551567078,-0.0466742808536,0.076364349141,-0.73547465274,0.671615241686
1531945867875718365,2642,1531945867874922948,map,178.576339722,109.171653748,51.1105079651,-0.0294052095595,0.0959286302902,-0.71300592448,0.693942060404
1531945868123874478,2643,1531945868123100895,map,178.503173828,103.995254517,50.5537719727,-0.0294052095595,0.0959286302902,-0.71300592448,0.693942060404
1531945868353097671,2644,1531945868352558087,map,178.549194336,99.8172607422,50.131980896,-0.0261150263768,0.0858377556739,-0.701921787977,0.706580277577
1531945868556245100,2645,1531945868555400731,map,178.649993896,95.9437942505,49.797088623,-0.0261150263768,0.0858377556739,-0.701921787977,0.706580277577
1531945868831934724,2646,1531945868831451711,map,178.785522461,90.8985366821,49.4972839355,-0.00103801332204,-0.0249158857231,0.700339402779,-0.713374265082
1531945869058273573,2647,1531945869053821508,map,178.911697388,86.1904373169,49.3624076843,0.0159998547447,-0.0157682525241,0.690470245524,-0.723011899561
1531945869313650423,2648,1531945869313051483,map,179.093490601,81.1130828857,49.3279342651,0.0459283274724,-0.0260461931115,0.689522287554,-0.722337316997
1531945869539416200,2649,1531945869537719235,map,179.290176392,76.8605041504,49.3853607178,0.0459283274724,-0.0260461931115,0.689522287554,-0.722337316997
1531945869807132826,2650,1531945869805340327,map,179.605499268,71.4769515991,49.4723739624,0.0672135238773,-0.0347556132061,0.68606647523,-0.723593242868
1531945870093260939,2651,1531945870092555900,map,179.946090698,66.1250457764,49.5448188782,0.0101111668387,0.021182157973,0.679683547036,-0.733129835962
1531945870304047832,2652,1531945870302159160,map,180.150924683,62.3259925842,49.5663146973,0.0101111668387,0.021182157973,0.679683547036,-0.733129835962
1531945870554731640,2653,1531945870553532255,map,180.34085083,57.341594696,49.4892921448,-0.0268012052761,0.0484037546093,0.672846463323,-0.737710247136
1531945870819571957,2654,1531945870818989825,map,180.455932617,52.3356437683,49.365398407,-0.0321031085731,0.0478223679054,0.669331869624,-0.740727520653
1531945871127786838,2655,1531945871125949454,map,180.515335083,46.0930137634,49.1830787659,-0.0321031085731,0.0478223679054,0.669331869624,-0.740727520653
1531945871277175287,2656,1531945871275932458,map,180.514846802,43.7422676086,49.1087379456,-0.0371538769315,0.0444194130995,0.68869379979,-0.72273602048
1531945871511433061,2657,1531945871510591382,map,180.462890625,38.6412620544,48.9485702515,-0.0371538769315,0.0444194130995,0.68869379979,-0.72273602048
1531945871743878327,2658,1531945871742877020,map,180.355789185,33.9490089417,48.8011856079,-0.02709049465,0.0419834795087,0.70263339875,-0.709795604036
1531945872011266893,2659,1531945872010430400,map,180.182785034,28.8332462311,48.6700973511,-0.02709049465,0.0419834795087,0.70263339875,-0.709795604036
1531945872257721879,2660,1531945872256986073,map,179.993438721,24.1688137054,48.6210517883,-0.00260132828861,-0.0277399934703,-0.707246111018,0.706418193639
1531945872490390354,2661,1531945872489604253,map,179.804214478,19.4673023224,48.56690979,-0.00260132828861,-0.0277399934703,-0.707246111018,0.706418193639
1531945872723090461,2662,1531945872722476346,map,179.614517212,14.820567131,48.5348472595,-0.013456435594,-0.0225043284995,-0.710583566114,0.703124082299
1531945872977565636,2663,1531945872976897607,map,179.426742554,10.1659479141,48.5663566589,-0.013456435594,-0.0225043284995,-0.710583566114,0.703124082299
1531945873264014990,2664,1531945873262889208,map,179.203033447,4.73512601852,48.6507148743,0.00947582225676,0.031777634269,0.705301475306,-0.708131498864
1531945873487776616,2665,1531945873486560262,map,178.981781006,0.112118124962,48.5782814026,0.00947582225676,0.031777634269,0.705301475306,-0.708131498864
1531945873775094061,2666,1531945873773979132,map,178.593215942,-5.29595375061,48.3658714294,0.0580862001699,-0.0934559750947,-0.716422582142,0.688934436551
1531945873974015741,2667,1531945873972796250,map,178.160842896,-9.14782333374,48.1645622253,0.0580862001699,-0.0934559750947,-0.716422582142,0.688934436551
1531945874245987473,2668,1531945874245490822,map,177.332580566,-14.1779689789,47.9080619812,0.130531552256,-0.183444780576,-0.716760829192,0.65997230251
1531945874466474874,2669,1531945874465608062,map,176.378158569,-18.4109954834,47.6804924011,0.154037744541,-0.218183715224,-0.739225401108,0.618234620532
1531945874737941503,2670,1531945874737403583,map,174.74798584,-23.6966552734,47.4324569702,0.162674828021,-0.24435665501,-0.766659472082,0.571016619152
1531945874972354134,2671,1531945874971650280,map,172.897842407,-28.0970840454,47.3183021545,0.162674828021,-0.24435665501,-0.766659472082,0.571016619152
1531945875248282752,2672,1531945875247298797,map,170.404327393,-32.602558136,47.2573051453,0.161334733551,-0.299033443125,-0.800979475469,0.492932027281
1531945875454952460,2673,1531945875454276139,map,167.916000366,-36.1670913696,47.2689399719,0.161334733551,-0.299033443125,-0.800979475469,0.492932027281
1531945875716552999,2674,1531945875713091357,map,164.907485962,-39.7872200012,47.2683296204,0.134127790672,-0.310852926127,-0.839829970827,0.424341624389
1531945875950456653,2675,1531945875948714483,map,161.671295166,-43.0125923157,47.2402000427,0.126580026506,-0.343526334338,-0.862319369788,0.349817751113
1531945876231263810,2676,1531945876230619184,map,157.13923645,-46.426448822,47.242641449,0.105293136795,-0.369450145411,-0.874101502908,0.297265046741
1531945876458979920,2677,1531945876457968945,map,153.551773071,-48.4225502014,47.2797851563,0.105293136795,-0.369450145411,-0.874101502908,0.297265046741
1531945876675343636,2678,1531945876673134140,map,150.139480591,-49.9003944397,47.3163375854,0.065696787172,-0.365008206678,-0.902639135738,0.218393067304
1531945876936749907,2679,1531945876935703267,map,145.612380981,-51.3654022217,47.3498916626,0.065696787172,-0.365008206678,-0.902639135738,0.218393067304
1531945877130899339,2680,1531945877129858493,map,142.067230225,-52.1465644836,47.3340492249,0.0353467139276,-0.34716434273,-0.930650975457,0.11007402433
1531945877378832625,2681,1531945877378218062,map,137.504928589,-52.7000083923,47.2781639099,-0.00149194468945,-0.326206438198,-0.944556096735,0.0374287843633
1531945877640570446,2682,1531945877639285004,map,133.342956543,-52.7724952698,47.2907485962,-0.00149194468945,-0.326206438198,-0.944556096735,0.0374287843633
1531945877874102084,2683,1531945877873421953,map,128.920013428,-52.4520378113,47.4408531189,-0.0324615814763,-0.243188266934,-0.968665511354,-0.0386372833799
1531945878143204935,2684,1531945878142503930,map,124.643783569,-51.8307533264,47.7689704895,-0.0481133201024,-0.153072941145,-0.980054223346,-0.117249743795
1531945878366448075,2685,1531945878365381713,map,120.828773499,-51.0705337524,48.2104568481,-0.0481133201024,-0.153072941145,-0.980054223346,-0.117249743795
1531945878676883945,2686,1531945878676156624,map,116.307319641,-49.9821891785,48.8702278137,-0.0633660499377,-0.0923101400329,-0.979902857404,-0.165087770029
1531945878905334836,2687,1531945878904374989,map,113.138366699,-49.1746253967,49.3876991272,-0.0624163883891,-0.00992467755585,-0.982582066032,-0.174751763218
1531945879119627233,2688,1531945879119133911,map,110.048217773,-48.3989601135,49.9559898376,-0.0624163883891,-0.00992467755585,-0.982582066032,-0.174751763218
1531945879373887682,2689,1531945879373524374,map,106.462799072,-47.5748519897,50.6917762756,-0.0456420357234,0.0773514740592,-0.978944120435,-0.183308382517
1531945879638916536,2690,1531945879634003773,map,103.22908783,-46.9720077515,51.39427948,-0.0456420357234,0.0773514740592,-0.978944120435,-0.183308382517
1531945879882095023,2691,1531945879881448572,map,99.7668457031,-46.4894447327,52.1798591614,-0.0195234280933,0.139511930697,-0.978542250053,-0.150367289694
1531945880104352639,2692,1531945880103854899,map,96.8904571533,-46.2391014099,52.8445587158,-0.0195234280933,0.139511930697,-0.978542250053,-0.150367289694
1531945880362000103,2693,1531945880360772512,map,93.5745391846,-46.150806427,53.5692672729,-0.00929388434714,0.153585606544,-0.9848700089,-0.0797254711155
1531945880654490403,2694,1531945880653672415,map,90.0690460205,-46.2905960083,54.2486495972,-0.00929388434714,0.153585606544,-0.9848700089,-0.0797254711155
1531945880882230236,2695,1531945880879738142,map,87.3702011108,-46.5628318787,54.7325630188,-0.00720883611564,0.147271952721,-0.988779931185,-0.0239426880029
1531945881083786286,2696,1531945881080111070,map,84.7507095337,-46.9540290833,55.1780166626,-0.00598338175607,0.121685733516,-0.992500448085,-0.00998208155505
1531945881384297864,2697,1531945881383561995,map,81.240852356,-47.6090736389,55.689365387,-0.00598338175607,0.121685733516,-0.992500448085,-0.00998208155505
1531945881572752369,2698,1531945881568816934,map,78.9429550171,-48.0648155212,55.9719047546,0.00429463128492,0.0347843890365,-0.999385454073,0.000562679351533
1531945881829567246,2699,1531945881828703252,map,76.2204742432,-48.5981445313,56.2611579895,0.00429463128492,0.0347843890365,-0.999385454073,0.000562679351533
1531945882078151914,2700,1531945882072700335,map,73.491645813,-49.1159172058,56.4720153809,0.0187627371096,-0.00992445433949,-0.999502892195,0.0233116579551
1531945882319988772,2701,1531945882316079621,map,70.5305938721,-49.6513748169,56.6326217651,0.0319085055974,-0.0179815730368,-0.998721116991,0.0348516969178
1531945882540184706,2702,1531945882539272785,map,68.2313308716,-50.0512390137,56.6880264282,0.0319085055974,-0.0179815730368,-0.998721116991,0.0348516969178
1531945882772556529,2703,1531945882771920419,map,65.243560791,-50.5291290283,56.6763000488,0.0451027831745,-0.0281546497209,-0.998316628695,0.0231724733458
1531945883017108436,2704,1531945883016514746,map,62.4427375793,-50.924495697,56.6352157593,0.0515639674235,-0.0617752600168,-0.996754364391,-0.00238989142841
1531945883282845978,2705,1531945883278649171,map,59.6155586243,-51.2514038086,56.5332717896,0.0515639674235,-0.0617752600168,-0.996754364391,-0.00238989142841
1531945883509082506,2706,1531945883508606408,map,56.5236091614,-51.5475234985,56.3677787781,0.0527410096088,-0.0406016825763,-0.997502257956,-0.0236460282282
1531945883773933612,2707,1531945883773218553,map,53.3734130859,-51.8156814575,56.195930481,0.0527410096088,-0.0406016825763,-0.997502257956,-0.0236460282282
1531945883998523023,2708,1531945883997673884,map,50.9432907104,-51.992729187,56.0811271667,0.0487010675458,-0.0261921058858,-0.997379154048,-0.0466583612971
1531945884209084977,2709,1531945884208657671,map,48.2311592102,-52.1509208679,55.9720039368,0.0436826526524,-0.0363638184577,-0.997268967679,-0.0471604142168
1531945884492064749,2710,1531945884490892289,map,44.5421180725,-52.3181304932,55.8428649902,0.0436826526524,-0.0363638184577,-0.997268967679,-0.0471604142168
1531945884709012326,2711,1531945884708300660,map,42.0833473206,-52.4027709961,55.7535095215,0.0373101340381,-0.0327328831216,-0.997896194392,-0.0417096808736
1531945884955936301,2712,1531945884954910599,map,39.1338272095,-52.4603042603,55.631401062,0.0373101340381,-0.0327328831216,-0.997896194392,-0.0417096808736
1531945885176869353,2713,1531945885176189447,map,36.1627540588,-52.4633178711,55.4832267761,0.0329438096087,-0.0596050275342,-0.997008641935,-0.036547421356
1531945885491899180,2714,1531945885490203655,map,32.7310523987,-52.4007415771,55.22473526,0.0338394152483,-0.0656901456635,-0.996538630786,-0.0380848538187
1531945885675842072,2715,1531945885674155832,map,30.047208786,-52.318901062,54.9165306091,0.0373737190208,-0.0628653568725,-0.996162502702,-0.0480772320507
1531945885900704252,2716,1531945885893847559,map,27.6174755096,-52.2211151123,54.5715713501,0.0373737190208,-0.0628653568725,-0.996162502702,-0.0480772320507
1531945886135410303,2717,1531945886134896972,map,24.4433269501,-52.0670051575,54.0584564209,0.0373737190208,-0.0628653568725,-0.996162502702,-0.0480772320507
1531945886354462174,2718,1531945886353956686,map,21.7375679016,-51.925151825,53.5547904968,0.0438581384425,-0.027519408124,-0.993961791549,-0.0967424560886
1531945886609384249,2719,1531945886606749335,map,18.7870330811,-51.7644844055,52.9198989868,0.0417008185361,-0.0160846462185,-0.990506099335,-0.129999973346
1531945886847589144,2720,1531945886844780195,map,15.8192052841,-51.606678009,52.2403030396,0.0417008185361,-0.0160846462185,-0.990506099335,-0.129999973346
1531945887113209959,2721,1531945887111731433,map,12.5587282181,-51.424949646,51.5953025818,0.0252475137227,0.0194718355526,-0.98902471566,-0.144268924182
1531945887377473042,2722,1531945887376876695,map,9.21051502228,-51.2284431458,51.10546875,0.0121397121851,-0.00256454521014,-0.992675290918,-0.120174112426
1531945887607220516,2723,1531945887601376847,map,6.13891458511,-51.0770988464,50.7515449524,0.0121397121851,-0.00256454521014,-0.992675290918,-0.120174112426
1531945887872909459,2724,1531945887872216938,map,2.79751634598,-50.9935264587,50.4385299683,-0.00582850746538,0.0241577909214,-0.996504113116,-0.0797620347065
1531945888092599457,2725,1531945888091006989,map,-0.0249114632607,-50.9890823364,50.267124176,-0.00582850746538,0.0241577909214,-0.996504113116,-0.0797620347065
1531945888355582573,2726,1531945888351260618,map,-3.30475234985,-51.004486084,50.0501441956,-0.0313975916317,-0.010334028397,-0.995701946275,-0.0865160868284
1531945888586838634,2727,1531945888585917685,map,-6.28667068481,-50.9922981262,49.7333755493,-0.0418450714537,-0.0656228023063,-0.991815439958,-0.101216455543
1531945888866299808,2728,1531945888865491489,map,-9.22766494751,-50.9342002869,49.3803749084,-0.0418450714537,-0.0656228023063,-0.991815439958,-0.101216455543
1531945889086154268,2729,1531945889085539545,map,-12.4107923508,-50.8569297791,49.1033363342,-0.0384110135357,-0.0201746963785,-0.991131045569,-0.125605836545
1531945889319055911,2730,1531945889318333136,map,-15.3869352341,-50.7801780701,48.9480056763,-0.0378523230946,-0.0110538843106,-0.988189730203,-0.148074543386
1531945889589783533,2731,1531945889589256787,map,-18.6134109497,-50.6766777039,48.8739547729,-0.0484343888509,-0.00533511549914,-0.987142425297,-0.152234945718
1531945889818369496,2732,1531945889817564314,map,-21.567489624,-50.5768051147,48.9712791443,-0.0484343888509,-0.00533511549914,-0.987142425297,-0.152234945718
1531945890092263996,2733,1531945890091211945,map,-24.744972229,-50.5030670166,49.19972229,-0.0569880752304,0.0195811693118,-0.989131693589,-0.134117224205
1531945890295584243,2734,1531945890294791419,map,-27.1581363678,-50.4914169312,49.4060707092,-0.0569880752304,0.0195811693118,-0.989131693589,-0.134117224205
1531945890534229443,2735,1531945890530454212,map,-30.2351264954,-50.5303955078,49.6034812927,-0.0502242026487,0.0220556291888,-0.989727489904,-0.13202490075
1531945890757894831,2736,1531945890755046568,map,-32.8198814392,-50.5882949829,49.5932846069,-0.0502242026487,0.0220556291888,-0.989727489904,-0.13202490075
1531945891019849747,2737,1531945891017843163,map,-35.5915107727,-50.6534957886,49.4449386597,-0.0376212897151,-0.00199213209754,-0.98962019252,-0.138681449832
1531945891269982125,2738,1531945891269256789,map,-38.6071472168,-50.7359657288,49.1902389526,-0.0295134905238,-0.00506604032815,-0.990198430377,-0.136419784457
1531945891502323726,2739,1531945891501738680,map,-41.4528617859,-50.8212852478,48.9444465637,-0.0214722184452,0.00101316659411,-0.990401586583,-0.136537960371
1531945891796704395,2740,1531945891793922403,map,-44.8473014832,-50.9283790588,48.6964263916,-0.0214722184452,0.00101316659411,-0.990401586583,-0.136537960371
1531945892022789875,2741,1531945892022232299,map,-47.7975921631,-51.0349617004,48.5389671326,-0.019477569857,0.00254323405513,-0.991142239248,-0.131343891412
1531945892270487626,2742,1531945892269769590,map,-50.7831039429,-51.1579627991,48.3798332214,-0.019477569857,0.00254323405513,-0.991142239248,-0.131343891412
1531945892515286082,2743,1531945892513711414,map,-54.0229530334,-51.2715835571,48.137840271,-0.0258740302714,-0.0349699765049,-0.990637803081,-0.129400071127
1531945892765530097,2744,1531945892764869143,map,-57.0149345398,-51.334651947,47.8012695312,-0.0258740302714,-0.0349699765049,-0.990637803081,-0.129400071127
1531945893035523194,2745,1531945893034957614,map,-60.5212249756,-51.3584403992,47.3644218445,-0.0271954884674,-0.0318984395688,-0.991171261359,-0.125787223581
1531945893282308096,2746,1531945893281014618,map,-63.3334960938,-51.3615074158,47.065574646,-0.0348128128579,-0.00780189886111,-0.992351783007,-0.118174181607
1531945893520753041,2747,1531945893519851749,map,-66.6988754272,-51.3689994812,46.7741699219,-0.0348128128579,-0.00780189886111,-0.992351783007,-0.118174181607
1531945893758627379,2748,1531945893757778720,map,-69.8514709473,-51.3841819763,46.5745162964,-0.0499276741158,-0.00792258013647,-0.993727561429,-0.0997496553278
1531945893933800639,2749,1531945893933352202,map,-72.2195510864,-51.4064559937,46.4731063843,-0.0499276741158,-0.00792258013647,-0.993727561429,-0.0997496553278
1531945894168023452,2750,1531945894167608663,map,-75.0942459106,-51.4415664673,46.4022903442,-0.0628325829546,-0.00770055594857,-0.993889555449,-0.0904230033103
1531945894439386736,2751,1531945894437919672,map,-78.4959259033,-51.5086555481,46.3713607788,-0.0686134425625,0.00464437947036,-0.994502614389,-0.0789631256568
1531945894695967549,2752,1531945894695157469,map,-81.8874740601,-51.5962982178,46.3429946899,-0.0686134425625,0.00464437947036,-0.994502614389,-0.0789631256568
1531945894928572699,2753,1531945894927849956,map,-85.0072174072,-51.6437530518,46.3229522705,-0.0725779251462,-0.0279640913911,-0.99406122545,-0.0761100153149
1531945895199413879,2754,1531945895197198492,map,-88.3829040527,-51.7047042847,46.242805481,-0.0725779251462,-0.0279640913911,-0.99406122545,-0.0761100153149
1531945895420867786,2755,1531945895420435773,map,-91.5550918579,-51.8007736206,46.1365509033,-0.0593767987711,0.00301102824108,-0.996550018582,-0.057908461732
1531945895727480979,2756,1531945895725951069,map,-95.5752792358,-51.8985595703,45.9546852112,-0.0573638817026,-0.0214334755669,-0.995576912101,-0.0712502862603
1531945895918792008,2757,1531945895917402677,map,-98.2542190552,-51.9465751648,45.7667579651,-0.0573638817026,-0.0214334755669,-0.995576912101,-0.0712502862603
1531945896162384899,2758,1531945896161512197,map,-101.514671326,-52.0029411316,45.4728660583,-0.0651201258022,-0.0177461237108,-0.996199126735,-0.0550612767766
1531945896418319262,2759,1531945896417678990,map,-105.084602356,-52.085105896,45.1517181396,-0.0651201258022,-0.0177461237108,-0.996199126735,-0.0550612767766
1531945896710335513,2760,1531945896708237398,map,-109.008163452,-52.2175598145,44.9177780151,-0.0671698721884,0.00964210083399,-0.996621104288,-0.0462775609708
1531945896937454764,2761,1531945896936130872,map,-112.126953125,-52.3462219238,44.8652992249,-0.0671698721884,0.00964210083399,-0.996621104288,-0.0462775609708
1531945897166299954,2762,1531945897165764948,map,-115.524246216,-52.5148849487,44.9119873047,-0.0855925091416,-0.00631969847594,-0.995680615038,-0.0354132267389
1531945897431174399,2763,1531945897429314092,map,-119.231292725,-52.7339401245,44.9414100647,-0.0842367635812,-0.0299858468755,-0.994853211503,-0.0476665942797
1531945897666781517,2764,1531945897665088426,map,-122.667205811,-52.8987197876,44.9736022949,-0.0842367635812,-0.0299858468755,-0.994853211503,-0.0476665942797
1531945897924439450,2765,1531945897924074253,map,-126.375389099,-52.9552192688,45.1283493042,-0.0931688126696,-0.0774775949007,-0.990201289245,-0.0694132653812
1531945898161282579,2766,1531945898160370338,map,-129.804214478,-52.8860206604,45.3787956238,-0.0931688126696,-0.0774775949007,-0.990201289245,-0.0694132653812
1531945898412321947,2767,1531945898409827772,map,-133.225906372,-52.7307929993,45.6760253906,-0.107059028079,-0.0872090595843,-0.988914242725,-0.0546037083874
1531945898615151145,2768,1531945898614686637,map,-136.066101074,-52.5684089661,45.9234580994,-0.107059028079,-0.0872090595843,-0.988914242725,-0.0546037083874
1531945898863952620,2769,1531945898863207306,map,-139.807052612,-52.3471412659,46.1803627014,-0.0930774168486,-0.0335918547778,-0.99209948131,-0.0771155039483
1531945899120312305,2770,1531945899119050842,map,-143.294677734,-52.1714820862,46.3329315186,-0.0930774168486,-0.0335918547778,-0.99209948131,-0.0771155039483
1531945899348100769,2771,1531945899347608664,map,-146.799957275,-52.0238456726,46.4799156189,-0.0714646054647,0.0139649210023,-0.991759074088,-0.105412191477
1531945899597064817,2772,1531945899596287360,map,-150.64364624,-51.8816947937,46.5580253601,-0.0672484809281,0.00908129939712,-0.99303475613,-0.0963179367048
1531945899885846477,2773,1531945899884733597,map,-154.547927856,-51.7627716064,46.5346755981,-0.0672484809281,0.00908129939712,-0.99303475613,-0.0963179367048
1531945900082002589,2774,1531945900081419240,map,-157.849884033,-51.6676750183,46.5502243042,-0.0716767438484,-0.00898598704504,-0.99318041847,-0.0915114899658
1531945900325551043,2775,1531945900324465920,map,-161.466842651,-51.5369300842,46.6733055115,-0.0716767438484,-0.00898598704504,-0.99318041847,-0.0915114899658
1531945900560079442,2776,1531945900559493884,map,-164.773452759,-51.3916282654,46.8651618958,-0.086134613812,-0.0261370888934,-0.992800849072,-0.0790199656436
1531945900818468890,2777,1531945900817862650,map,-168.949035645,-51.1729164124,47.1456108093,-0.0926101866228,-0.0472749556953,-0.992058523708,-0.0707694668363
1531945901059999170,2778,1531945901059425586,map,-172.205291748,-50.9453964233,47.367603302,-0.0926101866228,-0.0472749556953,-0.992058523708,-0.0707694668363
1531945901327905838,2779,1531945901325679918,map,-175.995391846,-50.5403175354,47.6700706482,-0.0971028197052,-0.101787338762,-0.985964168,-0.0899168476574
1531945901570912019,2780,1531945901569617901,map,-179.728485107,-49.9300613403,48.0221595764,-0.0998258879506,-0.14548231328,-0.978204873749,-0.109475630126
1531945901782191434,2781,1531945901780619072,map,-182.857208252,-49.2367362976,48.319519043,-0.0998258879506,-0.14548231328,-0.978204873749,-0.109475630126
1531945901993103635,2782,1531945901992739462,map,-185.668182373,-48.4760932922,48.5534934998,-0.10173736497,-0.186550844519,-0.968863761251,-0.127087777197
1531945902261846828,2783,1531945902261336730,map,-189.553588867,-47.2088088989,48.8373565674,-0.10173736497,-0.186550844519,-0.968863761251,-0.127087777197
1531945902481960226,2784,1531945902481537338,map,-192.59425354,-46.0411262512,49.0079307556,-0.0880582856015,-0.198883323675,-0.959185520899,-0.180705003801
1531945902776750370,2785,1531945902776175729,map,-196.407592773,-44.3054122925,49.1290473938,-0.0880582856015,-0.198883323675,-0.959185520899,-0.180705003801
1531945902995359599,2786,1531945902994945546,map,-199.327407837,-42.7438430786,49.1257362366,-0.0971356113899,-0.241958330811,-0.93335718828,-0.246708731581
1531945903186422286,2787,1531945903185909178,map,-201.938781738,-41.1468734741,49.0478591919,-0.0971356113899,-0.241958330811,-0.93335718828,-0.246708731581
1531945903461217310,2788,1531945903460337724,map,-205.22694397,-38.79246521,48.866191864,-0.112093235301,-0.25616441882,-0.912144164863,-0.299679695068
1531945903666603337,2789,1531945903665909920,map,-207.603271484,-36.7820510864,48.6918449402,-0.112093235301,-0.25616441882,-0.912144164863,-0.299679695068
1531945903922931167,2790,1531945903922243416,map,-210.293289185,-34.0972099304,48.4708824158,-0.152153589753,-0.268847790884,-0.878723016197,-0.36389010878
1531945904148559438,2791,1531945904143288105,map,-212.919509888,-30.876203537,48.3442459106,-0.164957658021,-0.240192564518,-0.861296462859,-0.416251013305
1531945904407800906,2792,1531945904407328138,map,-215.235870361,-27.3888130188,48.2743835449,-0.164957658021,-0.240192564518,-0.861296462859,-0.416251013305
1531945904671425222,2793,1531945904670344805,map,-217.228408813,-23.6714859009,48.2841415405,-0.18629375075,-0.227134070289,-0.815962650672,-0.49790531756
1531945904863781707,2794,1531945904862974636,map,-218.382980347,-20.9932231903,48.3233299255,-0.18629375075,-0.227134070289,-0.815962650672,-0.49790531756
1531945905109034458,2795,1531945905108345107,map,-219.743804932,-17.0140380859,48.3815307617,-0.198617245479,-0.205867486544,-0.77772380222,-0.559745884525
1531945905357088730,2796,1531945905346485395,map,-220.656677246,-13.2899608612,48.4846343994,-0.198617245479,-0.205867486544,-0.77772380222,-0.559745884525
1531945905577238626,2797,1531945905576631202,map,-221.192382812,-9.83461093903,48.6719284058,-0.213016571771,-0.154226936654,-0.72769306525,-0.633483066031
1531945905876387477,2798,1531945905875552553,map,-221.481689453,-5.45797872543,49.0547828674,-0.214680422201,-0.110504791685,-0.700473638118,-0.671593396066
1531945906068408475,2799,1531945906063608213,map,-221.466567993,-2.3980615139,49.3976211548,-0.214680422201,-0.110504791685,-0.700473638118,-0.671593396066
1531945906377479602,2800,1531945906376627646,map,-221.175796509,2.41481161118,50.0770797729,-0.180378697944,-0.0498055787364,-0.681541705828,-0.707448819967
1531945906562509122,2801,1531945906561794383,map,-220.904556274,5.32442092896,50.5293655396,-0.125364586205,-0.00581257340746,-0.653311307819,-0.746615208519
1531945906791684325,2802,1531945906790264931,map,-220.592025757,8.1799621582,50.9623641968,-0.125364586205,-0.00581257340746,-0.653311307819,-0.746615208519
1531945907063485897,2803,1531945907061967736,map,-220.11177063,12.1100349426,51.5318450928,-0.0545143398705,0.0423055163355,-0.63049509765,-0.773119888423
1531945907313886978,2804,1531945907312894315,map,-219.706832886,15.4009094238,51.9586906433,-0.0545143398705,0.0423055163355,-0.63049509765,-0.773119888423
1531945907531103771,2805,1531945907526717497,map,-219.352340698,18.3821773529,52.282661438,-0.0205159167695,0.0562490938967,-0.635946242198,-0.76940724823
1531945907782321080,2806,1531945907774693877,map,-218.970733643,21.8914165497,52.5858230591,-0.0205159167695,0.0562490938967,-0.635946242198,-0.76940724823
1531945908029693844,2807,1531945908029026904,map,-218.676879883,25.3862781525,52.7727050781,0.020120026778,0.0736300604425,-0.657781750025,-0.749331013676
1531945908300838945,2808,1531945908299837990,map,-218.524734497,28.8696975708,52.8578491211,0.0567464429708,0.0836842468385,-0.6668005079,-0.738345360049
1531945908526920743,2809,1531945908526165761,map,-218.505783081,32.1274681091,52.87342453,0.0567464429708,0.0836842468385,-0.6668005079,-0.738345360049
1531945908830391645,2810,1531945908829440090,map,-218.623062134,36.1690711975,52.7789421082,0.0635217922253,0.0704631035092,-0.676930519355,-0.729907531762
1531945909021950344,2811,1531945909021327840,map,-218.777877808,38.9033355713,52.6659049988,0.0635217922253,0.0704631035092,-0.676930519355,-0.729907531762
1531945909275791810,2812,1531945909274232254,map,-219.026550293,42.1659660339,52.5404968262,0.0428497232543,0.0426299724841,-0.697720894739,-0.71381519997
1531945909534595406,2813,1531945909533518831,map,-219.33833313,45.7409896851,52.4187164307,0.0428497232543,0.0426299724841,-0.697720894739,-0.71381519997
1531945909766917029,2814,1531945909765501286,map,-219.624511719,49.031955719,52.2142448425,0.00077273953543,0.00238178398436,-0.725671639148,-0.688036628469
1531945910034348656,2815,1531945910033815539,map,-219.952224731,52.646396637,52.0032157898,0.00077273953543,0.00238178398436,-0.725671639148,-0.688036628469
1531945910288100415,2816,1531945910287151549,map,-220.252487183,55.9764862061,51.8425712585,-0.0137722789543,-0.0103499314853,-0.74015647301,-0.672213953077
1531945910590460134,2817,1531945910588644745,map,-220.625717163,60.4535751343,51.5561714172,-0.0137722789543,-0.0103499314853,-0.74015647301,-0.672213953077
1531945910763079062,2818,1531945910761570954,map,-220.781509399,62.7102813721,51.4011039734,-0.036294783513,-0.0429397629811,-0.720978076811,-0.690673206519
1531945911052975427,2819,1531945911052029570,map,-220.947662354,66.7090530396,51.2624664307,-0.0515605847819,-0.0447425209583,-0.710939485065,-0.699931897752
1531945911279112452,2820,1531945911277961954,map,-220.962463379,70.1377563477,51.2713127136,-0.0515605847819,-0.0447425209583,-0.710939485065,-0.699931897752
1531945911542890120,2821,1531945911542267233,map,-220.883026123,74.1589584351,51.4652481079,-0.0670803441059,-0.030973164896,-0.722948190882,-0.686940174827
1531945911797007813,2822,1531945911796399685,map,-220.783813477,77.5799713135,51.7608909607,-0.0556745723732,-0.00506402586895,-0.723013445154,-0.688568265141
1531945912076438605,2823,1531945912072199954,map,-220.671463013,81.5004043579,52.1475334167,-0.0556745723732,-0.00506402586895,-0.723013445154,-0.688568265141
1531945912280530066,2824,1531945912279986128,map,-220.596084595,84.2761917114,52.399017334,-0.0258843975251,0.0117218971195,-0.695912500119,-0.717564204285
1531945912552852525,2825,1531945912551579152,map,-220.50843811,88.1138000488,52.5626068115,-0.0258843975251,0.0117218971195,-0.695912500119,-0.717564204285
1531945912744164514,2826,1531945912743797396,map,-220.461730957,90.5391845703,52.4932975769,0.00852736099078,0.0310533643521,-0.685453687525,-0.727403749602
1531945912987431747,2827,1531945912986458421,map,-220.413406372,94.0492324829,52.2039871216,0.00567888421864,0.0179775966222,-0.691391372193,-0.722234398759
1531945913221726658,2828,1531945913220697370,map,-220.409988403,97.0293197632,51.865272522,0.00567888421864,0.0179775966222,-0.691391372193,-0.722234398759
1531945913469293563,2829,1531945913467773386,map,-220.455932617,100.299041748,51.4769821167,0.0127296829751,0.0174641680996,-0.691129250508,-0.722407999054
1531945913722464759,2830,1531945913721785077,map,-220.520767212,103.911529541,51.0447120667,0.0127296829751,0.0174641680996,-0.691129250508,-0.722407999054
1531945913958037685,2831,1531945913957188098,map,-220.542434692,107.28754425,50.643371582,-0.0342138372464,-0.0239792456606,-0.692499121096,-0.720207870271
1531945914215041131,2832,1531945914214431786,map,-220.522598267,110.967926025,50.2053031921,-0.0429550468436,-0.0279099898332,-0.696402321602,-0.715820999193
1531945914430935440,2833,1531945914430307494,map,-220.490066528,113.849761963,50.0014457703,-0.0429550468436,-0.0279099898332,-0.696402321602,-0.715820999193
1531945914715056041,2834,1531945914708855531,map,-220.48109436,117.928039551,49.8932342529,-0.00239714978137,0.0208901680945,-0.695772464015,-0.717954408628
1531945914930868103,2835,1531945914929174275,map,-220.51159668,121.112960815,49.7657966614,-0.0121103572151,0.0186995420822,-0.701185505923,-0.712630726715
1531945915198313752,2836,1531945915196455366,map,-220.585479736,124.863800049,49.6765899658,-0.0157543754099,0.0349600385935,-0.704177663153,-0.708987597969
1531945915434183331,2837,1531945915433705344,map,-220.696502686,128.303085327,49.7503089905,-0.0157543754099,0.0349600385935,-0.704177663153,-0.708987597969
1531945915688803790,2838,1531945915687196052,map,-220.840820312,132.248077393,49.9084587097,-0.0426672045688,0.0210236712262,-0.706944716081,-0.705667544462
1531945915933323970,2839,1531945915930455537,map,-220.961898804,135.598571777,50.0585098267,-0.0426672045688,0.0210236712262,-0.706944716081,-0.705667544462
1531945916168533651,2840,1531945916167505612,map,-221.077209473,138.889190674,50.1788597107,-0.0461138444853,0.0172574332214,-0.699509598017,-0.71292497265
1531945916455049885,2841,1531945916454339372,map,-221.20539856,142.675949097,50.1718482971,-0.0461138444853,0.0172574332214,-0.699509598017,-0.71292497265
1531945916700159176,2842,1531945916699112311,map,-221.270217896,145.889328003,50.081741333,-0.0523762052847,0.00507269473903,-0.684261134265,-0.727336030334
1531945916919986999,2843,1531945916919132930,map,-221.266403198,148.839859009,50.0053329468,-0.0523762052847,0.00507269473903,-0.684261134265,-0.727336030334
1531945917155658500,2844,1531945917154264494,map,-221.172302246,152.048294067,49.9149017334,-0.101861625876,-0.0372603018665,-0.684798130219,-0.72061598645
1531945917440312409,2845,1531945917439698006,map,-220.943847656,155.554534912,49.7569618225,-0.136167199627,-0.0772423350173,-0.675258596608,-0.720775931294
1531945917700461764,2846,1531945917699710048,map,-220.531723022,159.338134766,49.3896217346,-0.149082369655,-0.110497086286,-0.633909365925,-0.750815394603
1531945917913580036,2847,1531945917912595985,map,-220.05291748,162.307281494,48.9905166626,-0.149082369655,-0.110497086286,-0.633909365925,-0.750815394603
1531945918135773398,2848,1531945918134881327,map,-219.391326904,165.294448853,48.5075721741,-0.175723151308,-0.126027367365,-0.585179881861,-0.781538855486
1531945918347165571,2849,1531945918345927127,map,-218.509994507,168.276733398,47.9968605042,-0.175723151308,-0.126027367365,-0.585179881861,-0.781538855486
1531945918598410669,2850,1531945918597865418,map,-217.238037109,171.482345581,47.5480232239,-0.220977259702,-0.110223511086,-0.53926081446,-0.805119619862
1531945918803333212,2851,1531945918802595774,map,-215.752075195,174.356643677,47.3158912659,-0.220977259702,-0.110223511086,-0.53926081446,-0.805119619862
1531945919099053012,2852,1531945919098303665,map,-213.501525879,177.831130981,47.198513031,-0.235294524138,-0.076521811941,-0.49251866774,-0.834389753734
1531945919300439510,2853,1531945919299604233,map,-211.676528931,180.167098999,47.1857833862,-0.235294524138,-0.076521811941,-0.49251866774,-0.834389753734
1531945919553830170,2854,1531945919551042831,map,-209.291763306,182.776123047,47.1903915405,-0.253445697177,-0.0527074539045,-0.421344119944,-0.86916991174
1531945919794466650,2855,1531945919793502705,map,-206.526046753,185.37387085,47.0714302063,-0.272117541222,-0.0452657939878,-0.37388831605,-0.885500185644
1531945920049818113,2856,1531945920049195834,map,-203.54888916,187.744247437,46.9752731323,-0.272117541222,-0.0452657939878,-0.37388831605,-0.885500185644
1531945920291007976,2857,1531945920288529008,map,-200.871566772,189.561401367,47.1022872925,-0.213792273511,0.0106930962834,-0.327952574471,-0.920122617034
1531945920559238509,2858,1531945920557797634,map,-197.273620605,191.640167236,47.4765052795,-0.213792273511,0.0106930962834,-0.327952574471,-0.920122617034
1531945920814999830,2859,1531945920814270556,map,-193.827911377,193.300872803,47.9560470581,-0.209640621674,0.0253591304319,-0.277762520678,-0.937152979163
1531945921045186553,2860,1531945921043887088,map,-190.850006104,194.548568726,48.3225326538,-0.213026085261,0.0290177490445,-0.238857069865,-0.946955731497
1531945921279141623,2861,1531945921277995543,map,-187.582931519,195.747192383,48.6118774414,-0.213026085261,0.0290177490445,-0.238857069865,-0.946955731497
1531945921514040597,2862,1531945921513688270,map,-184.235809326,196.815933228,48.7816886902,-0.19806510402,0.0276694127207,-0.187289752413,-0.961731338166
1531945921788160261,2863,1531945921787542592,map,-180.259048462,197.88848877,48.874004364,-0.19806510402,0.0276694127207,-0.187289752413,-0.961731338166
1531945922023342505,2864,1531945922022459558,map,-177.034759521,198.599609375,48.8917808533,-0.17542754587,0.0219450346221,-0.129334398641,-0.975713177596
1531945922302152939,2865,1531945922298905126,map,-172.857757568,199.299057007,48.9019317627,-0.172475268942,0.0242993315234,-0.0965567315511,-0.979968684032
1531945922527624432,2866,1531945922527232438,map,-169.220672607,199.745193481,48.8904685974,-0.172475268942,0.0242993315234,-0.0965567315511,-0.979968684032
1531945922773490338,2867,1531945922772087944,map,-165.838684082,200.035018921,48.8676109314,-0.144747876084,0.0312845919045,-0.0539374730966,-0.987501937049
1531945923030647265,2868,1531945923028800789,map,-161.768447876,200.230529785,48.9230651855,-0.144747876084,0.0312845919045,-0.0539374730966,-0.987501937049
1531945923290848164,2869,1531945923289342202,map,-157.69758606,200.249252319,49.0916938782,-0.135421763939,0.0394314386322,-0.0250301627223,-0.989686616285
1531945923535265511,2870,1531945923534492504,map,-153.934127808,200.17779541,49.1783027649,-0.135421763939,0.0394314386322,-0.0250301627223,-0.989686616285
1531945923769957379,2871,1531945923768330367,map,-150.174789429,200.031509399,49.2237434387,-0.0946879502697,0.0408136225353,0.0260237442523,-0.994329525371
1531945924006576561,2872,1531945924004707930,map,-146.425628662,199.819229126,49.272315979,-0.0946879502697,0.0408136225353,0.0260237442523,-0.994329525371
1531945924236242300,2873,1531945924235630330,map,-142.649871826,199.56237793,49.3608055115,-0.0341026022723,0.0502829704512,0.0588620410673,-0.996415523525
1531945924527450456,2874,1531945924525241216,map,-138.234283447,199.27456665,49.4661598206,0.00297331031209,0.0537905988397,0.0597505293071,-0.996758549073
1531945924746754991,2875,1531945924746197734,map,-134.772079468,199.087387085,49.5353164673,0.00297331031209,0.0537905988397,0.0597505293071,-0.996758549073
1531945924973569233,2876,1531945924972665028,map,-130.977020264,198.920059204,49.641494751,0.0262549796992,0.0548500237523,0.0617030003195,-0.996240377965
1531945925188901996,2877,1531945925187015789,map,-127.499282837,198.806884766,49.7814559937,0.0262549796992,0.0548500237523,0.0617030003195,-0.996240377965
1531945925416023808,2878,1531945925414022762,map,-124.033172607,198.749710083,49.9529266357,0.0468801163694,0.0562115228046,0.029617129506,-0.996877798445
1531945925679368663,2879,1531945925676032840,map,-119.923057556,198.766082764,50.1588745117,0.0450351053816,0.050151672271,0.0141808935987,-0.997624955235
1531945925903157502,2880,1531945925901703148,map,-116.741325378,198.832199097,50.2710876465,0.0450351053816,0.050151672271,0.0141808935987,-0.997624955235
1531945926153500988,2881,1531945926148078095,map,-112.616363525,198.978683472,50.3780403137,0.0398045522276,0.0429309795734,0.0116198944272,-0.998217164082
1531945926419036643,2882,1531945926417884064,map,-108.475547791,199.173797607,50.4905586243,0.0336402703372,0.035852384012,0.010810041886,-0.998732237272
1531945926648369968,2883,1531945926648037842,map,-104.622047424,199.373291016,50.586566925,0.0336402703372,0.035852384012,0.010810041886,-0.998732237272
1531945926953615984,2884,1531945926952674097,map,-99.784324646,199.615982056,50.7377738953,-0.00655843767924,0.030990749675,-0.00581090511554,-0.999481262311
1531945927133651327,2885,1531945927130677852,map,-96.5179367065,199.759811401,50.8255767822,-0.0418765337944,0.0242731387474,-0.00621939472746,-0.998808535097
1531945927362841961,2886,1531945927361886403,map,-92.9032287598,199.894927979,50.8778305054,-0.0418765337944,0.0242731387474,-0.00621939472746,-0.998808535097
1531945927619063980,2887,1531945927618232866,map,-88.6041793823,200.015136719,50.8528289795,-0.0477187812992,0.0155502367166,0.0114088772213,-0.998674594435
1531945927850656778,2888,1531945927849241450,map,-84.5844955444,200.056991577,50.7678451538,-0.0662719593041,0.0130556342617,0.0247956768794,-0.997408016928
1531945928118670376,2889,1531945928117698971,map,-80.168548584,199.999816895,50.7233543396,-0.0662719593041,0.0130556342617,0.0247956768794,-0.997408016928
1531945928342412313,2890,1531945928341848525,map,-76.4149398804,199.856506348,50.8159484863,-0.0743415551386,0.0281519279917,0.0206755925696,-0.996620952018
1531945928555102894,2891,1531945928553694545,map,-72.9687423706,199.669540405,50.9738960266,-0.0743415551386,0.0281519279917,0.0206755925696,-0.996620952018
1531945928807287830,2892,1531945928804628712,map,-68.5557861328,199.421035767,51.2058296204,-0.034031612066,0.0347736203108,0.00734194735384,-0.998788636559
1531945929023551882,2893,1531945929022039580,map,-64.8361968994,199.18812561,51.4863891602,-0.034031612066,0.0347736203108,0.00734194735384,-0.998788636559
1531945929268818463,2894,1531945929267618630,map,-60.8448066711,198.914749146,51.8403587341,-0.0163727843218,0.0385173519588,0.0149908006997,-0.999011321971
1531945929499885764,2895,1531945929499286856,map,-56.855140686,198.650863647,52.1685256958,0.0205926232207,0.0341343717657,0.00911270449483,-0.999163523729
1531945929756803857,2896,1531945929756177352,map,-52.9356575012,198.432647705,52.4650115967,0.0205926232207,0.0341343717657,0.00911270449483,-0.999163523729
1531945930025714457,2897,1531945930024871818,map,-48.3964691162,198.255691528,52.8203926086,0.0398875729159,0.026967575938,0.000971354408467,-0.998839720799
1531945930264329179,2898,1531945930261390825,map,-44.8266105652,198.176193237,53.0948066711,0.0398875729159,0.026967575938,0.000971354408467,-0.998839720799
1531945930471565588,2899,1531945930470794118,map,-41.3014755249,198.149200439,53.2814674377,0.0555564174975,0.0139194333751,-0.00571264832705,-0.998342175558
1531945930746305866,2900,1531945930744160176,map,-36.8301773071,198.168334961,53.380153656,0.0555564174975,0.0139194333751,-0.00571264832705,-0.998342175558
1531945930992213711,2901,1531945930991238689,map,-32.9875297546,198.245956421,53.435962677,0.0383880373663,0.00116595182203,-0.0153328777131,-0.999144585135
1531945931281406831,2902,1531945931268773029,map,-28.8127670288,198.42326355,53.5289649963,0.0461644802239,-0.0101796518271,-0.0168340284856,-0.998740121823
1531945931460432287,2903,1531945931459909222,map,-25.5971088409,198.606781006,53.5800590515,0.0461644802239,-0.0101796518271,-0.0168340284856,-0.998740121823
1531945931722708603,2904,1531945931721899259,map,-21.1253681183,198.864746094,53.5015907288,0.0132531685919,-0.018777366902,-0.00815345888815,-0.999702598337
1531945931959117894,2905,1531945931958226367,map,-17.591501236,199.048675537,53.3723297119,0.0132531685919,-0.018777366902,-0.00815345888815,-0.999702598337
1531945932168717888,2906,1531945932168054213,map,-14.0442972183,199.245285034,53.2698478699,-0.00151710110663,-0.0211900612284,-0.0269892765281,-0.999409955255
1531945932431990037,2907,1531945932429653216,map,-9.51793670654,199.523757935,53.1161956787,-0.000503608499798,-0.0251136318758,-0.0298989889345,-0.999237260281
1531945932682833888,2908,1531945932675432393,map,-5.96435546875,199.746154785,53.0224342346,-0.000503608499798,-0.0251136318758,-0.0298989889345,-0.999237260281
1531945932936433992,2909,1531945932935706671,map,-1.40149223804,200.043807983,52.908290863,0.00364914894377,-0.0225929671315,-0.0231282944428,-0.999470521598
1531945933196207841,2910,1531945933195612230,map,2.53002643585,200.266921997,52.7384185791,-0.0268385509668,-0.0225806666899,-0.0275729775783,-0.999004272554
1531945933404985365,2911,1531945933402404492,map,5.81548404694,200.405380249,52.6158103943,-0.0268385509668,-0.0225806666899,-0.0275729775783,-0.999004272554
1531945933720148471,2912,1531945933719033862,map,11.0623750687,200.596054077,52.6054077148,-0.0298385359278,-0.00929530510717,-0.0591099725559,-0.997762131082
1531945933900121896,2913,1531945933899576005,map,14.3715877533,200.744552612,52.6838302612,-0.00842799848399,-0.0145407007915,-0.0554838733974,-0.998318123974
1531945934176165640,2914,1531945934175053817,map,18.9993419647,200.973632812,52.8182525635,-0.00842799848399,-0.0145407007915,-0.0554838733974,-0.998318123974
1531945934404370783,2915,1531945934402764452,map,22.294960022,201.113754272,52.9299087524,-0.0346616635334,-0.0187240683257,-0.027026041293,-0.99885813379
1531945934621163438,2916,1531945934619973753,map,25.9029331207,201.219284058,53.0935630798,-0.0346616635334,-0.0187240683257,-0.027026041293,-0.99885813379
1531945934883592242,2917,1531945934881149803,map,30.1671524048,201.317550659,53.3095588684,-0.0397310937877,-0.0173502027307,-0.0363236242015,-0.998399221242
1531945935119128927,2918,1531945935118592897,map,34.096157074,201.425613403,53.4248695374,-0.00843664703997,-0.0285894922598,-0.0096028194487,-0.999509504596
1531945935343967768,2919,1531945935343318340,map,37.9439506531,201.532318115,53.3727416992,-0.00843664703997,-0.0285894922598,-0.0096028194487,-0.999509504596
1531945935603017369,2920,1531945935599557071,map,41.8180351257,201.596572876,53.3114128113,-0.0233827377303,-0.0327991077771,0.0220100712224,-0.998945955931
1531945935837590141,2921,1531945935836809130,map,46.0294685364,201.586547852,53.2888336182,-0.043738900584,-0.0290407335031,0.0150064735772,-0.998508062123
1531945936054767747,2922,1531945936054243402,map,49.5822753906,201.542434692,53.2286643982,-0.043738900584,-0.0290407335031,0.0150064735772,-0.998508062123
1531945936317745804,2923,1531945936317242045,map,53.4295158386,201.497802734,53.1692581177,-0.0198090618132,-0.0217793726604,0.0170983348142,-0.999420285437
1531945936568522007,2924,1531945936567950984,map,57.6063156128,201.421798706,53.2360267639,-0.0198090618132,-0.0217793726604,0.0170983348142,-0.999420285437
1531945936806265595,2925,1531945936804518558,map,61.0864181519,201.297775269,53.3477401733,-0.0507914234064,-0.0180446524022,0.032993216977,-0.998001036804
1531945937047888304,2926,1531945937046250054,map,65.1907043457,201.158218384,53.3184204102,-0.0507914234064,-0.0180446524022,0.032993216977,-0.998001036804
1531945937310809694,2927,1531945937310394617,map,68.8990936279,201.059921265,53.1826286316,0.00291844100529,-0.0364524765374,0.0241906714541,-0.999038293095
1531945937519353571,2928,1531945937518748900,map,72.2998046875,200.978546143,52.9574432373,-0.0124422708711,-0.0430843293792,0.0470827709157,-0.997883832488
1531945937756155112,2929,1531945937755248634,map,76.0387115479,200.881378174,52.6476631165,-0.0124422708711,-0.0430843293792,0.0470827709157,-0.997883832488
1531945938016390236,2930,1531945938015160661,map,80.1158370972,200.769607544,52.2500572205,-0.00752374723727,-0.0429272470813,0.0481960384607,-0.997886660179
1531945938265865758,2931,1531945938263506687,map,84.1707000732,200.640548706,51.7513389587,-0.00752374723727,-0.0429272470813,0.0481960384607,-0.997886660179
1531945938460216630,2932,1531945938458185682,map,87.3231582642,200.530303955,51.3839988708,-0.0252147644353,-0.0307838818852,0.0391450628215,-0.998440900768
1531945938724359143,2933,1531945938723569008,map,91.1252441406,200.392852783,50.9859733582,-0.0252147644353,-0.0307838818852,0.0391450628215,-0.998440900768
1531945938973047988,2934,1531945938972184731,map,95.2672271729,200.257766724,50.6082611084,-0.00482094406025,-0.0232807866134,0.0445322168893,-0.998725009766
1531945939213109444,2935,1531945939206027204,map,98.7559509277,200.157699585,50.3448867798,0.00487809913891,-0.0141796683534,0.0535383351566,-0.998453197613
1531945939422107169,2936,1531945939421397584,map,101.936096191,200.071746826,50.1770439148,0.00487809913891,-0.0141796683534,0.0535383351566,-0.998453197613
1531945939667656540,2937,1531945939666984061,map,106.403167725,199.969589233,49.9932098389,0.00423286961782,-0.00659940416815,0.0432771237067,-0.999032342441
1531945939935350051,2938,1531945939934689546,map,110.816886902,199.916503906,49.7490196228,0.00423286961782,-0.00659940416815,0.0432771237067,-0.999032342441
1531945940096348201,2939,1531945940095616302,map,113.370063782,199.901611328,49.5404968262,0.0223687317637,-0.00926202234709,0.0304472669409,-0.999243122927
1531945940354372035,2940,1531945940353193108,map,117.25227356,199.882217407,49.1585578918,-0.000338886758434,-0.0105072102238,0.0284366437775,-0.999540314835
1531945940572360810,2941,1531945940571870081,map,120.840209961,199.842163086,48.7987861633,-0.000338886758434,-0.0105072102238,0.0284366437775,-0.999540314835
1531945940798724022,2942,1531945940797366002,map,124.847862244,199.762283325,48.423248291,-0.0342517801519,-0.0113523617365,0.013546221711,-0.999256943592
1531945941041840303,2943,1531945941041092909,map,128.971008301,199.650344849,48.0889663696,-0.0342517801519,-0.0113523617365,0.013546221711,-0.999256943592
1531945941309790160,2944,1531945941308231020,map,133.234786987,199.468765259,47.6494598389,-0.103353149541,-0.0214532436289,0.0326571844537,-0.993876950694
1531945941520126952,2945,1531945941518921964,map,137.223510742,199.156097412,47.1508293152,-0.178304782154,-0.0105033180663,0.0692358035104,-0.981480253741
1531945941753690668,2946,1531945941741536421,map,141.616119385,198.570159912,46.600276947,-0.178304782154,-0.0105033180663,0.0692358035104,-0.981480253741
1531945942005127922,2947,1531945942004332696,map,146.476791382,197.555007935,46.0052490234,-0.243601549894,0.0259809657923,0.0869496027886,-0.965620547048
1531945942258855157,2948,1531945942258116247,map,151.384262085,196.16242981,45.5070762634,-0.236333759112,0.0530086684457,0.10917140893,-0.964063296079
1531945942477564114,2949,1531945942476502906,map,155.499710083,194.684585571,45.2370376587,-0.236333759112,0.0530086684457,0.10917140893,-0.964063296079
1531945942723879961,2950,1531945942723198806,map,159.531082153,192.877929687,45.0619850159,-0.29434734623,0.0887418000225,0.188082621748,-0.932796580232
1531945942966264951,2951,1531945942965535453,map,164.050567627,190.261581421,44.9459762573,-0.29434734623,0.0887418000225,0.188082621748,-0.932796580232
1531945943174504684,2952,1531945943173777747,map,167.619140625,187.624252319,44.9116363525,-0.330568616368,0.15293269864,0.26123403332,-0.893919884215
1531945943416934432,2953,1531945943415779004,map,170.861938477,184.634414673,44.9207992554,-0.330568616368,0.15293269864,0.26123403332,-0.893919884215
1531945943689055803,2954,1531945943688104312,map,174.428909302,180.353713989,45.0185852051,-0.312859714978,0.207786948117,0.350755528364,-0.857854266328
1531945943914228306,2955,1531945943913714078,map,176.622207642,177.041656494,45.1201934814,-0.312859714978,0.207786948117,0.350755528364,-0.857854266328
1531945944143432195,2956,1531945944142350657,map,178.845336914,172.880981445,45.2222595215,-0.296990059683,0.226937487484,0.431258571647,-0.821165224303
1531945944342664742,2957,1531945944341412820,map,180.460739136,168.923019409,45.3273277283,-0.271116263237,0.236700839003,0.49643815463,-0.789948000346
1531945944583948313,2958,1531945944583503526,map,181.752944946,164.525848389,45.486164093,-0.271116263237,0.236700839003,0.49643815463,-0.789948000346
1531945944821754075,2959,1531945944821302148,map,182.494720459,160.424407959,45.6541252136,-0.239452469479,0.252532829269,0.574019969039,-0.741208985473
1531945945051355271,2960,1531945945050348298,map,182.841812134,155.957839966,45.8727607727,-0.239452469479,0.252532829269,0.574019969039,-0.741208985473
1531945945290855181,2961,1531945945288517143,map,182.772872925,151.583908081,46.1625518799,-0.150278734758,0.239694788088,0.645736389137,-0.709215923529
1531945945534282073,2962,1531945945531149259,map,182.379013062,147.36100769,46.5405311584,0.0874958253066,-0.20595543643,-0.690375507799,0.68797419791
1531945945781206689,2963,1531945945780185597,map,181.674179077,142.960693359,47.0951118469,0.0874958253066,-0.20595543643,-0.690375507799,0.68797419791
1531945946058474919,2964,1531945946057384513,map,180.749343872,138.482696533,47.8553161621,0.00459983136872,-0.148617052153,-0.725669612878,0.671785253118
1531945946289608394,2965,1531945946288632860,map,180.02104187,135.083602905,48.4966926575,-0.0605467606091,-0.0707356725669,-0.746563071126,0.658767132785
1531945946504172600,2966,1531945946503251972,map,179.423324585,132.089523315,49.0943717957,-0.0605467606091,-0.0707356725669,-0.746563071126,0.658767132785
1531945946740693560,2967,1531945946739939955,map,178.801986694,128.253555298,49.8564682007,-0.119823743132,0.0278560726984,-0.746671411093,0.65371868082
1531945946953759935,2968,1531945946952833576,map,178.416793823,124.995399475,50.4111366272,-0.119823743132,0.0278560726984,-0.746671411093,0.65371868082
1531945947251589056,2969,1531945947247760072,map,178.096603394,121.092956543,50.8761940002,-0.104631081397,0.0639386482611,-0.736556798495,0.665167849986
1531945947448921534,2970,1531945947445405050,map,177.92288208,117.799720764,51.0561218262,-0.104631081397,0.0639386482611,-0.736556798495,0.665167849986
1531945947717113393,2971,1531945947713248519,map,177.796691895,113.915634155,51.001663208,-0.0542703461903,0.0853235187859,-0.722462677597,0.683975369546
1531945947944650026,2972,1531945947944081308,map,177.742507935,110.357704163,50.6531295776,-0.0542703461903,0.0853235187859,-0.722462677597,0.683975369546
1531945948200181542,2973,1531945948199554781,map,177.754180908,106.534004211,49.9029998779,-0.0335601615849,0.21501331185,-0.697043289804,0.683208345544
1531945948447200571,2974,1531945948446105620,map,177.844284058,102.943962097,48.851650238,-0.0356999457566,0.26723955921,-0.670872654348,0.690824444786
1531945948653011760,2975,1531945948652560890,map,178.070388794,99.5859146118,47.7617301941,-0.0356999457566,0.26723955921,-0.670872654348,0.690824444786
1531945948879350032,2976,1531945948878902108,map,178.460861206,96.1184844971,46.5431289673,0.0428882818674,-0.286613585664,0.633225009777,-0.71766241004
1531945949139908701,2977,1531945949138963581,map,179.142669678,92.2260818481,45.0802230835,0.0878761474867,-0.295275560578,0.581766637364,-0.752753416252
1531945949390167091,2978,1531945949389040797,map,180.313339233,87.9062194824,43.5063514709,0.0878761474867,-0.295275560578,0.581766637364,-0.752753416252
1531945949644610251,2979,1531945949644037403,map,182.016784668,83.5069503784,42.0368232727,0.133750309991,-0.255053434993,0.532123705643,-0.796180231963
1531945949902641481,2980,1531945949902203481,map,184.031021118,79.5182037354,40.8260040283,0.133750309991,-0.255053434993,0.532123705643,-0.796180231963
1531945950140369029,2981,1531945950137875110,map,186.628707886,75.3931045532,39.7513008118,0.152993923609,-0.190292825297,0.491498328727,-0.835949097038
1531945950376593848,2982,1531945950375971121,map,189.303649902,71.8148345947,39.0378456116,0.152993923609,-0.190292825297,0.491498328727,-0.835949097038
1531945950657382948,2983,1531945950656979045,map,192.276535034,68.2233276367,38.5967712402,0.0740783082781,-0.0753735100548,0.447005806685,-0.888266315366
1531945950893355136,2984,1531945950892761670,map,194.970397949,65.0891876221,38.4028549194,0.0740783082781,-0.0753735100548,0.447005806685,-0.888266315366
1531945951127783967,2985,1531945951126938670,map,197.551071167,62.0652999878,38.1778106689,-0.00928075796146,-0.0393030429851,0.41739549607,-0.907827152163
1531945951410964282,2986,1531945951410421592,map,200.425918579,58.625629425,37.6220664978,-0.00928075796146,-0.0393030429851,0.41739549607,-0.907827152163
1531945951643643451,2987,1531945951642929640,map,202.798492432,55.6815986633,36.7510681152,-0.0898379151795,-0.0773675221016,0.434391746439,-0.892887017571
1531945951898171034,2988,1531945951897410161,map,205.130249023,52.6774673462,35.569190979,-0.158835447129,-0.0911646945379,0.440919709092,-0.878663820434
1531945952133229156,2989,1531945952131809250,map,207.392150879,49.6048316956,34.2033195496,-0.158835447129,-0.0911646945379,0.440919709092,-0.878663820434
1531945952388174890,2990,1531945952387314290,map,209.784072876,45.9833183289,32.6374053955,-0.285897156096,-0.0451050287612,0.465585550817,-0.836336324326
1531945952634995201,2991,1531945952634597028,map,211.858062744,42.3838996887,31.0788536072,-0.285897156096,-0.0451050287612,0.465585550817,-0.836336324326
1531945952867638257,2992,1531945952866992702,map,213.563354492,38.8078651428,29.648021698,-0.31985326195,0.00469179548511,0.518488440581,-0.792995343529
1531945953079412851,2993,1531945953078969440,map,215.007995605,34.9154319763,28.2860107422,-0.327188445811,0.0567348721896,0.579157489523,-0.744516942409
1531945953341328100,2994,1531945953340883120,map,216.293426514,29.5614776611,26.6791820526,-0.327188445811,0.0567348721896,0.579157489523,-0.744516942409
1531945953599849770,2995,1531945953599350717,map,216.823806763,24.2797431946,25.335439682,-0.315124881951,0.133738505093,0.640317689638,-0.687607138828
1531945953850131787,2996,1531945953849408692,map,216.757476807,19.3081550598,24.237985611,-0.315124881951,0.133738505093,0.640317689638,-0.687607138828
1531945954081349111,2997,1531945954080269431,map,216.192581177,14.7278337479,23.389875412,0.269593743584,-0.198838411744,-0.695502920422,0.635655714298
1531945954302710494,2998,1531945954302252548,map,215.149246216,10.2423181534,22.6762638092,0.23807572497,-0.231102677112,-0.729995076497,0.597510410037
1531945954584842535,2999,1531945954584359938,map,213.186782837,4.81396627426,21.9704189301,0.23807572497,-0.231102677112,-0.729995076497,0.597510410037
1531945954813813032,3000,1531945954813222384,map,210.984191895,0.462096810341,21.4994869232,0.204680074676,-0.269406588989,-0.775694461169,0.532751592913
1531945955072151864,3001,1531945955071642887,map,208.108657837,-3.82418751717,21.15965271,0.179637223451,-0.286184340458,-0.809365344283,0.480371450755
1531945955267637258,3002,1531945955267110960,map,205.87852478,-6.51097536087,21.0176525116,0.179637223451,-0.286184340458,-0.809365344283,0.480371450755
1531945955507106176,3003,1531945955506655274,map,202.630081177,-9.71721839905,20.8996524811,0.148378034618,-0.294611940857,-0.853355270233,0.403698582997
1531945955764835951,3004,1531945955763868388,map,198.529373169,-12.9087438583,20.8083209991,0.112669148074,-0.319334646476,-0.885689661911,0.317623785975
1531945956013795101,3005,1531945956012122339,map,195.147354126,-15.0032682419,20.738779068,0.112669148074,-0.319334646476,-0.885689661911,0.317623785975
1531945956263093291,3006,1531945956262697743,map,190.737686157,-17.162071228,20.6109218597,0.0763607042992,-0.32250982084,-0.911606539885,0.243166557608
1531945956516781980,3007,1531945956515945904,map,186.868713379,-18.6170024872,20.449514389,0.0763607042992,-0.32250982084,-0.911606539885,0.243166557608
1531945956745159685,3008,1531945956744110803,map,183.021224976,-19.679359436,20.200761795,0.0539327665198,-0.329925700973,-0.930582431183,0.14918655203
1531945957015662048,3009,1531945957014814798,map,178.792755127,-20.3931922913,19.8056430817,0.0362895000912,-0.35351538811,-0.931906746284,0.0725241944633
1531945957248567404,3010,1531945957248102383,map,174.905700684,-20.5740299225,19.3576869965,0.0362895000912,-0.35351538811,-0.931906746284,0.0725241944633
1531945957519669732,3011,1531945957518832855,map,170.742019653,-20.3178005219,18.7333679199,0.00268954728275,-0.36005767189,-0.932732640118,-0.0190016132706
1531945957712433002,3012,1531945957711792698,map,167.616470337,-19.8532543182,18.1742916107,0.00268954728275,-0.36005767189,-0.932732640118,-0.0190016132706
1531945957976251810,3013,1531945957968495426,map,163.629898071,-18.8946437836,17.4300746918,-0.00698391371403,-0.302529736391,-0.94671988226,-0.110219998556
1531945958224732908,3014,1531945958224087194,map,160.06892395,-17.6557312012,16.7358608246,-0.016657221879,-0.296728631064,-0.928896929601,-0.220964138818
1531945958456262028,3015,1531945958455500354,map,156.958053589,-16.235956192,16.0734558105,-0.016657221879,-0.296728631064,-0.928896929601,-0.220964138818
1531945958717025594,3016,1531945958716509605,map,153.494308472,-14.2378387451,15.2555751801,-0.0282182068168,-0.257073770114,-0.913217269023,-0.314882563954
1531945958961560532,3017,1531945958960410931,map,150.260803223,-11.9335784912,14.4288301468,-0.0282182068168,-0.257073770114,-0.913217269023,-0.314882563954
1531945959159229522,3018,1531945959158754096,map,147.730010986,-9.77558422089,13.8173627853,-0.047048096469,-0.208692065815,-0.899825441724,-0.380195045616
1531945959398221126,3019,1531945959397609828,map,145.113586426,-7.24655818939,13.3030195236,-0.032242200542,-0.136525759711,-0.895483693894,-0.422409885548
1531945959664111925,3020,1531945959662595974,map,142.624130249,-4.63778877258,12.917506218,-0.032242200542,-0.136525759711,-0.895483693894,-0.422409885548
1531945959893037825,3021,1531945959892689052,map,140.226272583,-2.00697422028,12.6174383163,-0.0051638175015,-0.0514355698567,-0.874993352463,-0.481367167854
1531945960144202149,3022,1531945960143692211,map,137.705459595,0.81568223238,12.2903461456,-0.0051638175015,-0.0514355698567,-0.874993352463,-0.481367167854
1531945960382106037,3023,1531945960380271086,map,135.571380615,3.16884803772,11.9854564667,0.0424940144133,0.0227940384357,-0.870238008817,-0.490265742798
1531945960676872201,3024,1531945960676156886,map,132.597885132,6.27436208725,11.5381555557,0.0777491524463,0.0729816863279,-0.872647792174,-0.476565392752
1531945960900336022,3025,1531945960899525749,map,130.326400757,8.46658802032,11.0908632278,0.0777491524463,0.0729816863279,-0.872647792174,-0.476565392752
1531945961144712389,3026,1531945961143946169,map,127.498214722,10.9353456497,10.4408359528,0.122783172335,0.12883253273,-0.88174361146,-0.436869173495
1531945961387855723,3027,1531945961384474662,map,124.975730896,12.9183444977,9.80699253082,0.132046888036,0.15058583293,-0.893689997245,-0.401504315176
1531945961600897990,3028,1531945961600302092,map,122.366416931,14.7897195816,9.07020282745,0.132046888036,0.15058583293,-0.893689997245,-0.401504315176
1531945961846694199,3029,1531945961845667600,map,119.093360901,16.8460330963,8.14653968811,0.1356889971,0.191414665181,-0.909853711965,-0.342220900653
1531945962075118741,3030,1531945962074308885,map,116.120750427,18.4230766296,7.38311100006,0.1356889971,0.191414665181,-0.909853711965,-0.342220900653
1531945962328581564,3031,1531945962327809966,map,112.726844788,19.9095191956,6.58775901794,0.13033344168,0.223035977057,-0.929808924528,-0.262151694228
1531945962549601633,3032,1531945962548882828,map,109.129936218,21.1738414764,5.80499124527,0.13033344168,0.223035977057,-0.929808924528,-0.262151694228
