%time,field.header.seq,field.header.stamp,field.header.frame_id,field.magnetic_field.x,field.magnetic_field.y,field.magnetic_field.z,field.magnetic_field_covariance0,field.magnetic_field_covariance1,field.magnetic_field_covariance2,field.magnetic_field_covariance3,field.magnetic_field_covariance4,field.magnetic_field_covariance5,field.magnetic_field_covariance6,field.magnetic_field_covariance7,field.magnetic_field_covariance8
1536693419589679288,21723,1536693419588671864,base_link,-611000.0,-136000.0,-921000.0,-1.0,0.0,0.0,0.0,0.0,0.0,0.0,0.0,0.0
1536693419684390200,21724,1536693419683479096,base_link,-636000.0,-153000.0,-870000.0,-1.0,0.0,0.0,0.0,0.0,0.0,0.0,0.0,0.0
1536693419789095896,21725,1536693419787418456,base_link,-631000.0,-154000.0,-911000.0,-1.0,0.0,0.0,0.0,0.0,0.0,0.0,0.0,0.0
1536693419882989272,21726,1536693419882488376,base_link,-638000.0,-170000.0,-882000.0,-1.0,0.0,0.0,0.0,0.0,0.0,0.0,0.0,0.0
1536693419971581496,21727,1536693419970872952,base_link,-690000.0,-171000.0,-911000.0,-1.0,0.0,0.0,0.0,0.0,0.0,0.0,0.0,0.0
1536693420075904632,21728,1536693420075114968,base_link,-691000.0,-170000.0,-933000.0,-1.0,0.0,0.0,0.0,0.0,0.0,0.0,0.0,0.0
1536693420182999704,21729,1536693420182417112,base_link,-579000.0,-198000.0,-816000.0,-1.0,0.0,0.0,0.0,0.0,0.0,0.0,0.0,0.0
1536693420303487704,21730,1536693420302948312,base_link,-402000.0,-220000.0,-718000.0,-1.0,0.0,0.0,0.0,0.0,0.0,0.0,0.0,0.0
1536693420378653400,21731,1536693420378043800,base_link,-402000.0,-220000.0,-718000.0,-1.0,0.0,0.0,0.0,0.0,0.0,0.0,0.0,0.0
1536693420503184952,21732,1536693420499332344,base_link,-357000.0,-224000.0,-688000.0,-1.0,0.0,0.0,0.0,0.0,0.0,0.0,0.0,0.0
1536693420593928440,21733,1536693420591024376,base_link,-255000.0,-232000.0,-622000.0,-1.0,0.0,0.0,0.0,0.0,0.0,0.0,0.0,0.0
1536693420688218776,21734,1536693420685299960,base_link,-255000.0,-232000.0,-622000.0,-1.0,0.0,0.0,0.0,0.0,0.0,0.0,0.0,0.0
1536693420793268056,21735,1536693420792850328,base_link,-196000.0,-237000.0,-586000.0,-1.0,0.0,0.0,0.0,0.0,0.0,0.0,0.0,0.0
1536693420892171832,21736,1536693420891340120,base_link,-99000.0,-231000.0,-544000.0,-1.0,0.0,0.0,0.0,0.0,0.0,0.0,0.0,0.0
1536693420998666616,21737,1536693420997788088,base_link,-67000.0,-226000.0,-525000.0,-1.0,0.0,0.0,0.0,0.0,0.0,0.0,0.0,0.0
1536693421087145912,21738,1536693421086720696,base_link,-67000.0,-226000.0,-525000.0,-1.0,0.0,0.0,0.0,0.0,0.0,0.0,0.0,0.0
1536693421193885784,21739,1536693421193457304,base_link,-22000.0,-228000.0,-500000.0,-1.0,0.0,0.0,0.0,0.0,0.0,0.0,0.0,0.0
1536693421285899160,21740,1536693421285278520,base_link,8000.0,-218000.0,-489000.0,-1.0,0.0,0.0,0.0,0.0,0.0,0.0,0.0,0.0
1536693421381563992,21741,1536693421381072504,base_link,42000.0,-211000.0,-475000.0,-1.0,0.0,0.0,0.0,0.0,0.0,0.0,0.0,0.0
1536693421494568536,21742,1536693421493656056,base_link,72000.0,-200000.0,-469000.0,-1.0,0.0,0.0,0.0,0.0,0.0,0.0,0.0,0.0
1536693421578260856,21743,1536693421576491672,base_link,98000.0,-191000.0,-459000.0,-1.0,0.0,0.0,0.0,0.0,0.0,0.0,0.0,0.0
1536693421684828760,21744,1536693421684146840,base_link,121000.0,-182000.0,-449000.0,-1.0,0.0,0.0,0.0,0.0,0.0,0.0,0.0,0.0
1536693421807721176,21745,1536693421807218008,base_link,150000.0,-162000.0,-442000.0,-1.0,0.0,0.0,0.0,0.0,0.0,0.0,0.0,0.0
1536693421885842648,21746,1536693421883358392,base_link,150000.0,-162000.0,-442000.0,-1.0,0.0,0.0,0.0,0.0,0.0,0.0,0.0,0.0
1536693421994760504,21747,1536693421993554584,base_link,162000.0,-152000.0,-441000.0,-1.0,0.0,0.0,0.0,0.0,0.0,0.0,0.0,0.0
1536693422084278168,21748,1536693422083731672,base_link,174000.0,-143000.0,-439000.0,-1.0,0.0,0.0,0.0,0.0,0.0,0.0,0.0,0.0
1536693422176554456,21749,1536693422175936344,base_link,181000.0,-134000.0,-438000.0,-1.0,0.0,0.0,0.0,0.0,0.0,0.0,0.0,0.0
1536693422288422520,21750,1536693422287979096,base_link,193000.0,-124000.0,-428000.0,-1.0,0.0,0.0,0.0,0.0,0.0,0.0,0.0,0.0
1536693422376792824,21751,1536693422375992056,base_link,193000.0,-124000.0,-428000.0,-1.0,0.0,0.0,0.0,0.0,0.0,0.0,0.0,0.0
1536693422505628184,21752,1536693422504041656,base_link,193000.0,-111000.0,-435000.0,-1.0,0.0,0.0,0.0,0.0,0.0,0.0,0.0,0.0
1536693422577430904,21753,1536693422577020024,base_link,193000.0,-111000.0,-435000.0,-1.0,0.0,0.0,0.0,0.0,0.0,0.0,0.0,0.0
1536693422731266840,21754,1536693422730716408,base_link,192000.0,-99000.0,-434000.0,-1.0,0.0,0.0,0.0,0.0,0.0,0.0,0.0,0.0
1536693422831406488,21755,1536693422829147480,base_link,193000.0,-95000.0,-441000.0,-1.0,0.0,0.0,0.0,0.0,0.0,0.0,0.0,0.0
1536693422871368248,21756,1536693422870648952,base_link,193000.0,-95000.0,-441000.0,-1.0,0.0,0.0,0.0,0.0,0.0,0.0,0.0,0.0
1536693422982493080,21757,1536693422981925912,base_link,191000.0,-91000.0,-442000.0,-1.0,0.0,0.0,0.0,0.0,0.0,0.0,0.0,0.0
1536693423070564824,21758,1536693423069720792,base_link,184000.0,-85000.0,-451000.0,-1.0,0.0,0.0,0.0,0.0,0.0,0.0,0.0,0.0
1536693423183137592,21759,1536693423182212120,base_link,184000.0,-79000.0,-452000.0,-1.0,0.0,0.0,0.0,0.0,0.0,0.0,0.0,0.0
1536693423310440248,21760,1536693423309893272,base_link,178000.0,-69000.0,-458000.0,-1.0,0.0,0.0,0.0,0.0,0.0,0.0,0.0,0.0
1536693423390311800,21761,1536693423389061080,base_link,178000.0,-69000.0,-458000.0,-1.0,0.0,0.0,0.0,0.0,0.0,0.0,0.0,0.0
1536693423486440056,21762,1536693423485732568,base_link,181000.0,-64000.0,-457000.0,-1.0,0.0,0.0,0.0,0.0,0.0,0.0,0.0,0.0
1536693423599748056,21763,1536693423599234616,base_link,168000.0,-62000.0,-467000.0,-1.0,0.0,0.0,0.0,0.0,0.0,0.0,0.0,0.0
1536693423699280632,21764,1536693423698495416,base_link,161000.0,-53000.0,-471000.0,-1.0,0.0,0.0,0.0,0.0,0.0,0.0,0.0,0.0
1536693423786927736,21765,1536693423786261784,base_link,157000.0,-50000.0,-472000.0,-1.0,0.0,0.0,0.0,0.0,0.0,0.0,0.0,0.0
1536693423880358456,21766,1536693423879800632,base_link,157000.0,-50000.0,-472000.0,-1.0,0.0,0.0,0.0,0.0,0.0,0.0,0.0,0.0
1536693423977405016,21767,1536693423976335032,base_link,152000.0,-48000.0,-474000.0,-1.0,0.0,0.0,0.0,0.0,0.0,0.0,0.0,0.0
1536693424113206744,21768,1536693424112720120,base_link,137000.0,-47000.0,-486000.0,-1.0,0.0,0.0,0.0,0.0,0.0,0.0,0.0,0.0
1536693424228490488,21769,1536693424228086072,base_link,132000.0,-46000.0,-492000.0,-1.0,0.0,0.0,0.0,0.0,0.0,0.0,0.0,0.0
1536693424284917176,21770,1536693424282634584,base_link,132000.0,-46000.0,-492000.0,-1.0,0.0,0.0,0.0,0.0,0.0,0.0,0.0,0.0
1536693424409045752,21771,1536693424408258008,base_link,118000.0,-48000.0,-503000.0,-1.0,0.0,0.0,0.0,0.0,0.0,0.0,0.0,0.0
1536693424475085464,21772,1536693424474172088,base_link,118000.0,-48000.0,-503000.0,-1.0,0.0,0.0,0.0,0.0,0.0,0.0,0.0,0.0
1536693424598206616,21773,1536693424584476664,base_link,106000.0,-47000.0,-513000.0,-1.0,0.0,0.0,0.0,0.0,0.0,0.0,0.0,0.0
1536693424682360440,21774,1536693424681631640,base_link,55000.0,-40000.0,-548000.0,-1.0,0.0,0.0,0.0,0.0,0.0,0.0,0.0,0.0
1536693424771404088,21775,1536693424770558072,base_link,-6000.0,-31000.0,-590000.0,-1.0,0.0,0.0,0.0,0.0,0.0,0.0,0.0,0.0
1536693424884628568,21776,1536693424884038680,base_link,-69000.0,-22000.0,-639000.0,-1.0,0.0,0.0,0.0,0.0,0.0,0.0,0.0,0.0
1536693424973252632,21777,1536693424971090648,base_link,-150000.0,-13000.0,-689000.0,-1.0,0.0,0.0,0.0,0.0,0.0,0.0,0.0,0.0
1536693425083796120,21778,1536693425078581496,base_link,-235000.0,-9.27057626955e-11,-757000.0,-1.0,0.0,0.0,0.0,0.0,0.0,0.0,0.0,0.0
1536693425197366232,21779,1536693425196399096,base_link,-314000.0,9000.0,-812000.0,-1.0,0.0,0.0,0.0,0.0,0.0,0.0,0.0,0.0
1536693425306165464,21780,1536693425305517848,base_link,-451000.0,30000.0,-913000.0,-1.0,0.0,0.0,0.0,0.0,0.0,0.0,0.0,0.0
1536693425366262904,21781,1536693425365807064,base_link,-541000.0,34000.0,-959000.0,-1.0,0.0,0.0,0.0,0.0,0.0,0.0,0.0,0.0
1536693425465060376,21782,1536693425464015448,base_link,-653000.0,60000.0,-1028000.0,-1.0,0.0,0.0,0.0,0.0,0.0,0.0,0.0,0.0
1536693425607272344,21783,1536693425606339160,base_link,-736000.0,76000.0,-1138000.0,-1.0,0.0,0.0,0.0,0.0,0.0,0.0,0.0,0.0
1536693425680855384,21784,1536693425680232280,base_link,-736000.0,76000.0,-1138000.0,-1.0,0.0,0.0,0.0,0.0,0.0,0.0,0.0,0.0
1536693425813859192,21785,1536693425811929816,base_link,-238000.0,88000.0,-1388000.0,-1.0,0.0,0.0,0.0,0.0,0.0,0.0,0.0,0.0
1536693425887724440,21786,1536693425886769048,base_link,-238000.0,88000.0,-1388000.0,-1.0,0.0,0.0,0.0,0.0,0.0,0.0,0.0,0.0
1536693425975098936,21787,1536693425974045784,base_link,-991000.0,111000.0,-1252000.0,-1.0,0.0,0.0,0.0,0.0,0.0,0.0,0.0,0.0
1536693426079024664,21788,1536693426077896856,base_link,-469000.0,121000.0,-1437000.0,-1.0,0.0,0.0,0.0,0.0,0.0,0.0,0.0,0.0
1536693426176331736,21789,1536693426171107512,base_link,-1054000.0,114000.0,-1610000.0,-1.0,0.0,0.0,0.0,0.0,0.0,0.0,0.0,0.0
1536693426272389496,21790,1536693426271219288,base_link,377000.0,97000.0,-1379000.0,-1.0,0.0,0.0,0.0,0.0,0.0,0.0,0.0,0.0
1536693426391944760,21791,1536693426391252440,base_link,-1052000.0,137000.0,-1341000.0,-1.0,0.0,0.0,0.0,0.0,0.0,0.0,0.0,0.0
1536693426488944440,21792,1536693426488502424,base_link,-873000.0,100000.0,-1293000.0,-1.0,0.0,0.0,0.0,0.0,0.0,0.0,0.0,0.0
1536693426576365944,21793,1536693426574754360,base_link,384000.0,93000.0,-1377000.0,-1.0,0.0,0.0,0.0,0.0,0.0,0.0,0.0,0.0
1536693426685338168,21794,1536693426683510008,base_link,-1536000.0,138000.0,-1344000.0,-1.0,0.0,0.0,0.0,0.0,0.0,0.0,0.0,0.0
1536693426779301400,21795,1536693426776310680,base_link,-524000.0,88000.0,-1236000.0,-1.0,0.0,0.0,0.0,0.0,0.0,0.0,0.0,0.0
1536693426890961240,21796,1536693426890017656,base_link,-658000.0,89000.0,-1184000.0,-1.0,0.0,0.0,0.0,0.0,0.0,0.0,0.0,0.0
1536693427010129560,21797,1536693427009024568,base_link,-613000.0,89000.0,-1253000.0,-1.0,0.0,0.0,0.0,0.0,0.0,0.0,0.0,0.0
1536693427094880248,21798,1536693427094118968,base_link,-443000.0,69000.0,-1191000.0,-1.0,0.0,0.0,0.0,0.0,0.0,0.0,0.0,0.0
1536693427173904120,21799,1536693427173074328,base_link,-443000.0,69000.0,-1191000.0,-1.0,0.0,0.0,0.0,0.0,0.0,0.0,0.0,0.0
1536693427285961976,21800,1536693427284861976,base_link,-558000.0,67000.0,-1126000.0,-1.0,0.0,0.0,0.0,0.0,0.0,0.0,0.0,0.0
1536693427394537368,21801,1536693427394082648,base_link,-852000.0,60000.0,-1127000.0,-1.0,0.0,0.0,0.0,0.0,0.0,0.0,0.0,0.0
1536693427485035288,21802,1536693427484199096,base_link,-852000.0,60000.0,-1127000.0,-1.0,0.0,0.0,0.0,0.0,0.0,0.0,0.0,0.0
1536693427593072824,21803,1536693427592516952,base_link,-828000.0,49000.0,-1105000.0,-1.0,0.0,0.0,0.0,0.0,0.0,0.0,0.0,0.0
1536693427674871800,21804,1536693427674283416,base_link,-786000.0,40000.0,-1090000.0,-1.0,0.0,0.0,0.0,0.0,0.0,0.0,0.0,0.0
1536693427785943832,21805,1536693427783847896,base_link,-744000.0,38000.0,-1066000.0,-1.0,0.0,0.0,0.0,0.0,0.0,0.0,0.0,0.0
1536693427875395352,21806,1536693427874703800,base_link,-764000.0,33000.0,-1051000.0,-1.0,0.0,0.0,0.0,0.0,0.0,0.0,0.0,0.0
1536693427963781496,21807,1536693427962380504,base_link,-701000.0,16000.0,-1029000.0,-1.0,0.0,0.0,0.0,0.0,0.0,0.0,0.0,0.0
1536693428057675800,21808,1536693428054955448,base_link,-699000.0,24000.0,-1016000.0,-1.0,0.0,0.0,0.0,0.0,0.0,0.0,0.0,0.0
1536693428186226488,21809,1536693428184077208,base_link,-682000.0,8000.0,-992000.0,-1.0,0.0,0.0,0.0,0.0,0.0,0.0,0.0,0.0
1536693428285933080,21810,1536693428284684568,base_link,-624000.0,6000.0,-968000.0,-1.0,0.0,0.0,0.0,0.0,0.0,0.0,0.0,0.0
1536693428382012120,21811,1536693428381419992,base_link,-599000.0,-1.20505245036e-10,-984000.0,-1.0,0.0,0.0,0.0,0.0,0.0,0.0,0.0,0.0
1536693428512632600,21812,1536693428512047032,base_link,-603000.0,-15000.0,-952000.0,-1.0,0.0,0.0,0.0,0.0,0.0,0.0,0.0,0.0
1536693428598709080,21813,1536693428597506392,base_link,-603000.0,-15000.0,-952000.0,-1.0,0.0,0.0,0.0,0.0,0.0,0.0,0.0,0.0
1536693428679377880,21814,1536693428674661144,base_link,-583000.0,-34000.0,-955000.0,-1.0,0.0,0.0,0.0,0.0,0.0,0.0,0.0,0.0
1536693428802226680,21815,1536693428801055864,base_link,-530000.0,-43000.0,-919000.0,-1.0,0.0,0.0,0.0,0.0,0.0,0.0,0.0,0.0
1536693428880184376,21816,1536693428877635288,base_link,-530000.0,-43000.0,-919000.0,-1.0,0.0,0.0,0.0,0.0,0.0,0.0,0.0,0.0
1536693429000175864,21817,1536693428999197336,base_link,-538000.0,-56000.0,-909000.0,-1.0,0.0,0.0,0.0,0.0,0.0,0.0,0.0,0.0
1536693429062980376,21818,1536693429061957368,base_link,-540000.0,-63000.0,-893000.0,-1.0,0.0,0.0,0.0,0.0,0.0,0.0,0.0,0.0
1536693429185370296,21819,1536693429184620856,base_link,-533000.0,-72000.0,-898000.0,-1.0,0.0,0.0,0.0,0.0,0.0,0.0,0.0,0.0
1536693429275172792,21820,1536693429274598552,base_link,-594000.0,-71000.0,-929000.0,-1.0,0.0,0.0,0.0,0.0,0.0,0.0,0.0,0.0
1536693429387392408,21821,1536693429386759352,base_link,-544000.0,-85000.0,-912000.0,-1.0,0.0,0.0,0.0,0.0,0.0,0.0,0.0,0.0
1536693429492573976,21822,1536693429491881944,base_link,-598000.0,-87000.0,-962000.0,-1.0,0.0,0.0,0.0,0.0,0.0,0.0,0.0,0.0
1536693429607413176,21823,1536693429606537784,base_link,-562000.0,-94000.0,-923000.0,-1.0,0.0,0.0,0.0,0.0,0.0,0.0,0.0,0.0
1536693429679108312,21824,1536693429678382040,base_link,-562000.0,-94000.0,-923000.0,-1.0,0.0,0.0,0.0,0.0,0.0,0.0,0.0,0.0
1536693429792784248,21825,1536693429791097784,base_link,-648000.0,-85000.0,-952000.0,-1.0,0.0,0.0,0.0,0.0,0.0,0.0,0.0,0.0
1536693429898428280,21826,1536693429895667608,base_link,-632000.0,-91000.0,-962000.0,-1.0,0.0,0.0,0.0,0.0,0.0,0.0,0.0,0.0
1536693429972475480,21827,1536693429971881112,base_link,-713000.0,-90000.0,-1033000.0,-1.0,0.0,0.0,0.0,0.0,0.0,0.0,0.0,0.0
1536693430078205848,21828,1536693430077223128,base_link,-713000.0,-90000.0,-1033000.0,-1.0,0.0,0.0,0.0,0.0,0.0,0.0,0.0,0.0
1536693430173202424,21829,1536693430172689752,base_link,-692000.0,-92000.0,-1008000.0,-1.0,0.0,0.0,0.0,0.0,0.0,0.0,0.0,0.0
1536693430297560600,21830,1536693430296893336,base_link,-756000.0,-96000.0,-1008000.0,-1.0,0.0,0.0,0.0,0.0,0.0,0.0,0.0,0.0
1536693430372535640,21831,1536693430370816760,base_link,-690000.0,-104000.0,-1020000.0,-1.0,0.0,0.0,0.0,0.0,0.0,0.0,0.0,0.0
1536693430466106424,21832,1536693430465615544,base_link,-791000.0,-100000.0,-1040000.0,-1.0,0.0,0.0,0.0,0.0,0.0,0.0,0.0,0.0
1536693430593592792,21833,1536693430593128632,base_link,185000.0,-104000.0,-1073000.0,-1.0,0.0,0.0,0.0,0.0,0.0,0.0,0.0,0.0
1536693430687281656,21834,1536693430686418232,base_link,-887000.0,-90000.0,-1138000.0,-1.0,0.0,0.0,0.0,0.0,0.0,0.0,0.0,0.0
1536693430809297592,21835,1536693430805773528,base_link,-1099000.0,-74000.0,-1206000.0,-1.0,0.0,0.0,0.0,0.0,0.0,0.0,0.0,0.0
1536693430867921592,21836,1536693430867521880,base_link,-648000.0,-82000.0,-1193000.0,-1.0,0.0,0.0,0.0,0.0,0.0,0.0,0.0,0.0
1536693430991127800,21837,1536693430990571448,base_link,-1720000.0,-33000.0,-1395000.0,-1.0,0.0,0.0,0.0,0.0,0.0,0.0,0.0,0.0
1536693431118052472,21838,1536693431115443640,base_link,-658000.0,-31000.0,-1544000.0,-1.0,0.0,0.0,0.0,0.0,0.0,0.0,0.0,0.0
1536693431198154104,21839,1536693431194376440,base_link,-658000.0,-31000.0,-1544000.0,-1.0,0.0,0.0,0.0,0.0,0.0,0.0,0.0,0.0
1536693431280463832,21840,1536693431279864760,base_link,-1668000.0,2000.0,-1406000.0,-1.0,0.0,0.0,0.0,0.0,0.0,0.0,0.0,0.0
1536693431422832760,21841,1536693431422275576,base_link,-2728000.0,41000.0,-1918000.0,-1.0,0.0,0.0,0.0,0.0,0.0,0.0,0.0,0.0
1536693431458388088,21842,1536693431457930968,base_link,-2728000.0,41000.0,-1918000.0,-1.0,0.0,0.0,0.0,0.0,0.0,0.0,0.0,0.0
1536693431604101944,21843,1536693431594518200,base_link,-1146000.0,9000.0,-1549000.0,-1.0,0.0,0.0,0.0,0.0,0.0,0.0,0.0,0.0
1536693431680839288,21844,1536693431680276984,base_link,-2722000.0,31000.0,-1649000.0,-1.0,0.0,0.0,0.0,0.0,0.0,0.0,0.0,0.0
1536693431775004248,21845,1536693431774585048,base_link,-2720000.0,45000.0,-1505000.0,-1.0,0.0,0.0,0.0,0.0,0.0,0.0,0.0,0.0
1536693431860202680,21846,1536693431858949080,base_link,-2207000.0,60000.0,-2088000.0,-1.0,0.0,0.0,0.0,0.0,0.0,0.0,0.0,0.0
1536693431998693912,21847,1536693431997387032,base_link,-2731000.0,58000.0,-2099000.0,-1.0,0.0,0.0,0.0,0.0,0.0,0.0,0.0,0.0
1536693432120985112,21848,1536693432118162712,base_link,-1674000.0,47000.0,-1671000.0,-1.0,0.0,0.0,0.0,0.0,0.0,0.0,0.0,0.0
1536693432179710904,21849,1536693432179138680,base_link,-2729000.0,66000.0,-1993000.0,-1.0,0.0,0.0,0.0,0.0,0.0,0.0,0.0,0.0
1536693432267012728,21850,1536693432266541496,base_link,-2729000.0,66000.0,-1993000.0,-1.0,0.0,0.0,0.0,0.0,0.0,0.0,0.0,0.0
1536693432381983960,21851,1536693432381052344,base_link,-2205000.0,72000.0,-1972000.0,-1.0,0.0,0.0,0.0,0.0,0.0,0.0,0.0,0.0
1536693432474141560,21852,1536693432472484664,base_link,-2734000.0,66000.0,-2209000.0,-1.0,0.0,0.0,0.0,0.0,0.0,0.0,0.0,0.0
1536693432621006584,21853,1536693432620288888,base_link,-2724000.0,68000.0,-1725000.0,-1.0,0.0,0.0,0.0,0.0,0.0,0.0,0.0,0.0
1536693432682883544,21854,1536693432678739000,base_link,-2724000.0,68000.0,-1725000.0,-1.0,0.0,0.0,0.0,0.0,0.0,0.0,0.0,0.0
1536693432782843896,21855,1536693432780218552,base_link,-2203000.0,73000.0,-1890000.0,-1.0,0.0,0.0,0.0,0.0,0.0,0.0,0.0,0.0
1536693432880499416,21856,1536693432879938360,base_link,-2330000.0,68000.0,-1636000.0,-1.0,0.0,0.0,0.0,0.0,0.0,0.0,0.0,0.0
1536693432968371224,21857,1536693432967838520,base_link,-1147000.0,43000.0,-1548000.0,-1.0,0.0,0.0,0.0,0.0,0.0,0.0,0.0,0.0
1536693433104329656,21858,1536693433103583224,base_link,-2195000.0,70000.0,-1446000.0,-1.0,0.0,0.0,0.0,0.0,0.0,0.0,0.0,0.0
1536693433176894840,21859,1536693433175580792,base_link,-2195000.0,70000.0,-1446000.0,-1.0,0.0,0.0,0.0,0.0,0.0,0.0,0.0,0.0
1536693433280624824,21860,1536693433279522296,base_link,-2567000.0,70000.0,-1473000.0,-1.0,0.0,0.0,0.0,0.0,0.0,0.0,0.0,0.0
1536693433379030200,21861,1536693433378476632,base_link,-1199000.0,36000.0,-1479000.0,-1.0,0.0,0.0,0.0,0.0,0.0,0.0,0.0,0.0
1536693433494515512,21862,1536693433493665208,base_link,-1003000.0,14000.0,-1388000.0,-1.0,0.0,0.0,0.0,0.0,0.0,0.0,0.0,0.0
1536693433603302968,21863,1536693433602194840,base_link,-236000.0,-13000.0,-1257000.0,-1.0,0.0,0.0,0.0,0.0,0.0,0.0,0.0,0.0
1536693433676323448,21864,1536693433675814424,base_link,-236000.0,-13000.0,-1257000.0,-1.0,0.0,0.0,0.0,0.0,0.0,0.0,0.0,0.0
1536693433781353880,21865,1536693433780327352,base_link,-673000.0,6000.0,-1348000.0,-1.0,0.0,0.0,0.0,0.0,0.0,0.0,0.0,0.0
1536693433881412760,21866,1536693433880985240,base_link,-485000.0,28000.0,-1449000.0,-1.0,0.0,0.0,0.0,0.0,0.0,0.0,0.0,0.0
1536693433961700920,21867,1536693433961144536,base_link,-1743000.0,22000.0,-1236000.0,-1.0,0.0,0.0,0.0,0.0,0.0,0.0,0.0,0.0
1536693434055691864,21868,1536693434054080984,base_link,-1374000.0,9000.0,-1326000.0,-1.0,0.0,0.0,0.0,0.0,0.0,0.0,0.0,0.0
1536693434181898680,21869,1536693434180192824,base_link,-1075000.0,28000.0,-1229000.0,-1.0,0.0,0.0,0.0,0.0,0.0,0.0,0.0,0.0
1536693434274637688,21870,1536693434273923544,base_link,-121000.0,-2000.0,-1261000.0,-1.0,0.0,0.0,0.0,0.0,0.0,0.0,0.0,0.0
1536693434380362136,21871,1536693434379728088,base_link,-1363000.0,15000.0,-1192000.0,-1.0,0.0,0.0,0.0,0.0,0.0,0.0,0.0,0.0
1536693434479095192,21872,1536693434478425336,base_link,-664000.0,2000.0,-1261000.0,-1.0,0.0,0.0,0.0,0.0,0.0,0.0,0.0,0.0
1536693434584732728,21873,1536693434583811192,base_link,-488000.0,1000.0,-1216000.0,-1.0,0.0,0.0,0.0,0.0,0.0,0.0,0.0,0.0
1536693434684241528,21874,1536693434682694136,base_link,-662000.0,22000.0,-1242000.0,-1.0,0.0,0.0,0.0,0.0,0.0,0.0,0.0,0.0
1536693434756472120,21875,1536693434754381496,base_link,-897000.0,7000.0,-1243000.0,-1.0,0.0,0.0,0.0,0.0,0.0,0.0,0.0,0.0
1536693434874566680,21876,1536693434873706136,base_link,-1171000.0,6000.0,-1182000.0,-1.0,0.0,0.0,0.0,0.0,0.0,0.0,0.0,0.0
1536693434983256984,21877,1536693434982085656,base_link,-658000.0,2000.0,-1187000.0,-1.0,0.0,0.0,0.0,0.0,0.0,0.0,0.0,0.0
1536693435116796568,21878,1536693435115911832,base_link,-1353000.0,23000.0,-1186000.0,-1.0,0.0,0.0,0.0,0.0,0.0,0.0,0.0,0.0
1536693435187439608,21879,1536693435183958104,base_link,-1353000.0,23000.0,-1186000.0,-1.0,0.0,0.0,0.0,0.0,0.0,0.0,0.0,0.0
1536693435293656344,21880,1536693435293146744,base_link,-993000.0,16000.0,-1141000.0,-1.0,0.0,0.0,0.0,0.0,0.0,0.0,0.0,0.0
1536693435380627896,21881,1536693435379537592,base_link,-642000.0,20000.0,-1174000.0,-1.0,0.0,0.0,0.0,0.0,0.0,0.0,0.0,0.0
1536693435477419576,21882,1536693435475274776,base_link,-931000.0,26000.0,-1144000.0,-1.0,0.0,0.0,0.0,0.0,0.0,0.0,0.0,0.0
1536693435573638424,21883,1536693435573181624,base_link,-613000.0,36000.0,-1138000.0,-1.0,0.0,0.0,0.0,0.0,0.0,0.0,0.0,0.0
1536693435714530488,21884,1536693435713836248,base_link,-970000.0,57000.0,-1126000.0,-1.0,0.0,0.0,0.0,0.0,0.0,0.0,0.0,0.0
1536693435779936984,21885,1536693435779462712,base_link,-970000.0,57000.0,-1126000.0,-1.0,0.0,0.0,0.0,0.0,0.0,0.0,0.0,0.0
1536693435909333048,21886,1536693435908561784,base_link,-897000.0,68000.0,-1081000.0,-1.0,0.0,0.0,0.0,0.0,0.0,0.0,0.0,0.0
1536693435979435736,21887,1536693435978983352,base_link,-897000.0,68000.0,-1081000.0,-1.0,0.0,0.0,0.0,0.0,0.0,0.0,0.0,0.0
1536693436083558392,21888,1536693436082978360,base_link,-898000.0,93000.0,-1065000.0,-1.0,0.0,0.0,0.0,0.0,0.0,0.0,0.0,0.0
1536693436211323928,21889,1536693436209773304,base_link,-972000.0,134000.0,-1089000.0,-1.0,0.0,0.0,0.0,0.0,0.0,0.0,0.0,0.0
1536693436273524088,21890,1536693436273008984,base_link,-972000.0,134000.0,-1089000.0,-1.0,0.0,0.0,0.0,0.0,0.0,0.0,0.0,0.0
1536693436388126360,21891,1536693436379997848,base_link,-856000.0,140000.0,-981000.0,-1.0,0.0,0.0,0.0,0.0,0.0,0.0,0.0,0.0
1536693436483093016,21892,1536693436481399256,base_link,-839000.0,163000.0,-976000.0,-1.0,0.0,0.0,0.0,0.0,0.0,0.0,0.0,0.0
1536693436578792728,21893,1536693436577914232,base_link,-816000.0,184000.0,-966000.0,-1.0,0.0,0.0,0.0,0.0,0.0,0.0,0.0,0.0
1536693436750526968,21894,1536693436748857784,base_link,-771000.0,228000.0,-917000.0,-1.0,0.0,0.0,0.0,0.0,0.0,0.0,0.0,0.0
1536693436789119096,21895,1536693436787226968,base_link,-771000.0,228000.0,-917000.0,-1.0,0.0,0.0,0.0,0.0,0.0,0.0,0.0,0.0
1536693436894786680,21896,1536693436893699096,base_link,-743000.0,272000.0,-863000.0,-1.0,0.0,0.0,0.0,0.0,0.0,0.0,0.0,0.0
1536693436985555832,21897,1536693436985022488,base_link,-743000.0,272000.0,-863000.0,-1.0,0.0,0.0,0.0,0.0,0.0,0.0,0.0,0.0
1536693437069240024,21898,1536693437067207448,base_link,-734000.0,292000.0,-865000.0,-1.0,0.0,0.0,0.0,0.0,0.0,0.0,0.0,0.0
1536693437221418744,21899,1536693437219873944,base_link,-712000.0,327000.0,-811000.0,-1.0,0.0,0.0,0.0,0.0,0.0,0.0,0.0,0.0
1536693437310368856,21900,1536693437309699000,base_link,-683000.0,340000.0,-786000.0,-1.0,0.0,0.0,0.0,0.0,0.0,0.0,0.0,0.0
1536693437377145080,21901,1536693437373106296,base_link,-683000.0,340000.0,-786000.0,-1.0,0.0,0.0,0.0,0.0,0.0,0.0,0.0,0.0
1536693437497091928,21902,1536693437496179128,base_link,-680000.0,364000.0,-771000.0,-1.0,0.0,0.0,0.0,0.0,0.0,0.0,0.0,0.0
1536693437568540344,21903,1536693437567689208,base_link,-680000.0,364000.0,-771000.0,-1.0,0.0,0.0,0.0,0.0,0.0,0.0,0.0,0.0
1536693437718985880,21904,1536693437718313144,base_link,-646000.0,379000.0,-723000.0,-1.0,0.0,0.0,0.0,0.0,0.0,0.0,0.0,0.0
1536693437782920248,21905,1536693437782229016,base_link,-646000.0,379000.0,-723000.0,-1.0,0.0,0.0,0.0,0.0,0.0,0.0,0.0,0.0
1536693437870590904,21906,1536693437865125688,base_link,-634000.0,387000.0,-715000.0,-1.0,0.0,0.0,0.0,0.0,0.0,0.0,0.0,0.0
1536693437974401336,21907,1536693437971586328,base_link,-618000.0,395000.0,-703000.0,-1.0,0.0,0.0,0.0,0.0,0.0,0.0,0.0,0.0
1536693438096006680,21908,1536693438094752632,base_link,-618000.0,395000.0,-703000.0,-1.0,0.0,0.0,0.0,0.0,0.0,0.0,0.0,0.0
1536693438168102168,21909,1536693438167191416,base_link,-611000.0,395000.0,-690000.0,-1.0,0.0,0.0,0.0,0.0,0.0,0.0,0.0,0.0
1536693438304028632,21910,1536693438303183192,base_link,-584000.0,397000.0,-685000.0,-1.0,0.0,0.0,0.0,0.0,0.0,0.0,0.0,0.0
1536693438387303896,21911,1536693438385462520,base_link,-574000.0,402000.0,-686000.0,-1.0,0.0,0.0,0.0,0.0,0.0,0.0,0.0,0.0
1536693438473178584,21912,1536693438472415352,base_link,-572000.0,401000.0,-684000.0,-1.0,0.0,0.0,0.0,0.0,0.0,0.0,0.0,0.0
1536693438596772760,21913,1536693438596130936,base_link,-561000.0,400000.0,-696000.0,-1.0,0.0,0.0,0.0,0.0,0.0,0.0,0.0,0.0
1536693438687437464,21914,1536693438686917592,base_link,-555000.0,400000.0,-687000.0,-1.0,0.0,0.0,0.0,0.0,0.0,0.0,0.0,0.0
1536693438773895864,21915,1536693438773241496,base_link,-548000.0,399000.0,-696000.0,-1.0,0.0,0.0,0.0,0.0,0.0,0.0,0.0,0.0
1536693438882527480,21916,1536693438881135544,base_link,-541000.0,398000.0,-690000.0,-1.0,0.0,0.0,0.0,0.0,0.0,0.0,0.0,0.0
1536693438990039256,21917,1536693438988989432,base_link,-550000.0,402000.0,-709000.0,-1.0,0.0,0.0,0.0,0.0,0.0,0.0,0.0,0.0
1536693439069906232,21918,1536693439068959864,base_link,-546000.0,403000.0,-709000.0,-1.0,0.0,0.0,0.0,0.0,0.0,0.0,0.0,0.0
1536693439178088152,21919,1536693439177207960,base_link,-568000.0,404000.0,-721000.0,-1.0,0.0,0.0,0.0,0.0,0.0,0.0,0.0,0.0
1536693439292326584,21920,1536693439291555160,base_link,-560000.0,400000.0,-719000.0,-1.0,0.0,0.0,0.0,0.0,0.0,0.0,0.0,0.0
1536693439377399608,21921,1536693439376907128,base_link,-566000.0,406000.0,-736000.0,-1.0,0.0,0.0,0.0,0.0,0.0,0.0,0.0,0.0
1536693439479811096,21922,1536693439478684216,base_link,-568000.0,402000.0,-737000.0,-1.0,0.0,0.0,0.0,0.0,0.0,0.0,0.0,0.0
1536693439566143064,21923,1536693439564199416,base_link,-584000.0,401000.0,-754000.0,-1.0,0.0,0.0,0.0,0.0,0.0,0.0,0.0,0.0
1536693439690954392,21924,1536693439689110872,base_link,-569000.0,395000.0,-769000.0,-1.0,0.0,0.0,0.0,0.0,0.0,0.0,0.0,0.0
1536693439809633816,21925,1536693439808337720,base_link,-596000.0,389000.0,-791000.0,-1.0,0.0,0.0,0.0,0.0,0.0,0.0,0.0,0.0
1536693439884027768,21926,1536693439883221208,base_link,-596000.0,389000.0,-791000.0,-1.0,0.0,0.0,0.0,0.0,0.0,0.0,0.0,0.0
1536693439983475992,21927,1536693439982793624,base_link,-623000.0,389000.0,-808000.0,-1.0,0.0,0.0,0.0,0.0,0.0,0.0,0.0,0.0
1536693440083521688,21928,1536693440083117336,base_link,-618000.0,384000.0,-811000.0,-1.0,0.0,0.0,0.0,0.0,0.0,0.0,0.0,0.0
1536693440172312632,21929,1536693440171568216,base_link,-647000.0,377000.0,-827000.0,-1.0,0.0,0.0,0.0,0.0,0.0,0.0,0.0,0.0
1536693440306555000,21930,1536693440305925880,base_link,-657000.0,381000.0,-854000.0,-1.0,0.0,0.0,0.0,0.0,0.0,0.0,0.0,0.0
1536693440387429880,21931,1536693440386502040,base_link,-657000.0,381000.0,-854000.0,-1.0,0.0,0.0,0.0,0.0,0.0,0.0,0.0,0.0
1536693440489387864,21932,1536693440488510424,base_link,-652000.0,370000.0,-857000.0,-1.0,0.0,0.0,0.0,0.0,0.0,0.0,0.0,0.0
1536693440590572440,21933,1536693440589389880,base_link,-655000.0,365000.0,-856000.0,-1.0,0.0,0.0,0.0,0.0,0.0,0.0,0.0,0.0
1536693440685581624,21934,1536693440685031032,base_link,-675000.0,366000.0,-889000.0,-1.0,0.0,0.0,0.0,0.0,0.0,0.0,0.0,0.0
1536693440781597144,21935,1536693440780790616,base_link,-686000.0,358000.0,-878000.0,-1.0,0.0,0.0,0.0,0.0,0.0,0.0,0.0,0.0
1536693440865659224,21936,1536693440865094808,base_link,-684000.0,354000.0,-875000.0,-1.0,0.0,0.0,0.0,0.0,0.0,0.0,0.0,0.0
1536693440971709112,21937,1536693440970255864,base_link,-718000.0,352000.0,-929000.0,-1.0,0.0,0.0,0.0,0.0,0.0,0.0,0.0,0.0
1536693441074653304,21938,1536693441073584056,base_link,-718000.0,344000.0,-900000.0,-1.0,0.0,0.0,0.0,0.0,0.0,0.0,0.0,0.0
1536693441174880664,21939,1536693441174099896,base_link,-720000.0,336000.0,-908000.0,-1.0,0.0,0.0,0.0,0.0,0.0,0.0,0.0,0.0
1536693441278446808,21940,1536693441277399256,base_link,-694000.0,335000.0,-911000.0,-1.0,0.0,0.0,0.0,0.0,0.0,0.0,0.0,0.0
1536693441403166328,21941,1536693441401111800,base_link,-731000.0,331000.0,-946000.0,-1.0,0.0,0.0,0.0,0.0,0.0,0.0,0.0,0.0
1536693441488235192,21942,1536693441487726360,base_link,-731000.0,331000.0,-946000.0,-1.0,0.0,0.0,0.0,0.0,0.0,0.0,0.0,0.0
1536693441559634264,21943,1536693441558570680,base_link,-760000.0,325000.0,-938000.0,-1.0,0.0,0.0,0.0,0.0,0.0,0.0,0.0,0.0
1536693441682908408,21944,1536693441680650424,base_link,-736000.0,318000.0,-954000.0,-1.0,0.0,0.0,0.0,0.0,0.0,0.0,0.0,0.0
1536693441761668920,21945,1536693441760447224,base_link,-756000.0,318000.0,-938000.0,-1.0,0.0,0.0,0.0,0.0,0.0,0.0,0.0,0.0
1536693441883818680,21946,1536693441881775512,base_link,-741000.0,310000.0,-958000.0,-1.0,0.0,0.0,0.0,0.0,0.0,0.0,0.0,0.0
1536693441985634104,21947,1536693441984869560,base_link,-741000.0,310000.0,-940000.0,-1.0,0.0,0.0,0.0,0.0,0.0,0.0,0.0,0.0
1536693442074151096,21948,1536693442073592088,base_link,-758000.0,302000.0,-963000.0,-1.0,0.0,0.0,0.0,0.0,0.0,0.0,0.0,0.0
1536693442185112152,21949,1536693442183001144,base_link,-741000.0,301000.0,-947000.0,-1.0,0.0,0.0,0.0,0.0,0.0,0.0,0.0,0.0
1536693442261160600,21950,1536693442260577112,base_link,-737000.0,298000.0,-960000.0,-1.0,0.0,0.0,0.0,0.0,0.0,0.0,0.0,0.0
1536693442377746872,21951,1536693442377021208,base_link,-744000.0,298000.0,-951000.0,-1.0,0.0,0.0,0.0,0.0,0.0,0.0,0.0,0.0
1536693442481963032,21952,1536693442481490744,base_link,-756000.0,294000.0,-945000.0,-1.0,0.0,0.0,0.0,0.0,0.0,0.0,0.0,0.0
1536693442593070168,21953,1536693442592561112,base_link,-779000.0,307000.0,-992000.0,-1.0,0.0,0.0,0.0,0.0,0.0,0.0,0.0,0.0
1536693442677259736,21954,1536693442676748952,base_link,-779000.0,307000.0,-992000.0,-1.0,0.0,0.0,0.0,0.0,0.0,0.0,0.0,0.0
1536693442773699704,21955,1536693442773038232,base_link,-787000.0,309000.0,-971000.0,-1.0,0.0,0.0,0.0,0.0,0.0,0.0,0.0,0.0
1536693442873728984,21956,1536693442873380504,base_link,-798000.0,306000.0,-974000.0,-1.0,0.0,0.0,0.0,0.0,0.0,0.0,0.0,0.0
1536693442979860728,21957,1536693442979285144,base_link,-788000.0,307000.0,-979000.0,-1.0,0.0,0.0,0.0,0.0,0.0,0.0,0.0,0.0
1536693443077894200,21958,1536693443077338616,base_link,-782000.0,308000.0,-988000.0,-1.0,0.0,0.0,0.0,0.0,0.0,0.0,0.0,0.0
1536693443189262936,21959,1536693443188460600,base_link,-796000.0,311000.0,-972000.0,-1.0,0.0,0.0,0.0,0.0,0.0,0.0,0.0,0.0
1536693443270538936,21960,1536693443270185400,base_link,-796000.0,311000.0,-972000.0,-1.0,0.0,0.0,0.0,0.0,0.0,0.0,0.0,0.0
1536693443386692728,21961,1536693443386050648,base_link,-792000.0,314000.0,-993000.0,-1.0,0.0,0.0,0.0,0.0,0.0,0.0,0.0,0.0
1536693443475648856,21962,1536693443474948024,base_link,-772000.0,310000.0,-970000.0,-1.0,0.0,0.0,0.0,0.0,0.0,0.0,0.0,0.0
1536693443584451992,21963,1536693443583536280,base_link,-797000.0,311000.0,-968000.0,-1.0,0.0,0.0,0.0,0.0,0.0,0.0,0.0,0.0
1536693443706638616,21964,1536693443705800120,base_link,-773000.0,313000.0,-981000.0,-1.0,0.0,0.0,0.0,0.0,0.0,0.0,0.0,0.0
1536693443785744632,21965,1536693443785196920,base_link,-773000.0,313000.0,-981000.0,-1.0,0.0,0.0,0.0,0.0,0.0,0.0,0.0,0.0
1536693443902702712,21966,1536693443902126168,base_link,-789000.0,326000.0,-970000.0,-1.0,0.0,0.0,0.0,0.0,0.0,0.0,0.0,0.0
1536693443977372472,21967,1536693443975125336,base_link,-789000.0,326000.0,-970000.0,-1.0,0.0,0.0,0.0,0.0,0.0,0.0,0.0,0.0
1536693444066842328,21968,1536693444066122808,base_link,-870000.0,331000.0,-1005000.0,-1.0,0.0,0.0,0.0,0.0,0.0,0.0,0.0,0.0
1536693444206636472,21969,1536693444199766200,base_link,-825000.0,339000.0,-1001000.0,-1.0,0.0,0.0,0.0,0.0,0.0,0.0,0.0,0.0
1536693444273836536,21970,1536693444273219640,base_link,-825000.0,339000.0,-1001000.0,-1.0,0.0,0.0,0.0,0.0,0.0,0.0,0.0,0.0
1536693444384016440,21971,1536693444380084376,base_link,-863000.0,353000.0,-1028000.0,-1.0,0.0,0.0,0.0,0.0,0.0,0.0,0.0,0.0
1536693444476767384,21972,1536693444475274872,base_link,-863000.0,353000.0,-1028000.0,-1.0,0.0,0.0,0.0,0.0,0.0,0.0,0.0,0.0
1536693444576936984,21973,1536693444574156728,base_link,-870000.0,358000.0,-1039000.0,-1.0,0.0,0.0,0.0,0.0,0.0,0.0,0.0,0.0
1536693444707810040,21974,1536693444706416408,base_link,-888000.0,363000.0,-1024000.0,-1.0,0.0,0.0,0.0,0.0,0.0,0.0,0.0,0.0
1536693444768303256,21975,1536693444767732728,base_link,-888000.0,363000.0,-1024000.0,-1.0,0.0,0.0,0.0,0.0,0.0,0.0,0.0,0.0
1536693444920753752,21976,1536693444918368760,base_link,-1067000.0,370000.0,-1033000.0,-1.0,0.0,0.0,0.0,0.0,0.0,0.0,0.0,0.0
1536693444998748504,21977,1536693444994931224,base_link,-1067000.0,370000.0,-1033000.0,-1.0,0.0,0.0,0.0,0.0,0.0,0.0,0.0,0.0
1536693445067956600,21978,1536693445067555576,base_link,-217000.0,369000.0,-1027000.0,-1.0,0.0,0.0,0.0,0.0,0.0,0.0,0.0,0.0
1536693445167475288,21979,1536693445166980088,base_link,-583000.0,369000.0,-1009000.0,-1.0,0.0,0.0,0.0,0.0,0.0,0.0,0.0,0.0
1536693445309436440,21980,1536693445308718040,base_link,-865000.0,361000.0,-1057000.0,-1.0,0.0,0.0,0.0,0.0,0.0,0.0,0.0,0.0
1536693445366055704,21981,1536693445365424216,base_link,-865000.0,361000.0,-1057000.0,-1.0,0.0,0.0,0.0,0.0,0.0,0.0,0.0,0.0
1536693445464864376,21982,1536693445464167704,base_link,-157000.0,334000.0,-1022000.0,-1.0,0.0,0.0,0.0,0.0,0.0,0.0,0.0,0.0
1536693445592735864,21983,1536693445592229432,base_link,-518000.0,341000.0,-1041000.0,-1.0,0.0,0.0,0.0,0.0,0.0,0.0,0.0,0.0
1536693445672931160,21984,1536693445672300280,base_link,-899000.0,343000.0,-1052000.0,-1.0,0.0,0.0,0.0,0.0,0.0,0.0,0.0,0.0
1536693445800625624,21985,1536693445798742616,base_link,-891000.0,336000.0,-1029000.0,-1.0,0.0,0.0,0.0,0.0,0.0,0.0,0.0,0.0
1536693445899238712,21986,1536693445898412856,base_link,-841000.0,335000.0,-1041000.0,-1.0,0.0,0.0,0.0,0.0,0.0,0.0,0.0,0.0
1536693445972753880,21987,1536693445967852376,base_link,-841000.0,335000.0,-1041000.0,-1.0,0.0,0.0,0.0,0.0,0.0,0.0,0.0,0.0
1536693446087500472,21988,1536693446087073880,base_link,-893000.0,334000.0,-1014000.0,-1.0,0.0,0.0,0.0,0.0,0.0,0.0,0.0,0.0
1536693446170662264,21989,1536693446169785400,base_link,-848000.0,336000.0,-1049000.0,-1.0,0.0,0.0,0.0,0.0,0.0,0.0,0.0,0.0
1536693446286058456,21990,1536693446285574264,base_link,-894000.0,331000.0,-1006000.0,-1.0,0.0,0.0,0.0,0.0,0.0,0.0,0.0,0.0
1536693446354262360,21991,1536693446353666680,base_link,-844000.0,336000.0,-1047000.0,-1.0,0.0,0.0,0.0,0.0,0.0,0.0,0.0,0.0
1536693446481198040,21992,1536693446480824888,base_link,-893000.0,343000.0,-1016000.0,-1.0,0.0,0.0,0.0,0.0,0.0,0.0,0.0,0.0
1536693446599330968,21993,1536693446598773656,base_link,-806000.0,324000.0,-989000.0,-1.0,0.0,0.0,0.0,0.0,0.0,0.0,0.0,0.0
1536693446681886904,21994,1536693446681459192,base_link,-806000.0,324000.0,-989000.0,-1.0,0.0,0.0,0.0,0.0,0.0,0.0,0.0,0.0
1536693446781214840,21995,1536693446780477656,base_link,-846000.0,321000.0,-1003000.0,-1.0,0.0,0.0,0.0,0.0,0.0,0.0,0.0,0.0
1536693446871457464,21996,1536693446870829624,base_link,-814000.0,313000.0,-1003000.0,-1.0,0.0,0.0,0.0,0.0,0.0,0.0,0.0,0.0
1536693447010317784,21997,1536693447009484888,base_link,-813000.0,307000.0,-987000.0,-1.0,0.0,0.0,0.0,0.0,0.0,0.0,0.0,0.0
1536693447107936696,21998,1536693447107295992,base_link,-834000.0,300000.0,-1000000.0,-1.0,0.0,0.0,0.0,0.0,0.0,0.0,0.0,0.0
1536693447189548472,21999,1536693447188418104,base_link,-834000.0,300000.0,-1000000.0,-1.0,0.0,0.0,0.0,0.0,0.0,0.0,0.0,0.0
1536693447278000184,22000,1536693447277312952,base_link,-826000.0,298000.0,-1006000.0,-1.0,0.0,0.0,0.0,0.0,0.0,0.0,0.0,0.0
1536693447392008472,22001,1536693447390291672,base_link,-817000.0,300000.0,-1031000.0,-1.0,0.0,0.0,0.0,0.0,0.0,0.0,0.0,0.0
1536693447530122840,22002,1536693447529185304,base_link,-826000.0,301000.0,-1000000.0,-1.0,0.0,0.0,0.0,0.0,0.0,0.0,0.0,0.0
1536693447588998552,22003,1536693447578915800,base_link,-826000.0,301000.0,-1000000.0,-1.0,0.0,0.0,0.0,0.0,0.0,0.0,0.0,0.0
1536693447685998136,22004,1536693447685591288,base_link,-820000.0,305000.0,-1012000.0,-1.0,0.0,0.0,0.0,0.0,0.0,0.0,0.0,0.0
1536693447770678904,22005,1536693447768523544,base_link,-820000.0,309000.0,-1007000.0,-1.0,0.0,0.0,0.0,0.0,0.0,0.0,0.0,0.0
1536693447872685304,22006,1536693447872197752,base_link,-806000.0,310000.0,-1014000.0,-1.0,0.0,0.0,0.0,0.0,0.0,0.0,0.0,0.0
1536693447981300472,22007,1536693447980620856,base_link,-831000.0,311000.0,-1003000.0,-1.0,0.0,0.0,0.0,0.0,0.0,0.0,0.0,0.0
1536693448080051576,22008,1536693448079373560,base_link,-812000.0,308000.0,-1005000.0,-1.0,0.0,0.0,0.0,0.0,0.0,0.0,0.0,0.0
1536693448178910232,22009,1536693448178286072,base_link,-825000.0,307000.0,-1013000.0,-1.0,0.0,0.0,0.0,0.0,0.0,0.0,0.0,0.0
1536693448282673112,22010,1536693448282300504,base_link,-823000.0,297000.0,-1001000.0,-1.0,0.0,0.0,0.0,0.0,0.0,0.0,0.0,0.0
1536693448377781048,22011,1536693448376992728,base_link,-824000.0,299000.0,-1027000.0,-1.0,0.0,0.0,0.0,0.0,0.0,0.0,0.0,0.0
1536693448503775448,22012,1536693448503272024,base_link,-882000.0,298000.0,-1050000.0,-1.0,0.0,0.0,0.0,0.0,0.0,0.0,0.0,0.0
1536693448583605400,22013,1536693448582062136,base_link,-868000.0,293000.0,-1043000.0,-1.0,0.0,0.0,0.0,0.0,0.0,0.0,0.0,0.0
1536693448677137208,22014,1536693448676641208,base_link,-868000.0,293000.0,-1043000.0,-1.0,0.0,0.0,0.0,0.0,0.0,0.0,0.0,0.0
1536693448789829752,22015,1536693448789227384,base_link,-869000.0,285000.0,-1039000.0,-1.0,0.0,0.0,0.0,0.0,0.0,0.0,0.0,0.0
1536693448882806168,22016,1536693448882152760,base_link,-869000.0,285000.0,-1039000.0,-1.0,0.0,0.0,0.0,0.0,0.0,0.0,0.0,0.0
1536693448975013304,22017,1536693448972664504,base_link,-865000.0,283000.0,-1053000.0,-1.0,0.0,0.0,0.0,0.0,0.0,0.0,0.0,0.0
1536693449095270648,22018,1536693449094695416,base_link,-877000.0,279000.0,-1056000.0,-1.0,0.0,0.0,0.0,0.0,0.0,0.0,0.0,0.0
1536693449190463768,22019,1536693449186423992,base_link,-879000.0,272000.0,-1049000.0,-1.0,0.0,0.0,0.0,0.0,0.0,0.0,0.0,0.0
1536693449289370456,22020,1536693449288898904,base_link,-237000.0,259000.0,-1080000.0,-1.0,0.0,0.0,0.0,0.0,0.0,0.0,0.0,0.0
1536693449368077176,22021,1536693449367331256,base_link,-1083000.0,259000.0,-1086000.0,-1.0,0.0,0.0,0.0,0.0,0.0,0.0,0.0,0.0
1536693449476506168,22022,1536693449474916216,base_link,-1251000.0,237000.0,-1056000.0,-1.0,0.0,0.0,0.0,0.0,0.0,0.0,0.0,0.0
1536693449593297752,22023,1536693449592787960,base_link,-408000.0,207000.0,-1111000.0,-1.0,0.0,0.0,0.0,0.0,0.0,0.0,0.0,0.0
1536693449674002232,22024,1536693449673538872,base_link,-408000.0,207000.0,-1111000.0,-1.0,0.0,0.0,0.0,0.0,0.0,0.0,0.0,0.0
1536693449807802904,22025,1536693449807228472,base_link,-2000.0,164000.0,-1129000.0,-1.0,0.0,0.0,0.0,0.0,0.0,0.0,0.0,0.0
1536693449917358296,22026,1536693449912194680,base_link,-1329000.0,171000.0,-1130000.0,-1.0,0.0,0.0,0.0,0.0,0.0,0.0,0.0,0.0
1536693449983299032,22027,1536693449982595768,base_link,-1329000.0,171000.0,-1130000.0,-1.0,0.0,0.0,0.0,0.0,0.0,0.0,0.0,0.0
1536693450082739864,22028,1536693450082382328,base_link,-1174000.0,159000.0,-1145000.0,-1.0,0.0,0.0,0.0,0.0,0.0,0.0,0.0,0.0
1536693450169094584,22029,1536693450166312312,base_link,-967000.0,139000.0,-1129000.0,-1.0,0.0,0.0,0.0,0.0,0.0,0.0,0.0,0.0
1536693450274491000,22030,1536693450273972088,base_link,-981000.0,123000.0,-1127000.0,-1.0,0.0,0.0,0.0,0.0,0.0,0.0,0.0,0.0
1536693450375465976,22031,1536693450374675320,base_link,-1380000.0,130000.0,-1197000.0,-1.0,0.0,0.0,0.0,0.0,0.0,0.0,0.0,0.0
1536693450504279320,22032,1536693450503354360,base_link,-1013000.0,115000.0,-1156000.0,-1.0,0.0,0.0,0.0,0.0,0.0,0.0,0.0,0.0
1536693450598931480,22033,1536693450597816024,base_link,-889000.0,97000.0,-1186000.0,-1.0,0.0,0.0,0.0,0.0,0.0,0.0,0.0,0.0
1536693450700415288,22034,1536693450699227928,base_link,-869000.0,86000.0,-1181000.0,-1.0,0.0,0.0,0.0,0.0,0.0,0.0,0.0,0.0
1536693450773683832,22035,1536693450772835544,base_link,-869000.0,86000.0,-1181000.0,-1.0,0.0,0.0,0.0,0.0,0.0,0.0,0.0,0.0
1536693450887724728,22036,1536693450887036664,base_link,77000.0,72000.0,-1179000.0,-1.0,0.0,0.0,0.0,0.0,0.0,0.0,0.0,0.0
1536693450977598968,22037,1536693450975576376,base_link,-522000.0,70000.0,-1224000.0,-1.0,0.0,0.0,0.0,0.0,0.0,0.0,0.0,0.0
1536693451082558616,22038,1536693451082038968,base_link,-1511000.0,72000.0,-1430000.0,-1.0,0.0,0.0,0.0,0.0,0.0,0.0,0.0,0.0
1536693451229287192,22039,1536693451228210392,base_link,-384000.0,56000.0,-1271000.0,-1.0,0.0,0.0,0.0,0.0,0.0,0.0,0.0,0.0
1536693451290053176,22040,1536693451289473272,base_link,-384000.0,56000.0,-1271000.0,-1.0,0.0,0.0,0.0,0.0,0.0,0.0,0.0,0.0
1536693451369130616,22041,1536693451368097144,base_link,-2723000.0,101000.0,-1620000.0,-1.0,0.0,0.0,0.0,0.0,0.0,0.0,0.0,0.0
1536693451465788856,22042,1536693451460680056,base_link,-2135000.0,77000.0,-1375000.0,-1.0,0.0,0.0,0.0,0.0,0.0,0.0,0.0,0.0
1536693451573561464,22043,1536693451572982584,base_link,-2192000.0,71000.0,-1328000.0,-1.0,0.0,0.0,0.0,0.0,0.0,0.0,0.0,0.0
1536693451725441688,22044,1536693451724391256,base_link,-2718000.0,88000.0,-1354000.0,-1.0,0.0,0.0,0.0,0.0,0.0,0.0,0.0,0.0
1536693451779932888,22045,1536693451778520632,base_link,-2718000.0,88000.0,-1354000.0,-1.0,0.0,0.0,0.0,0.0,0.0,0.0,0.0,0.0
1536693451885818008,22046,1536693451885395672,base_link,-1140000.0,32000.0,-1214000.0,-1.0,0.0,0.0,0.0,0.0,0.0,0.0,0.0,0.0
1536693451982652440,22047,1536693451981813272,base_link,-616000.0,43000.0,-1244000.0,-1.0,0.0,0.0,0.0,0.0,0.0,0.0,0.0,0.0
1536693452087710296,22048,1536693452086796600,base_link,-2041000.0,55000.0,-1264000.0,-1.0,0.0,0.0,0.0,0.0,0.0,0.0,0.0,0.0
1536693452172829592,22049,1536693452171984440,base_link,-2716000.0,58000.0,-1277000.0,-1.0,0.0,0.0,0.0,0.0,0.0,0.0,0.0,0.0
1536693452337445016,22050,1536693452336387064,base_link,-2190000.0,38000.0,-1256000.0,-1.0,0.0,0.0,0.0,0.0,0.0,0.0,0.0,0.0
1536693452388129144,22051,1536693452387726136,base_link,-2190000.0,38000.0,-1256000.0,-1.0,0.0,0.0,0.0,0.0,0.0,0.0,0.0,0.0
1536693452482528408,22052,1536693452481819960,base_link,-615000.0,9000.0,-1212000.0,-1.0,0.0,0.0,0.0,0.0,0.0,0.0,0.0,0.0
1536693452588400952,22053,1536693452587824952,base_link,-2042000.0,32000.0,-1238000.0,-1.0,0.0,0.0,0.0,0.0,0.0,0.0,0.0,0.0
1536693452699739256,22054,1536693452699255320,base_link,-1665000.0,12000.0,-1226000.0,-1.0,0.0,0.0,0.0,0.0,0.0,0.0,0.0,0.0
1536693452787167832,22055,1536693452786062808,base_link,-1140000.0,-3000.0,-1241000.0,-1.0,0.0,0.0,0.0,0.0,0.0,0.0,0.0,0.0
1536693452885231832,22056,1536693452883990872,base_link,-2716000.0,23000.0,-1301000.0,-1.0,0.0,0.0,0.0,0.0,0.0,0.0,0.0,0.0
1536693452974041688,22057,1536693452973343000,base_link,-2717000.0,32000.0,-1375000.0,-1.0,0.0,0.0,0.0,0.0,0.0,0.0,0.0,0.0
1536693453063872920,22058,1536693453062281112,base_link,-2721000.0,35000.0,-1564000.0,-1.0,0.0,0.0,0.0,0.0,0.0,0.0,0.0,0.0
1536693453185530776,22059,1536693453182219320,base_link,-2716000.0,24000.0,-1334000.0,-1.0,0.0,0.0,0.0,0.0,0.0,0.0,0.0,0.0
1536693453303666456,22060,1536693453303095576,base_link,-2716000.0,36000.0,-1302000.0,-1.0,0.0,0.0,0.0,0.0,0.0,0.0,0.0,0.0
1536693453385543992,22061,1536693453385107576,base_link,-1665000.0,-1.54672890732e-10,-1263000.0,-1.0,0.0,0.0,0.0,0.0,0.0,0.0,0.0,0.0
1536693453519626712,22062,1536693453518934296,base_link,436000.0,-46000.0,-1098000.0,-1.0,0.0,0.0,0.0,0.0,0.0,0.0,0.0,0.0
1536693453588256504,22063,1536693453587571256,base_link,436000.0,-46000.0,-1098000.0,-1.0,0.0,0.0,0.0,0.0,0.0,0.0,0.0,0.0
1536693453676644312,22064,1536693453675014648,base_link,-1139000.0,-20000.0,-1164000.0,-1.0,0.0,0.0,0.0,0.0,0.0,0.0,0.0,0.0
1536693453795191544,22065,1536693453794401240,base_link,-1626000.0,-25000.0,-1097000.0,-1.0,0.0,0.0,0.0,0.0,0.0,0.0,0.0,0.0
1536693453887808632,22066,1536693453886787736,base_link,-1626000.0,-25000.0,-1097000.0,-1.0,0.0,0.0,0.0,0.0,0.0,0.0,0.0,0.0
1536693453979192856,22067,1536693453978566424,base_link,-2089000.0,-19000.0,-1081000.0,-1.0,0.0,0.0,0.0,0.0,0.0,0.0,0.0,0.0
1536693454102895256,22068,1536693454097634872,base_link,-1101000.0,-27000.0,-1057000.0,-1.0,0.0,0.0,0.0,0.0,0.0,0.0,0.0,0.0
1536693454166306776,22069,1536693454163749912,base_link,-1101000.0,-27000.0,-1057000.0,-1.0,0.0,0.0,0.0,0.0,0.0,0.0,0.0,0.0
1536693454295169496,22070,1536693454294533880,base_link,-531000.0,-21000.0,-1008000.0,-1.0,0.0,0.0,0.0,0.0,0.0,0.0,0.0,0.0
1536693454430672344,22071,1536693454429762840,base_link,-1370000.0,-8000.0,-991000.0,-1.0,0.0,0.0,0.0,0.0,0.0,0.0,0.0,0.0
1536693454481203672,22072,1536693454473834040,base_link,-1370000.0,-8000.0,-991000.0,-1.0,0.0,0.0,0.0,0.0,0.0,0.0,0.0,0.0
1536693454588735000,22073,1536693454588068440,base_link,-684000.0,-9000.0,-974000.0,-1.0,0.0,0.0,0.0,0.0,0.0,0.0,0.0,0.0
1536693454687079096,22074,1536693454682600952,base_link,-992000.0,-4000.0,-935000.0,-1.0,0.0,0.0,0.0,0.0,0.0,0.0,0.0,0.0
1536693454829540792,22075,1536693454828404312,base_link,-927000.0,9000.0,-904000.0,-1.0,0.0,0.0,0.0,0.0,0.0,0.0,0.0,0.0
1536693454881832632,22076,1536693454881023608,base_link,-927000.0,9000.0,-904000.0,-1.0,0.0,0.0,0.0,0.0,0.0,0.0,0.0,0.0
1536693454979934712,22077,1536693454978778584,base_link,-842000.0,13000.0,-867000.0,-1.0,0.0,0.0,0.0,0.0,0.0,0.0,0.0,0.0
1536693455067198456,22078,1536693455066379224,base_link,-846000.0,22000.0,-850000.0,-1.0,0.0,0.0,0.0,0.0,0.0,0.0,0.0,0.0
1536693455199473656,22079,1536693455195075000,base_link,-826000.0,34000.0,-835000.0,-1.0,0.0,0.0,0.0,0.0,0.0,0.0,0.0,0.0
1536693455287635864,22080,1536693455283528376,base_link,-806000.0,40000.0,-826000.0,-1.0,0.0,0.0,0.0,0.0,0.0,0.0,0.0,0.0
1536693455400311352,22081,1536693455399386200,base_link,-754000.0,49000.0,-803000.0,-1.0,0.0,0.0,0.0,0.0,0.0,0.0,0.0,0.0
1536693455492570008,22082,1536693455491804824,base_link,-754000.0,49000.0,-803000.0,-1.0,0.0,0.0,0.0,0.0,0.0,0.0,0.0,0.0
1536693455571114840,22083,1536693455570062104,base_link,-742000.0,46000.0,-784000.0,-1.0,0.0,0.0,0.0,0.0,0.0,0.0,0.0,0.0
1536693455671688664,22084,1536693455671111352,base_link,-748000.0,51000.0,-794000.0,-1.0,0.0,0.0,0.0,0.0,0.0,0.0,0.0,0.0
1536693455809947192,22085,1536693455809090968,base_link,-731000.0,60000.0,-783000.0,-1.0,0.0,0.0,0.0,0.0,0.0,0.0,0.0,0.0
1536693455885283672,22086,1536693455883807160,base_link,-731000.0,60000.0,-783000.0,-1.0,0.0,0.0,0.0,0.0,0.0,0.0,0.0,0.0
1536693456003321368,22087,1536693456001384088,base_link,-684000.0,76000.0,-757000.0,-1.0,0.0,0.0,0.0,0.0,0.0,0.0,0.0,0.0
1536693456073692504,22088,1536693456073271096,base_link,-684000.0,76000.0,-757000.0,-1.0,0.0,0.0,0.0,0.0,0.0,0.0,0.0,0.0
1536693456176469272,22089,1536693456174879640,base_link,-670000.0,86000.0,-767000.0,-1.0,0.0,0.0,0.0,0.0,0.0,0.0,0.0,0.0
1536693456285090392,22090,1536693456283109656,base_link,-673000.0,93000.0,-763000.0,-1.0,0.0,0.0,0.0,0.0,0.0,0.0,0.0,0.0
1536693456362848056,22091,1536693456362131832,base_link,-654000.0,103000.0,-756000.0,-1.0,0.0,0.0,0.0,0.0,0.0,0.0,0.0,0.0
1536693456471016312,22092,1536693456469760408,base_link,-637000.0,111000.0,-752000.0,-1.0,0.0,0.0,0.0,0.0,0.0,0.0,0.0,0.0
1536693456600984088,22093,1536693456599818872,base_link,-607000.0,117000.0,-734000.0,-1.0,0.0,0.0,0.0,0.0,0.0,0.0,0.0,0.0
1536693456670167864,22094,1536693456669647608,base_link,-607000.0,117000.0,-734000.0,-1.0,0.0,0.0,0.0,0.0,0.0,0.0,0.0,0.0
1536693456779004504,22095,1536693456774661624,base_link,-599000.0,123000.0,-735000.0,-1.0,0.0,0.0,0.0,0.0,0.0,0.0,0.0,0.0
1536693456887598328,22096,1536693456884205624,base_link,-597000.0,127000.0,-743000.0,-1.0,0.0,0.0,0.0,0.0,0.0,0.0,0.0,0.0
1536693456989343832,22097,1536693456987992632,base_link,-590000.0,128000.0,-748000.0,-1.0,0.0,0.0,0.0,0.0,0.0,0.0,0.0,0.0
1536693457080991864,22098,1536693457078456088,base_link,-619000.0,132000.0,-762000.0,-1.0,0.0,0.0,0.0,0.0,0.0,0.0,0.0,0.0
1536693457183906392,22099,1536693457183076856,base_link,-610000.0,135000.0,-755000.0,-1.0,0.0,0.0,0.0,0.0,0.0,0.0,0.0,0.0
1536693457288921144,22100,1536693457287954680,base_link,-611000.0,138000.0,-762000.0,-1.0,0.0,0.0,0.0,0.0,0.0,0.0,0.0,0.0
1536693457393154776,22101,1536693457391733496,base_link,-626000.0,144000.0,-783000.0,-1.0,0.0,0.0,0.0,0.0,0.0,0.0,0.0,0.0
1536693457492875768,22102,1536693457491856184,base_link,-631000.0,151000.0,-778000.0,-1.0,0.0,0.0,0.0,0.0,0.0,0.0,0.0,0.0
1536693457596136664,22103,1536693457594064152,base_link,-665000.0,171000.0,-808000.0,-1.0,0.0,0.0,0.0,0.0,0.0,0.0,0.0,0.0
1536693457690743832,22104,1536693457687773272,base_link,-665000.0,171000.0,-808000.0,-1.0,0.0,0.0,0.0,0.0,0.0,0.0,0.0,0.0
1536693457773184984,22105,1536693457772288888,base_link,-669000.0,169000.0,-802000.0,-1.0,0.0,0.0,0.0,0.0,0.0,0.0,0.0,0.0
1536693457887125880,22106,1536693457878168984,base_link,-674000.0,170000.0,-830000.0,-1.0,0.0,0.0,0.0,0.0,0.0,0.0,0.0,0.0
1536693457994927480,22107,1536693457992635352,base_link,-709000.0,168000.0,-838000.0,-1.0,0.0,0.0,0.0,0.0,0.0,0.0,0.0,0.0
1536693458142472696,22108,1536693458141437112,base_link,-744000.0,170000.0,-872000.0,-1.0,0.0,0.0,0.0,0.0,0.0,0.0,0.0,0.0
1536693458186858232,22109,1536693458186018072,base_link,-744000.0,170000.0,-872000.0,-1.0,0.0,0.0,0.0,0.0,0.0,0.0,0.0,0.0
1536693458268733400,22110,1536693458268030648,base_link,-776000.0,169000.0,-891000.0,-1.0,0.0,0.0,0.0,0.0,0.0,0.0,0.0,0.0
1536693458439486968,22111,1536693458438604376,base_link,-801000.0,169000.0,-900000.0,-1.0,0.0,0.0,0.0,0.0,0.0,0.0,0.0,0.0
1536693458496734104,22112,1536693458493626744,base_link,-801000.0,169000.0,-900000.0,-1.0,0.0,0.0,0.0,0.0,0.0,0.0,0.0,0.0
1536693458568421176,22113,1536693458567940792,base_link,-837000.0,172000.0,-925000.0,-1.0,0.0,0.0,0.0,0.0,0.0,0.0,0.0,0.0
1536693458692178392,22114,1536693458691227096,base_link,-867000.0,182000.0,-944000.0,-1.0,0.0,0.0,0.0,0.0,0.0,0.0,0.0,0.0
1536693458787977208,22115,1536693458787424152,base_link,-923000.0,182000.0,-983000.0,-1.0,0.0,0.0,0.0,0.0,0.0,0.0,0.0,0.0
1536693458917311992,22116,1536693458916711992,base_link,-933000.0,188000.0,-988000.0,-1.0,0.0,0.0,0.0,0.0,0.0,0.0,0.0,0.0
1536693459032417400,22117,1536693459030922680,base_link,-976000.0,183000.0,-996000.0,-1.0,0.0,0.0,0.0,0.0,0.0,0.0,0.0,0.0
1536693459081798680,22118,1536693459081262776,base_link,-976000.0,183000.0,-996000.0,-1.0,0.0,0.0,0.0,0.0,0.0,0.0,0.0,0.0
1536693459211976312,22119,1536693459211069304,base_link,-970000.0,186000.0,-1031000.0,-1.0,0.0,0.0,0.0,0.0,0.0,0.0,0.0,0.0
1536693459286890328,22120,1536693459284826328,base_link,-970000.0,186000.0,-1031000.0,-1.0,0.0,0.0,0.0,0.0,0.0,0.0,0.0,0.0
1536693459404273624,22121,1536693459403492728,base_link,-653000.0,186000.0,-1024000.0,-1.0,0.0,0.0,0.0,0.0,0.0,0.0,0.0,0.0
1536693459509694872,22122,1536693459508508312,base_link,-300000.0,174000.0,-1054000.0,-1.0,0.0,0.0,0.0,0.0,0.0,0.0,0.0,0.0
1536693459571079160,22123,1536693459570232696,base_link,-300000.0,174000.0,-1054000.0,-1.0,0.0,0.0,0.0,0.0,0.0,0.0,0.0,0.0
1536693459678000248,22124,1536693459677150328,base_link,-280000.0,158000.0,-1033000.0,-1.0,0.0,0.0,0.0,0.0,0.0,0.0,0.0,0.0
1536693459779732888,22125,1536693459778963000,base_link,-280000.0,158000.0,-1033000.0,-1.0,0.0,0.0,0.0,0.0,0.0,0.0,0.0,0.0
1536693459933501368,22126,1536693459932828504,base_link,-1863000.0,177000.0,-1097000.0,-1.0,0.0,0.0,0.0,0.0,0.0,0.0,0.0,0.0
1536693460005573976,22127,1536693460005141976,base_link,-305000.0,133000.0,-1012000.0,-1.0,0.0,0.0,0.0,0.0,0.0,0.0,0.0,0.0
1536693460074435128,22128,1536693460072905336,base_link,-305000.0,133000.0,-1012000.0,-1.0,0.0,0.0,0.0,0.0,0.0,0.0,0.0,0.0
1536693460178842776,22129,1536693460178248024,base_link,-1552000.0,148000.0,-1045000.0,-1.0,0.0,0.0,0.0,0.0,0.0,0.0,0.0,0.0
1536693460259660056,22130,1536693460258876216,base_link,-664000.0,133000.0,-1033000.0,-1.0,0.0,0.0,0.0,0.0,0.0,0.0,0.0,0.0
1536693460384338936,22131,1536693460383569272,base_link,-129000.0,116000.0,-1026000.0,-1.0,0.0,0.0,0.0,0.0,0.0,0.0,0.0,0.0
1536693460492928344,22132,1536693460492029784,base_link,-328000.0,111000.0,-1021000.0,-1.0,0.0,0.0,0.0,0.0,0.0,0.0,0.0,0.0
1536693460574318648,22133,1536693460573805144,base_link,-1038000.0,102000.0,-998000.0,-1.0,0.0,0.0,0.0,0.0,0.0,0.0,0.0,0.0
1536693460678095352,22134,1536693460676463096,base_link,-1037000.0,92000.0,-1001000.0,-1.0,0.0,0.0,0.0,0.0,0.0,0.0,0.0,0.0
1536693460777064472,22135,1536693460775566456,base_link,-656000.0,80000.0,-1012000.0,-1.0,0.0,0.0,0.0,0.0,0.0,0.0,0.0,0.0
1536693460904727064,22136,1536693460902576408,base_link,-985000.0,67000.0,-948000.0,-1.0,0.0,0.0,0.0,0.0,0.0,0.0,0.0,0.0
1536693460985137464,22137,1536693460983802264,base_link,-985000.0,67000.0,-948000.0,-1.0,0.0,0.0,0.0,0.0,0.0,0.0,0.0,0.0
1536693461068860728,22138,1536693461068131768,base_link,-995000.0,58000.0,-957000.0,-1.0,0.0,0.0,0.0,0.0,0.0,0.0,0.0,0.0
1536693461191063768,22139,1536693461190401912,base_link,-986000.0,49000.0,-972000.0,-1.0,0.0,0.0,0.0,0.0,0.0,0.0,0.0,0.0
1536693461317565208,22140,1536693461316788280,base_link,-969000.0,25000.0,-954000.0,-1.0,0.0,0.0,0.0,0.0,0.0,0.0,0.0,0.0
1536693461373314232,22141,1536693461372258808,base_link,-969000.0,25000.0,-954000.0,-1.0,0.0,0.0,0.0,0.0,0.0,0.0,0.0,0.0
1536693461474909688,22142,1536693461474064984,base_link,-982000.0,3000.0,-940000.0,-1.0,0.0,0.0,0.0,0.0,0.0,0.0,0.0,0.0
1536693461597587864,22143,1536693461596776376,base_link,-982000.0,3000.0,-940000.0,-1.0,0.0,0.0,0.0,0.0,0.0,0.0,0.0,0.0
1536693461669422008,22144,1536693461668555224,base_link,-657000.0,-9000.0,-993000.0,-1.0,0.0,0.0,0.0,0.0,0.0,0.0,0.0,0.0
1536693461789602168,22145,1536693461788526488,base_link,-496000.0,-21000.0,-1026000.0,-1.0,0.0,0.0,0.0,0.0,0.0,0.0,0.0,0.0
1536693461868521112,22146,1536693461868080120,base_link,-496000.0,-21000.0,-1026000.0,-1.0,0.0,0.0,0.0,0.0,0.0,0.0,0.0,0.0
1536693461988324120,22147,1536693461987773144,base_link,-461000.0,-33000.0,-1000000.0,-1.0,0.0,0.0,0.0,0.0,0.0,0.0,0.0,0.0
1536693462123851128,22148,1536693462122092824,base_link,-1168000.0,-42000.0,-1029000.0,-1.0,0.0,0.0,0.0,0.0,0.0,0.0,0.0,0.0
1536693462170395576,22149,1536693462169188952,base_link,-1168000.0,-42000.0,-1029000.0,-1.0,0.0,0.0,0.0,0.0,0.0,0.0,0.0,0.0
1536693462274783288,22150,1536693462274176248,base_link,-1497000.0,-46000.0,-1042000.0,-1.0,0.0,0.0,0.0,0.0,0.0,0.0,0.0,0.0
1536693462378336600,22151,1536693462377238392,base_link,-1079000.0,-79000.0,-1011000.0,-1.0,0.0,0.0,0.0,0.0,0.0,0.0,0.0,0.0
1536693462475475672,22152,1536693462474880312,base_link,-1079000.0,-79000.0,-1011000.0,-1.0,0.0,0.0,0.0,0.0,0.0,0.0,0.0,0.0
1536693462588441240,22153,1536693462588000792,base_link,-684000.0,-89000.0,-1051000.0,-1.0,0.0,0.0,0.0,0.0,0.0,0.0,0.0,0.0
1536693462697215480,22154,1536693462695347768,base_link,-1506000.0,-77000.0,-1054000.0,-1.0,0.0,0.0,0.0,0.0,0.0,0.0,0.0,0.0
1536693462775836056,22155,1536693462775247064,base_link,-834000.0,-94000.0,-1103000.0,-1.0,0.0,0.0,0.0,0.0,0.0,0.0,0.0,0.0
1536693462891306552,22156,1536693462890865176,base_link,-1872000.0,-76000.0,-1139000.0,-1.0,0.0,0.0,0.0,0.0,0.0,0.0,0.0,0.0
1536693462990258840,22157,1536693462989846456,base_link,-1662000.0,-86000.0,-1180000.0,-1.0,0.0,0.0,0.0,0.0,0.0,0.0,0.0,0.0
1536693463067885272,22158,1536693463067108632,base_link,-1662000.0,-86000.0,-1180000.0,-1.0,0.0,0.0,0.0,0.0,0.0,0.0,0.0,0.0
1536693463179918840,22159,1536693463179208952,base_link,-2714000.0,-62000.0,-1255000.0,-1.0,0.0,0.0,0.0,0.0,0.0,0.0,0.0,0.0
1536693463273525400,22160,1536693463273102648,base_link,-2718000.0,-58000.0,-1471000.0,-1.0,0.0,0.0,0.0,0.0,0.0,0.0,0.0,0.0
1536693463365755352,22161,1536693463365405368,base_link,-2716000.0,-60000.0,-1398000.0,-1.0,0.0,0.0,0.0,0.0,0.0,0.0,0.0,0.0
1536693463512768344,22162,1536693463512186616,base_link,-2716000.0,-43000.0,-1393000.0,-1.0,0.0,0.0,0.0,0.0,0.0,0.0,0.0,0.0
1536693463592232728,22163,1536693463591420632,base_link,-2715000.0,-83000.0,-1359000.0,-1.0,0.0,0.0,0.0,0.0,0.0,0.0,0.0,0.0
1536693463660209272,22164,1536693463659428952,base_link,-2715000.0,-83000.0,-1359000.0,-1.0,0.0,0.0,0.0,0.0,0.0,0.0,0.0,0.0
1536693463778595256,22165,1536693463776180312,base_link,-2717000.0,-71000.0,-1465000.0,-1.0,0.0,0.0,0.0,0.0,0.0,0.0,0.0,0.0
1536693463874681304,22166,1536693463873970040,base_link,-2718000.0,-65000.0,-1516000.0,-1.0,0.0,0.0,0.0,0.0,0.0,0.0,0.0,0.0
1536693463986416216,22167,1536693463985945272,base_link,-2718000.0,-79000.0,-1483000.0,-1.0,0.0,0.0,0.0,0.0,0.0,0.0,0.0,0.0
1536693464088239288,22168,1536693464087293304,base_link,-2722000.0,-70000.0,-1736000.0,-1.0,0.0,0.0,0.0,0.0,0.0,0.0,0.0,0.0
1536693464177165912,22169,1536693464175985656,base_link,-2716000.0,-59000.0,-1396000.0,-1.0,0.0,0.0,0.0,0.0,0.0,0.0,0.0,0.0
1536693464275534328,22170,1536693464275151032,base_link,-2721000.0,-42000.0,-1640000.0,-1.0,0.0,0.0,0.0,0.0,0.0,0.0,0.0,0.0
1536693464378765560,22171,1536693464378227992,base_link,-2718000.0,-76000.0,-1498000.0,-1.0,0.0,0.0,0.0,0.0,0.0,0.0,0.0,0.0
1536693464521927576,22172,1536693464521533144,base_link,-2717000.0,-78000.0,-1457000.0,-1.0,0.0,0.0,0.0,0.0,0.0,0.0,0.0,0.0
1536693464575220632,22173,1536693464574228024,base_link,-2717000.0,-78000.0,-1457000.0,-1.0,0.0,0.0,0.0,0.0,0.0,0.0,0.0,0.0
1536693464677979160,22174,1536693464677013688,base_link,-2717000.0,-57000.0,-1456000.0,-1.0,0.0,0.0,0.0,0.0,0.0,0.0,0.0,0.0
1536693464781593880,22175,1536693464781156184,base_link,-2719000.0,-76000.0,-1542000.0,-1.0,0.0,0.0,0.0,0.0,0.0,0.0,0.0,0.0
1536693464876495992,22176,1536693464874637240,base_link,-2717000.0,-91000.0,-1447000.0,-1.0,0.0,0.0,0.0,0.0,0.0,0.0,0.0,0.0
1536693465020401048,22177,1536693465019812696,base_link,-2716000.0,-76000.0,-1398000.0,-1.0,0.0,0.0,0.0,0.0,0.0,0.0,0.0,0.0
1536693465128082200,22178,1536693465127668600,base_link,-2717000.0,-75000.0,-1423000.0,-1.0,0.0,0.0,0.0,0.0,0.0,0.0,0.0,0.0
1536693465171993432,22179,1536693465171583864,base_link,-2717000.0,-75000.0,-1423000.0,-1.0,0.0,0.0,0.0,0.0,0.0,0.0,0.0,0.0
1536693465266985048,22180,1536693465266205976,base_link,-2717000.0,-102000.0,-1456000.0,-1.0,0.0,0.0,0.0,0.0,0.0,0.0,0.0,0.0
1536693465378207384,22181,1536693465377796824,base_link,-2717000.0,-111000.0,-1468000.0,-1.0,0.0,0.0,0.0,0.0,0.0,0.0,0.0,0.0
1536693465476294232,22182,1536693465475818776,base_link,-2716000.0,-119000.0,-1422000.0,-1.0,0.0,0.0,0.0,0.0,0.0,0.0,0.0,0.0
1536693465576953016,22183,1536693465576502168,base_link,-2716000.0,-115000.0,-1440000.0,-1.0,0.0,0.0,0.0,0.0,0.0,0.0,0.0,0.0
1536693465688260504,22184,1536693465687638648,base_link,-89000.0,-177000.0,-1260000.0,-1.0,0.0,0.0,0.0,0.0,0.0,0.0,0.0,0.0
1536693465799106584,22185,1536693465798495768,base_link,-1059000.0,-179000.0,-1055000.0,-1.0,0.0,0.0,0.0,0.0,0.0,0.0,0.0,0.0
1536693465892127160,22186,1536693465891429336,base_link,-1059000.0,-179000.0,-1055000.0,-1.0,0.0,0.0,0.0,0.0,0.0,0.0,0.0,0.0
1536693465978061240,22187,1536693465974809464,base_link,-700000.0,-191000.0,-1056000.0,-1.0,0.0,0.0,0.0,0.0,0.0,0.0,0.0,0.0
1536693466081830616,22188,1536693466081415736,base_link,-855000.0,-193000.0,-1001000.0,-1.0,0.0,0.0,0.0,0.0,0.0,0.0,0.0,0.0
1536693466168381912,22189,1536693466166101880,base_link,-943000.0,-201000.0,-932000.0,-1.0,0.0,0.0,0.0,0.0,0.0,0.0,0.0,0.0
1536693466274955384,22190,1536693466274182552,base_link,-837000.0,-197000.0,-937000.0,-1.0,0.0,0.0,0.0,0.0,0.0,0.0,0.0,0.0
1536693466385465048,22191,1536693466384173528,base_link,-791000.0,-197000.0,-887000.0,-1.0,0.0,0.0,0.0,0.0,0.0,0.0,0.0,0.0
1536693466461395576,22192,1536693466459746328,base_link,-801000.0,-182000.0,-904000.0,-1.0,0.0,0.0,0.0,0.0,0.0,0.0,0.0,0.0
1536693466578356600,22193,1536693466577579864,base_link,-715000.0,-186000.0,-870000.0,-1.0,0.0,0.0,0.0,0.0,0.0,0.0,0.0,0.0
1536693466683087768,22194,1536693466682164632,base_link,-645000.0,-181000.0,-830000.0,-1.0,0.0,0.0,0.0,0.0,0.0,0.0,0.0,0.0
1536693466785334648,22195,1536693466784785624,base_link,-594000.0,-172000.0,-827000.0,-1.0,0.0,0.0,0.0,0.0,0.0,0.0,0.0,0.0
1536693466899331192,22196,1536693466898418328,base_link,-524000.0,-163000.0,-797000.0,-1.0,0.0,0.0,0.0,0.0,0.0,0.0,0.0,0.0
1536693467000419128,22197,1536693466999916248,base_link,-520000.0,-152000.0,-796000.0,-1.0,0.0,0.0,0.0,0.0,0.0,0.0,0.0,0.0
1536693467102493944,22198,1536693467100164056,base_link,-485000.0,-140000.0,-784000.0,-1.0,0.0,0.0,0.0,0.0,0.0,0.0,0.0,0.0
1536693467188800312,22199,1536693467188193112,base_link,-485000.0,-140000.0,-784000.0,-1.0,0.0,0.0,0.0,0.0,0.0,0.0,0.0,0.0
1536693467282719352,22200,1536693467281636600,base_link,-461000.0,-125000.0,-781000.0,-1.0,0.0,0.0,0.0,0.0,0.0,0.0,0.0,0.0
1536693467378025080,22201,1536693467375730648,base_link,-442000.0,-117000.0,-779000.0,-1.0,0.0,0.0,0.0,0.0,0.0,0.0,0.0,0.0
1536693467481123992,22202,1536693467478787128,base_link,-412000.0,-105000.0,-778000.0,-1.0,0.0,0.0,0.0,0.0,0.0,0.0,0.0,0.0
1536693467615972152,22203,1536693467614714744,base_link,-397000.0,-80000.0,-783000.0,-1.0,0.0,0.0,0.0,0.0,0.0,0.0,0.0,0.0
1536693467703886872,22204,1536693467703383704,base_link,-367000.0,-74000.0,-763000.0,-1.0,0.0,0.0,0.0,0.0,0.0,0.0,0.0,0.0
1536693467771908632,22205,1536693467771104088,base_link,-367000.0,-74000.0,-763000.0,-1.0,0.0,0.0,0.0,0.0,0.0,0.0,0.0,0.0
1536693467881647608,22206,1536693467879638008,base_link,-371000.0,-68000.0,-773000.0,-1.0,0.0,0.0,0.0,0.0,0.0,0.0,0.0,0.0
1536693467987919736,22207,1536693467982070808,base_link,-370000.0,-61000.0,-767000.0,-1.0,0.0,0.0,0.0,0.0,0.0,0.0,0.0,0.0
1536693468081560472,22208,1536693468080721656,base_link,-350000.0,-56000.0,-767000.0,-1.0,0.0,0.0,0.0,0.0,0.0,0.0,0.0,0.0
1536693468174414520,22209,1536693468173648088,base_link,-360000.0,-53000.0,-767000.0,-1.0,0.0,0.0,0.0,0.0,0.0,0.0,0.0,0.0
1536693468293315928,22210,1536693468292404632,base_link,-343000.0,-43000.0,-750000.0,-1.0,0.0,0.0,0.0,0.0,0.0,0.0,0.0,0.0
1536693468379031544,22211,1536693468377294104,base_link,-328000.0,-35000.0,-760000.0,-1.0,0.0,0.0,0.0,0.0,0.0,0.0,0.0,0.0
1536693468503145176,22212,1536693468501985432,base_link,-342000.0,-20000.0,-759000.0,-1.0,0.0,0.0,0.0,0.0,0.0,0.0,0.0,0.0
1536693468582869304,22213,1536693468580989912,base_link,-318000.0,-15000.0,-744000.0,-1.0,0.0,0.0,0.0,0.0,0.0,0.0,0.0,0.0
1536693468665979704,22214,1536693468665351608,base_link,-318000.0,-15000.0,-744000.0,-1.0,0.0,0.0,0.0,0.0,0.0,0.0,0.0,0.0
1536693468772035192,22215,1536693468771201592,base_link,-312000.0,-11000.0,-747000.0,-1.0,0.0,0.0,0.0,0.0,0.0,0.0,0.0,0.0
1536693468876066296,22216,1536693468875414744,base_link,-313000.0,-12000.0,-750000.0,-1.0,0.0,0.0,0.0,0.0,0.0,0.0,0.0,0.0
1536693468972852024,22217,1536693468972248344,base_link,-305000.0,-15000.0,-750000.0,-1.0,0.0,0.0,0.0,0.0,0.0,0.0,0.0,0.0
1536693469065888504,22218,1536693469065500504,base_link,-301000.0,-16000.0,-749000.0,-1.0,0.0,0.0,0.0,0.0,0.0,0.0,0.0,0.0
1536693469215131800,22219,1536693469214124216,base_link,-293000.0,-9000.0,-746000.0,-1.0,0.0,0.0,0.0,0.0,0.0,0.0,0.0,0.0
1536693469303116120,22220,1536693469302465304,base_link,-299000.0,-11000.0,-745000.0,-1.0,0.0,0.0,0.0,0.0,0.0,0.0,0.0,0.0
1536693469383905336,22221,1536693469382574008,base_link,-299000.0,-11000.0,-745000.0,-1.0,0.0,0.0,0.0,0.0,0.0,0.0,0.0,0.0
1536693469508495768,22222,1536693469505266552,base_link,-312000.0,-13000.0,-760000.0,-1.0,0.0,0.0,0.0,0.0,0.0,0.0,0.0,0.0
1536693469586842776,22223,1536693469585790872,base_link,-312000.0,-13000.0,-760000.0,-1.0,0.0,0.0,0.0,0.0,0.0,0.0,0.0,0.0
1536693469696021432,22224,1536693469694467768,base_link,-313000.0,-17000.0,-758000.0,-1.0,0.0,0.0,0.0,0.0,0.0,0.0,0.0,0.0
1536693469789284856,22225,1536693469788087192,base_link,-312000.0,-21000.0,-750000.0,-1.0,0.0,0.0,0.0,0.0,0.0,0.0,0.0,0.0
1536693469883674616,22226,1536693469883008312,base_link,-326000.0,-19000.0,-771000.0,-1.0,0.0,0.0,0.0,0.0,0.0,0.0,0.0,0.0
1536693470015576376,22227,1536693470015026904,base_link,-363000.0,-18000.0,-789000.0,-1.0,0.0,0.0,0.0,0.0,0.0,0.0,0.0,0.0
1536693470106643352,22228,1536693470105741144,base_link,-370000.0,-13000.0,-803000.0,-1.0,0.0,0.0,0.0,0.0,0.0,0.0,0.0,0.0
1536693470213640664,22229,1536693470211796152,base_link,-409000.0,-7000.0,-815000.0,-1.0,0.0,0.0,0.0,0.0,0.0,0.0,0.0,0.0
1536693470277224760,22230,1536693470272692344,base_link,-409000.0,-7000.0,-815000.0,-1.0,0.0,0.0,0.0,0.0,0.0,0.0,0.0,0.0
1536693470373711352,22231,1536693470372873272,base_link,-397000.0,4000.0,-823000.0,-1.0,0.0,0.0,0.0,0.0,0.0,0.0,0.0,0.0
1536693470476417912,22232,1536693470475359896,base_link,-435000.0,6000.0,-837000.0,-1.0,0.0,0.0,0.0,0.0,0.0,0.0,0.0,0.0
1536693470590130200,22233,1536693470588337624,base_link,-440000.0,14000.0,-855000.0,-1.0,0.0,0.0,0.0,0.0,0.0,0.0,0.0,0.0
1536693470682588760,22234,1536693470682050200,base_link,-479000.0,9000.0,-877000.0,-1.0,0.0,0.0,0.0,0.0,0.0,0.0,0.0,0.0
1536693470805244696,22235,1536693470792926584,base_link,-479000.0,9000.0,-877000.0,-1.0,0.0,0.0,0.0,0.0,0.0,0.0,0.0,0.0
1536693470889602680,22236,1536693470888848920,base_link,-504000.0,8000.0,-891000.0,-1.0,0.0,0.0,0.0,0.0,0.0,0.0,0.0,0.0
1536693470974700568,22237,1536693470973840792,base_link,-531000.0,4000.0,-899000.0,-1.0,0.0,0.0,0.0,0.0,0.0,0.0,0.0,0.0
1536693471103083032,22238,1536693471100922680,base_link,-540000.0,-4000.0,-898000.0,-1.0,0.0,0.0,0.0,0.0,0.0,0.0,0.0,0.0
1536693471210815800,22239,1536693471209832216,base_link,-595000.0,-4000.0,-933000.0,-1.0,0.0,0.0,0.0,0.0,0.0,0.0,0.0,0.0
1536693471313629016,22240,1536693471310519032,base_link,-611000.0,-10000.0,-937000.0,-1.0,0.0,0.0,0.0,0.0,0.0,0.0,0.0,0.0
1536693471372089304,22241,1536693471371606264,base_link,-611000.0,-10000.0,-937000.0,-1.0,0.0,0.0,0.0,0.0,0.0,0.0,0.0,0.0
1536693471479429720,22242,1536693471478740824,base_link,-649000.0,-7000.0,-963000.0,-1.0,0.0,0.0,0.0,0.0,0.0,0.0,0.0,0.0
1536693471568537784,22243,1536693471567788568,base_link,-645000.0,-14000.0,-958000.0,-1.0,0.0,0.0,0.0,0.0,0.0,0.0,0.0,0.0
1536693471681891160,22244,1536693471680635128,base_link,-653000.0,-14000.0,-947000.0,-1.0,0.0,0.0,0.0,0.0,0.0,0.0,0.0,0.0
1536693471784417624,22245,1536693471783470232,base_link,-636000.0,-18000.0,-955000.0,-1.0,0.0,0.0,0.0,0.0,0.0,0.0,0.0,0.0
1536693471882586904,22246,1536693471881233336,base_link,-699000.0,-16000.0,-987000.0,-1.0,0.0,0.0,0.0,0.0,0.0,0.0,0.0,0.0
1536693471992432952,22247,1536693471991608248,base_link,-656000.0,-17000.0,-968000.0,-1.0,0.0,0.0,0.0,0.0,0.0,0.0,0.0,0.0
1536693472088932792,22248,1536693472088201112,base_link,-702000.0,-25000.0,-968000.0,-1.0,0.0,0.0,0.0,0.0,0.0,0.0,0.0,0.0
1536693472185897208,22249,1536693472184746168,base_link,-699000.0,-33000.0,-965000.0,-1.0,0.0,0.0,0.0,0.0,0.0,0.0,0.0,0.0
1536693472304132824,22250,1536693472303284952,base_link,-703000.0,-39000.0,-950000.0,-1.0,0.0,0.0,0.0,0.0,0.0,0.0,0.0,0.0
1536693472376254104,22251,1536693472375005592,base_link,-703000.0,-39000.0,-950000.0,-1.0,0.0,0.0,0.0,0.0,0.0,0.0,0.0,0.0
1536693472498462552,22252,1536693472496778104,base_link,-682000.0,-45000.0,-961000.0,-1.0,0.0,0.0,0.0,0.0,0.0,0.0,0.0,0.0
1536693472604353496,22253,1536693472603349720,base_link,-706000.0,-68000.0,-953000.0,-1.0,0.0,0.0,0.0,0.0,0.0,0.0,0.0,0.0
1536693472690620632,22254,1536693472689468312,base_link,-706000.0,-68000.0,-953000.0,-1.0,0.0,0.0,0.0,0.0,0.0,0.0,0.0,0.0
1536693472823975832,22255,1536693472822539288,base_link,-728000.0,-66000.0,-953000.0,-1.0,0.0,0.0,0.0,0.0,0.0,0.0,0.0,0.0
1536693472886093560,22256,1536693472884735032,base_link,-728000.0,-66000.0,-953000.0,-1.0,0.0,0.0,0.0,0.0,0.0,0.0,0.0,0.0
1536693472968556536,22257,1536693472968136568,base_link,-694000.0,-60000.0,-954000.0,-1.0,0.0,0.0,0.0,0.0,0.0,0.0,0.0,0.0
1536693473083339384,22258,1536693473082554776,base_link,-748000.0,-55000.0,-1017000.0,-1.0,0.0,0.0,0.0,0.0,0.0,0.0,0.0,0.0
1536693473183083032,22259,1536693473181995064,base_link,-741000.0,-60000.0,-977000.0,-1.0,0.0,0.0,0.0,0.0,0.0,0.0,0.0,0.0
1536693473298384696,22260,1536693473296761464,base_link,-691000.0,-47000.0,-974000.0,-1.0,0.0,0.0,0.0,0.0,0.0,0.0,0.0,0.0
1536693473374591352,22261,1536693473374010616,base_link,-718000.0,-57000.0,-1003000.0,-1.0,0.0,0.0,0.0,0.0,0.0,0.0,0.0,0.0
1536693473492792120,22262,1536693473486284248,base_link,-717000.0,-59000.0,-971000.0,-1.0,0.0,0.0,0.0,0.0,0.0,0.0,0.0,0.0
1536693473595059096,22263,1536693473594419320,base_link,-794000.0,-57000.0,-931000.0,-1.0,0.0,0.0,0.0,0.0,0.0,0.0,0.0,0.0
1536693473698207032,22264,1536693473697691768,base_link,-693000.0,-53000.0,-986000.0,-1.0,0.0,0.0,0.0,0.0,0.0,0.0,0.0,0.0
1536693473812436472,22265,1536693473811378488,base_link,-675000.0,-58000.0,-1011000.0,-1.0,0.0,0.0,0.0,0.0,0.0,0.0,0.0,0.0
1536693473912146040,22266,1536693473911591544,base_link,-733000.0,-51000.0,-966000.0,-1.0,0.0,0.0,0.0,0.0,0.0,0.0,0.0,0.0
1536693473977267768,22267,1536693473976427000,base_link,-733000.0,-51000.0,-966000.0,-1.0,0.0,0.0,0.0,0.0,0.0,0.0,0.0,0.0
1536693474066758840,22268,1536693474066261432,base_link,-715000.0,-53000.0,-995000.0,-1.0,0.0,0.0,0.0,0.0,0.0,0.0,0.0,0.0
1536693474181617848,22269,1536693474181188728,base_link,-758000.0,-45000.0,-1035000.0,-1.0,0.0,0.0,0.0,0.0,0.0,0.0,0.0,0.0
1536693474270546488,22270,1536693474269867416,base_link,-758000.0,-45000.0,-1021000.0,-1.0,0.0,0.0,0.0,0.0,0.0,0.0,0.0,0.0
1536693474384149272,22271,1536693474383641464,base_link,-751000.0,-43000.0,-1018000.0,-1.0,0.0,0.0,0.0,0.0,0.0,0.0,0.0,0.0
1536693474483423160,22272,1536693474482660472,base_link,-764000.0,-40000.0,-1023000.0,-1.0,0.0,0.0,0.0,0.0,0.0,0.0,0.0,0.0
1536693474581113880,22273,1536693474579964344,base_link,-796000.0,-33000.0,-1071000.0,-1.0,0.0,0.0,0.0,0.0,0.0,0.0,0.0,0.0
1536693474710988760,22274,1536693474705366296,base_link,-796000.0,-31000.0,-1046000.0,-1.0,0.0,0.0,0.0,0.0,0.0,0.0,0.0,0.0
1536693474764806200,22275,1536693474764392856,base_link,-796000.0,-31000.0,-1046000.0,-1.0,0.0,0.0,0.0,0.0,0.0,0.0,0.0,0.0
1536693474891218808,22276,1536693474890400984,base_link,-804000.0,-28000.0,-1045000.0,-1.0,0.0,0.0,0.0,0.0,0.0,0.0,0.0,0.0
1536693474982073816,22277,1536693474981369880,base_link,-800000.0,-25000.0,-1044000.0,-1.0,0.0,0.0,0.0,0.0,0.0,0.0,0.0,0.0
1536693475086831512,22278,1536693475085983768,base_link,-807000.0,-21000.0,-1043000.0,-1.0,0.0,0.0,0.0,0.0,0.0,0.0,0.0,0.0
1536693475163935640,22279,1536693475163144216,base_link,-807000.0,-24000.0,-1045000.0,-1.0,0.0,0.0,0.0,0.0,0.0,0.0,0.0,0.0
1536693475289255000,22280,1536693475288320344,base_link,-787000.0,-17000.0,-1043000.0,-1.0,0.0,0.0,0.0,0.0,0.0,0.0,0.0,0.0
1536693475376671256,22281,1536693475376293496,base_link,-787000.0,-17000.0,-1043000.0,-1.0,0.0,0.0,0.0,0.0,0.0,0.0,0.0,0.0
1536693475484825176,22282,1536693475482162552,base_link,-452000.0,-28000.0,-1033000.0,-1.0,0.0,0.0,0.0,0.0,0.0,0.0,0.0,0.0
1536693475571934008,22283,1536693475571497624,base_link,-738000.0,-40000.0,-1047000.0,-1.0,0.0,0.0,0.0,0.0,0.0,0.0,0.0,0.0
1536693475694425144,22284,1536693475693637304,base_link,-699000.0,-59000.0,-992000.0,-1.0,0.0,0.0,0.0,0.0,0.0,0.0,0.0,0.0
1536693475808072280,22285,1536693475807458872,base_link,-773000.0,-82000.0,-937000.0,-1.0,0.0,0.0,0.0,0.0,0.0,0.0,0.0,0.0
1536693475917472792,22286,1536693475916020920,base_link,-733000.0,-92000.0,-1009000.0,-1.0,0.0,0.0,0.0,0.0,0.0,0.0,0.0,0.0
1536693475985321144,22287,1536693475984965336,base_link,-733000.0,-92000.0,-1009000.0,-1.0,0.0,0.0,0.0,0.0,0.0,0.0,0.0,0.0
1536693476072982680,22288,1536693476072367032,base_link,-666000.0,-92000.0,-994000.0,-1.0,0.0,0.0,0.0,0.0,0.0,0.0,0.0,0.0
1536693476178170488,22289,1536693476176102136,base_link,-679000.0,-89000.0,-979000.0,-1.0,0.0,0.0,0.0,0.0,0.0,0.0,0.0,0.0
1536693476273210424,22290,1536693476272367064,base_link,-690000.0,-73000.0,-1013000.0,-1.0,0.0,0.0,0.0,0.0,0.0,0.0,0.0,0.0
1536693476418546616,22291,1536693476418082584,base_link,-718000.0,-22000.0,-1068000.0,-1.0,0.0,0.0,0.0,0.0,0.0,0.0,0.0,0.0
1536693476474424056,22292,1536693476473880600,base_link,-718000.0,-22000.0,-1068000.0,-1.0,0.0,0.0,0.0,0.0,0.0,0.0,0.0,0.0
1536693476593868216,22293,1536693476593488344,base_link,20000.0,5000.0,-1132000.0,-1.0,0.0,0.0,0.0,0.0,0.0,0.0,0.0,0.0
1536693476698094360,22294,1536693476695104312,base_link,-932000.0,31000.0,-1121000.0,-1.0,0.0,0.0,0.0,0.0,0.0,0.0,0.0,0.0
1536693476777027128,22295,1536693476776399416,base_link,-784000.0,55000.0,-1125000.0,-1.0,0.0,0.0,0.0,0.0,0.0,0.0,0.0,0.0
1536693476889201304,22296,1536693476888708632,base_link,-476000.0,96000.0,-1157000.0,-1.0,0.0,0.0,0.0,0.0,0.0,0.0,0.0,0.0
1536693476974458392,22297,1536693476972689400,base_link,-476000.0,96000.0,-1157000.0,-1.0,0.0,0.0,0.0,0.0,0.0,0.0,0.0,0.0
1536693477072317528,22298,1536693477069462040,base_link,-515000.0,124000.0,-1181000.0,-1.0,0.0,0.0,0.0,0.0,0.0,0.0,0.0,0.0
1536693477173243640,22299,1536693477172673400,base_link,-520000.0,148000.0,-1215000.0,-1.0,0.0,0.0,0.0,0.0,0.0,0.0,0.0,0.0
1536693477280021272,22300,1536693477279473880,base_link,-620000.0,178000.0,-1240000.0,-1.0,0.0,0.0,0.0,0.0,0.0,0.0,0.0,0.0
1536693477385562968,22301,1536693477385033400,base_link,-809000.0,208000.0,-1265000.0,-1.0,0.0,0.0,0.0,0.0,0.0,0.0,0.0,0.0
1536693477478281912,22302,1536693477477523576,base_link,-1008000.0,247000.0,-1344000.0,-1.0,0.0,0.0,0.0,0.0,0.0,0.0,0.0,0.0
1536693477586796536,22303,1536693477585673592,base_link,-1355000.0,303000.0,-1956000.0,-1.0,0.0,0.0,0.0,0.0,0.0,0.0,0.0,0.0
1536693477702672280,22304,1536693477701617624,base_link,-2204000.0,351000.0,-1733000.0,-1.0,0.0,0.0,0.0,0.0,0.0,0.0,0.0,0.0
1536693477776266872,22305,1536693477773777816,base_link,-2204000.0,351000.0,-1733000.0,-1.0,0.0,0.0,0.0,0.0,0.0,0.0,0.0,0.0
1536693477875984952,22306,1536693477875330712,base_link,-2205000.0,365000.0,-1748000.0,-1.0,0.0,0.0,0.0,0.0,0.0,0.0,0.0,0.0
1536693478030262168,22307,1536693478027288568,base_link,-2737000.0,422000.0,-2081000.0,-1.0,0.0,0.0,0.0,0.0,0.0,0.0,0.0,0.0
1536693478080060024,22308,1536693478079709848,base_link,-2737000.0,422000.0,-2081000.0,-1.0,0.0,0.0,0.0,0.0,0.0,0.0,0.0,0.0
1536693478225487832,22309,1536693478224932920,base_link,-2738000.0,442000.0,-2140000.0,-1.0,0.0,0.0,0.0,0.0,0.0,0.0,0.0,0.0
1536693478292631576,22310,1536693478290686232,base_link,-2738000.0,442000.0,-2140000.0,-1.0,0.0,0.0,0.0,0.0,0.0,0.0,0.0,0.0
1536693478373786840,22311,1536693478372467992,base_link,-2697000.0,465000.0,63000.0,-1.0,0.0,0.0,0.0,0.0,0.0,0.0,0.0,0.0
1536693478497213368,22312,1536693478496495800,base_link,-2715000.0,438000.0,-916000.0,-1.0,0.0,0.0,0.0,0.0,0.0,0.0,0.0,0.0
1536693478577902424,22313,1536693478577006776,base_link,-2728000.0,466000.0,-1601000.0,-1.0,0.0,0.0,0.0,0.0,0.0,0.0,0.0,0.0
1536693478685458648,22314,1536693478685038104,base_link,-2708000.0,479000.0,-504000.0,-1.0,0.0,0.0,0.0,0.0,0.0,0.0,0.0,0.0
1536693478784749208,22315,1536693478784336600,base_link,-2720000.0,494000.0,-1153000.0,-1.0,0.0,0.0,0.0,0.0,0.0,0.0,0.0,0.0
1536693478898434264,22316,1536693478897729976,base_link,-2742000.0,493000.0,-2316000.0,-1.0,0.0,0.0,0.0,0.0,0.0,0.0,0.0,0.0
1536693479009804408,22317,1536693479008441880,base_link,-2724000.0,469000.0,-1396000.0,-1.0,0.0,0.0,0.0,0.0,0.0,0.0,0.0,0.0
1536693479096935224,22318,1536693479096291576,base_link,-2716000.0,468000.0,-954000.0,-1.0,0.0,0.0,0.0,0.0,0.0,0.0,0.0,0.0
1536693479169169240,22319,1536693479167711192,base_link,-2716000.0,468000.0,-954000.0,-1.0,0.0,0.0,0.0,0.0,0.0,0.0,0.0,0.0
1536693479277651544,22320,1536693479277117144,base_link,-2743000.0,471000.0,-2389000.0,-1.0,0.0,0.0,0.0,0.0,0.0,0.0,0.0,0.0
1536693479405879800,22321,1536693479405403992,base_link,-2693000.0,478000.0,278000.0,-1.0,0.0,0.0,0.0,0.0,0.0,0.0,0.0,0.0
1536693479503182360,22322,1536693479502719256,base_link,-2693000.0,478000.0,278000.0,-1.0,0.0,0.0,0.0,0.0,0.0,0.0,0.0,0.0
1536693479570539896,22323,1536693479569711288,base_link,-2714000.0,492000.0,-817000.0,-1.0,0.0,0.0,0.0,0.0,0.0,0.0,0.0,0.0
1536693479666895384,22324,1536693479666106264,base_link,-2712000.0,498000.0,-736000.0,-1.0,0.0,0.0,0.0,0.0,0.0,0.0,0.0,0.0
1536693479777084344,22325,1536693479776555640,base_link,-2718000.0,499000.0,-1051000.0,-1.0,0.0,0.0,0.0,0.0,0.0,0.0,0.0,0.0
1536693479879429560,22326,1536693479871063480,base_link,-2727000.0,500000.0,-1491000.0,-1.0,0.0,0.0,0.0,0.0,0.0,0.0,0.0,0.0
1536693480004475800,22327,1536693480003547704,base_link,-2725000.0,495000.0,-1384000.0,-1.0,0.0,0.0,0.0,0.0,0.0,0.0,0.0,0.0
1536693480072094776,22328,1536693480071331256,base_link,-2725000.0,495000.0,-1384000.0,-1.0,0.0,0.0,0.0,0.0,0.0,0.0,0.0,0.0
1536693480179745464,22329,1536693480179288696,base_link,-2736000.0,481000.0,-1975000.0,-1.0,0.0,0.0,0.0,0.0,0.0,0.0,0.0,0.0
1536693480283375224,22330,1536693480278666008,base_link,-2741000.0,467000.0,-2257000.0,-1.0,0.0,0.0,0.0,0.0,0.0,0.0,0.0,0.0
1536693480417864440,22331,1536693480410886296,base_link,-2706000.0,483000.0,-405000.0,-1.0,0.0,0.0,0.0,0.0,0.0,0.0,0.0,0.0
1536693480467961624,22332,1536693480467263416,base_link,-2706000.0,483000.0,-405000.0,-1.0,0.0,0.0,0.0,0.0,0.0,0.0,0.0,0.0
1536693480577355576,22333,1536693480574534424,base_link,-2727000.0,480000.0,-1504000.0,-1.0,0.0,0.0,0.0,0.0,0.0,0.0,0.0,0.0
1536693480677583256,22334,1536693480675783128,base_link,-2735000.0,473000.0,-1944000.0,-1.0,0.0,0.0,0.0,0.0,0.0,0.0,0.0,0.0
1536693480789075448,22335,1536693480784790232,base_link,-2733000.0,469000.0,-1826000.0,-1.0,0.0,0.0,0.0,0.0,0.0,0.0,0.0,0.0
1536693480875017816,22336,1536693480874351768,base_link,-2732000.0,457000.0,-1825000.0,-1.0,0.0,0.0,0.0,0.0,0.0,0.0,0.0,0.0
1536693480989725976,22337,1536693480989281848,base_link,-2739000.0,490000.0,-2153000.0,-1.0,0.0,0.0,0.0,0.0,0.0,0.0,0.0,0.0
1536693481085108152,22338,1536693481084485784,base_link,-2739000.0,490000.0,-2153000.0,-1.0,0.0,0.0,0.0,0.0,0.0,0.0,0.0,0.0
1536693481171675416,22339,1536693481171154424,base_link,-2716000.0,485000.0,-952000.0,-1.0,0.0,0.0,0.0,0.0,0.0,0.0,0.0,0.0
1536693481296743320,22340,1536693481295905080,base_link,-2714000.0,480000.0,-855000.0,-1.0,0.0,0.0,0.0,0.0,0.0,0.0,0.0,0.0
1536693481389993144,22341,1536693481389632184,base_link,-2733000.0,477000.0,-1834000.0,-1.0,0.0,0.0,0.0,0.0,0.0,0.0,0.0,0.0
1536693481475642200,22342,1536693481474920312,base_link,-2735000.0,469000.0,-1956000.0,-1.0,0.0,0.0,0.0,0.0,0.0,0.0,0.0,0.0
1536693481578106520,22343,1536693481577635960,base_link,-2712000.0,465000.0,-722000.0,-1.0,0.0,0.0,0.0,0.0,0.0,0.0,0.0,0.0
1536693481686269112,22344,1536693481685826872,base_link,-2726000.0,472000.0,-1487000.0,-1.0,0.0,0.0,0.0,0.0,0.0,0.0,0.0,0.0
1536693481785170776,22345,1536693481784316568,base_link,-2727000.0,479000.0,-1500000.0,-1.0,0.0,0.0,0.0,0.0,0.0,0.0,0.0,0.0
1536693481914976088,22346,1536693481914312920,base_link,-2730000.0,482000.0,-1696000.0,-1.0,0.0,0.0,0.0,0.0,0.0,0.0,0.0,0.0
1536693481994311544,22347,1536693481993890008,base_link,-2730000.0,482000.0,-1696000.0,-1.0,0.0,0.0,0.0,0.0,0.0,0.0,0.0,0.0
1536693482079800088,22348,1536693482079087032,base_link,-2740000.0,470000.0,-2228000.0,-1.0,0.0,0.0,0.0,0.0,0.0,0.0,0.0,0.0
1536693482184981720,22349,1536693482184241176,base_link,-2749000.0,463000.0,-2686000.0,-1.0,0.0,0.0,0.0,0.0,0.0,0.0,0.0,0.0
1536693482302409720,22350,1536693482298231192,base_link,-2736000.0,418000.0,-2057000.0,-1.0,0.0,0.0,0.0,0.0,0.0,0.0,0.0,0.0
1536693482380963896,22351,1536693482380326712,base_link,-2736000.0,418000.0,-2057000.0,-1.0,0.0,0.0,0.0,0.0,0.0,0.0,0.0,0.0
1536693482522152216,22352,1536693482521746712,base_link,-2735000.0,393000.0,-2011000.0,-1.0,0.0,0.0,0.0,0.0,0.0,0.0,0.0,0.0
1536693482582772344,22353,1536693482582205912,base_link,-2735000.0,367000.0,-2036000.0,-1.0,0.0,0.0,0.0,0.0,0.0,0.0,0.0,0.0
1536693482700219416,22354,1536693482699161432,base_link,-2730000.0,321000.0,-1810000.0,-1.0,0.0,0.0,0.0,0.0,0.0,0.0,0.0,0.0
1536693482774432344,22355,1536693482773990808,base_link,-2730000.0,321000.0,-1810000.0,-1.0,0.0,0.0,0.0,0.0,0.0,0.0,0.0,0.0
1536693482862962776,22356,1536693482862505432,base_link,-2198000.0,276000.0,-1474000.0,-1.0,0.0,0.0,0.0,0.0,0.0,0.0,0.0,0.0
1536693482970980728,22357,1536693482969998168,base_link,-97000.0,207000.0,-1411000.0,-1.0,0.0,0.0,0.0,0.0,0.0,0.0,0.0,0.0
1536693483140092504,22358,1536693483139298872,base_link,-542000.0,97000.0,-1282000.0,-1.0,0.0,0.0,0.0,0.0,0.0,0.0,0.0,0.0
1536693483171318296,22359,1536693483170910680,base_link,-542000.0,97000.0,-1282000.0,-1.0,0.0,0.0,0.0,0.0,0.0,0.0,0.0,0.0
1536693483320439288,22360,1536693483319657560,base_link,-666000.0,5000.0,-1151000.0,-1.0,0.0,0.0,0.0,0.0,0.0,0.0,0.0,0.0
1536693483389307832,22361,1536693483383974904,base_link,-666000.0,5000.0,-1151000.0,-1.0,0.0,0.0,0.0,0.0,0.0,0.0,0.0,0.0
1536693483477884888,22362,1536693483475288536,base_link,-591000.0,-41000.0,-1137000.0,-1.0,0.0,0.0,0.0,0.0,0.0,0.0,0.0,0.0
1536693483573735544,22363,1536693483573170424,base_link,-179000.0,-131000.0,-1053000.0,-1.0,0.0,0.0,0.0,0.0,0.0,0.0,0.0,0.0
1536693483701740856,22364,1536693483700193208,base_link,-179000.0,-131000.0,-1053000.0,-1.0,0.0,0.0,0.0,0.0,0.0,0.0,0.0,0.0
1536693483783353624,22365,1536693483781988024,base_link,-1004000.0,-141000.0,-1019000.0,-1.0,0.0,0.0,0.0,0.0,0.0,0.0,0.0,0.0
1536693483886140536,22366,1536693483884321464,base_link,-523000.0,-164000.0,-1014000.0,-1.0,0.0,0.0,0.0,0.0,0.0,0.0,0.0,0.0
1536693483977016856,22367,1536693483974963992,base_link,-850000.0,-180000.0,-990000.0,-1.0,0.0,0.0,0.0,0.0,0.0,0.0,0.0,0.0
1536693484076241336,22368,1536693484075044248,base_link,-842000.0,-189000.0,-990000.0,-1.0,0.0,0.0,0.0,0.0,0.0,0.0,0.0,0.0
1536693484177632280,22369,1536693484176533592,base_link,-832000.0,-196000.0,-982000.0,-1.0,0.0,0.0,0.0,0.0,0.0,0.0,0.0,0.0
1536693484271822744,22370,1536693484270827672,base_link,-813000.0,-203000.0,-970000.0,-1.0,0.0,0.0,0.0,0.0,0.0,0.0,0.0,0.0
1536693484377354904,22371,1536693484376298872,base_link,-807000.0,-207000.0,-963000.0,-1.0,0.0,0.0,0.0,0.0,0.0,0.0,0.0,0.0
1536693484478893112,22372,1536693484477887064,base_link,-783000.0,-205000.0,-950000.0,-1.0,0.0,0.0,0.0,0.0,0.0,0.0,0.0,0.0
1536693484563489880,22373,1536693484561230264,base_link,-779000.0,-204000.0,-955000.0,-1.0,0.0,0.0,0.0,0.0,0.0,0.0,0.0,0.0
1536693484683749144,22374,1536693484682871896,base_link,-757000.0,-199000.0,-953000.0,-1.0,0.0,0.0,0.0,0.0,0.0,0.0,0.0,0.0
1536693484772348856,22375,1536693484771820152,base_link,-749000.0,-195000.0,-946000.0,-1.0,0.0,0.0,0.0,0.0,0.0,0.0,0.0,0.0
1536693484872382424,22376,1536693484871882616,base_link,-744000.0,-191000.0,-952000.0,-1.0,0.0,0.0,0.0,0.0,0.0,0.0,0.0,0.0
1536693484983026360,22377,1536693484982375480,base_link,-717000.0,-185000.0,-952000.0,-1.0,0.0,0.0,0.0,0.0,0.0,0.0,0.0,0.0
1536693485070554072,22378,1536693485070094808,base_link,-731000.0,-179000.0,-950000.0,-1.0,0.0,0.0,0.0,0.0,0.0,0.0,0.0,0.0
1536693485165988760,22379,1536693485165492984,base_link,-719000.0,-171000.0,-958000.0,-1.0,0.0,0.0,0.0,0.0,0.0,0.0,0.0,0.0
1536693485265691640,22380,1536693485265163672,base_link,-708000.0,-157000.0,-977000.0,-1.0,0.0,0.0,0.0,0.0,0.0,0.0,0.0,0.0
1536693485371420632,22381,1536693485370551736,base_link,-700000.0,-139000.0,-978000.0,-1.0,0.0,0.0,0.0,0.0,0.0,0.0,0.0,0.0
1536693485550059608,22382,1536693485547262008,base_link,-535000.0,-136000.0,-884000.0,-1.0,0.0,0.0,0.0,0.0,0.0,0.0,0.0,0.0
1536693485580712632,22383,1536693485579643896,base_link,-535000.0,-136000.0,-884000.0,-1.0,0.0,0.0,0.0,0.0,0.0,0.0,0.0,0.0
1536693485701966680,22384,1536693485698254040,base_link,-515000.0,-113000.0,-935000.0,-1.0,0.0,0.0,0.0,0.0,0.0,0.0,0.0,0.0
1536693485782979032,22385,1536693485781760696,base_link,-542000.0,-90000.0,-920000.0,-1.0,0.0,0.0,0.0,0.0,0.0,0.0,0.0,0.0
1536693485895034424,22386,1536693485894084664,base_link,-491000.0,-82000.0,-928000.0,-1.0,0.0,0.0,0.0,0.0,0.0,0.0,0.0,0.0
1536693485974623768,22387,1536693485974251320,base_link,-442000.0,-65000.0,-867000.0,-1.0,0.0,0.0,0.0,0.0,0.0,0.0,0.0,0.0
1536693486094305400,22388,1536693486093645880,base_link,-421000.0,-40000.0,-878000.0,-1.0,0.0,0.0,0.0,0.0,0.0,0.0,0.0,0.0
1536693486203826584,22389,1536693486203157912,base_link,-380000.0,14000.0,-847000.0,-1.0,0.0,0.0,0.0,0.0,0.0,0.0,0.0,0.0
1536693486275748216,22390,1536693486275152536,base_link,-380000.0,14000.0,-847000.0,-1.0,0.0,0.0,0.0,0.0,0.0,0.0,0.0,0.0
1536693486371566968,22391,1536693486370960088,base_link,-365000.0,49000.0,-843000.0,-1.0,0.0,0.0,0.0,0.0,0.0,0.0,0.0,0.0
1536693486478027704,22392,1536693486477530488,base_link,-359000.0,79000.0,-834000.0,-1.0,0.0,0.0,0.0,0.0,0.0,0.0,0.0,0.0
1536693486567625208,22393,1536693486567137368,base_link,-355000.0,114000.0,-814000.0,-1.0,0.0,0.0,0.0,0.0,0.0,0.0,0.0,0.0
1536693486720097464,22394,1536693486719213976,base_link,-345000.0,184000.0,-788000.0,-1.0,0.0,0.0,0.0,0.0,0.0,0.0,0.0,0.0
1536693486814185752,22395,1536693486813632888,base_link,-344000.0,225000.0,-777000.0,-1.0,0.0,0.0,0.0,0.0,0.0,0.0,0.0,0.0
1536693486874778904,22396,1536693486874261944,base_link,-344000.0,225000.0,-777000.0,-1.0,0.0,0.0,0.0,0.0,0.0,0.0,0.0,0.0
1536693486974942872,22397,1536693486974329656,base_link,-357000.0,262000.0,-770000.0,-1.0,0.0,0.0,0.0,0.0,0.0,0.0,0.0,0.0
1536693487079823544,22398,1536693487079310296,base_link,-368000.0,293000.0,-756000.0,-1.0,0.0,0.0,0.0,0.0,0.0,0.0,0.0,0.0
1536693487208129592,22399,1536693487205448728,base_link,-406000.0,347000.0,-752000.0,-1.0,0.0,0.0,0.0,0.0,0.0,0.0,0.0,0.0
1536693487321363032,22400,1536693487320432696,base_link,-428000.0,373000.0,-758000.0,-1.0,0.0,0.0,0.0,0.0,0.0,0.0,0.0,0.0
1536693487375226136,22401,1536693487373406264,base_link,-428000.0,373000.0,-758000.0,-1.0,0.0,0.0,0.0,0.0,0.0,0.0,0.0,0.0
1536693487484732856,22402,1536693487481928056,base_link,-464000.0,391000.0,-764000.0,-1.0,0.0,0.0,0.0,0.0,0.0,0.0,0.0,0.0
1536693487583951544,22403,1536693487583465880,base_link,-492000.0,405000.0,-773000.0,-1.0,0.0,0.0,0.0,0.0,0.0,0.0,0.0,0.0
1536693487669887096,22404,1536693487669469368,base_link,-510000.0,425000.0,-782000.0,-1.0,0.0,0.0,0.0,0.0,0.0,0.0,0.0,0.0
1536693487769233784,22405,1536693487768430392,base_link,-581000.0,445000.0,-808000.0,-1.0,0.0,0.0,0.0,0.0,0.0,0.0,0.0,0.0
1536693487866803608,22406,1536693487865339352,base_link,-611000.0,457000.0,-847000.0,-1.0,0.0,0.0,0.0,0.0,0.0,0.0,0.0,0.0
1536693487985154872,22407,1536693487984427416,base_link,-690000.0,479000.0,-869000.0,-1.0,0.0,0.0,0.0,0.0,0.0,0.0,0.0,0.0
1536693488087125656,22408,1536693488086745080,base_link,-646000.0,509000.0,-988000.0,-1.0,0.0,0.0,0.0,0.0,0.0,0.0,0.0,0.0
1536693488185302040,22409,1536693488184388312,base_link,-646000.0,509000.0,-988000.0,-1.0,0.0,0.0,0.0,0.0,0.0,0.0,0.0,0.0
1536693488297034680,22410,1536693488296259480,base_link,-389000.0,527000.0,-1005000.0,-1.0,0.0,0.0,0.0,0.0,0.0,0.0,0.0,0.0
1536693488400283608,22411,1536693488399021176,base_link,797000.0,525000.0,-1035000.0,-1.0,0.0,0.0,0.0,0.0,0.0,0.0,0.0,0.0
1536693488481403832,22412,1536693488479413912,base_link,797000.0,525000.0,-1035000.0,-1.0,0.0,0.0,0.0,0.0,0.0,0.0,0.0,0.0
1536693488575286904,22413,1536693488574548312,base_link,587000.0,532000.0,-1094000.0,-1.0,0.0,0.0,0.0,0.0,0.0,0.0,0.0,0.0
1536693488657587384,22414,1536693488656973976,base_link,-1216000.0,581000.0,-1313000.0,-1.0,0.0,0.0,0.0,0.0,0.0,0.0,0.0,0.0
1536693488776630008,22415,1536693488775604056,base_link,-2040000.0,606000.0,-1267000.0,-1.0,0.0,0.0,0.0,0.0,0.0,0.0,0.0,0.0
1536693488883190840,22416,1536693488882655224,base_link,-2056000.0,609000.0,-1480000.0,-1.0,0.0,0.0,0.0,0.0,0.0,0.0,0.0,0.0
1536693488965820216,22417,1536693488965332280,base_link,-2202000.0,621000.0,-1376000.0,-1.0,0.0,0.0,0.0,0.0,0.0,0.0,0.0,0.0
1536693489076563864,22418,1536693489075310040,base_link,-2727000.0,618000.0,-1419000.0,-1.0,0.0,0.0,0.0,0.0,0.0,0.0,0.0,0.0
1536693489155480408,22419,1536693489152844280,base_link,-2730000.0,649000.0,-1570000.0,-1.0,0.0,0.0,0.0,0.0,0.0,0.0,0.0,0.0
1536693489314976696,22420,1536693489313774680,base_link,-2732000.0,648000.0,-1656000.0,-1.0,0.0,0.0,0.0,0.0,0.0,0.0,0.0,0.0
1536693489370031768,22421,1536693489369203736,base_link,-2732000.0,648000.0,-1656000.0,-1.0,0.0,0.0,0.0,0.0,0.0,0.0,0.0,0.0
1536693489472610456,22422,1536693489472109880,base_link,-2736000.0,659000.0,-1867000.0,-1.0,0.0,0.0,0.0,0.0,0.0,0.0,0.0,0.0
1536693489573344664,22423,1536693489572822488,base_link,-2739000.0,643000.0,-2004000.0,-1.0,0.0,0.0,0.0,0.0,0.0,0.0,0.0,0.0
1536693489697708312,22424,1536693489697182360,base_link,-2740000.0,625000.0,-2122000.0,-1.0,0.0,0.0,0.0,0.0,0.0,0.0,0.0,0.0
1536693489772992728,22425,1536693489772473752,base_link,-2740000.0,625000.0,-2122000.0,-1.0,0.0,0.0,0.0,0.0,0.0,0.0,0.0,0.0
