%time,field.header.seq,field.header.stamp,field.header.frame_id,field.coordinate_frame,field.des_x,field.des_y,field.des_z,field.meas_x,field.meas_y,field.meas_z
1536689966529849080,1627,1536689966528404621,NED,5,0.0560423359275,15.9999017715,6.86320687786e-18,1.32616245747,-20.6097202301,-0.610571742058
1536689966609030355,1628,1536689966606888386,NED,5,0.0560423359275,15.9999017715,6.86320687786e-18,1.3044090271,-20.6485309601,-0.510690510273
1536689966670819855,1629,1536689966670545081,NED,5,0.0560423359275,15.9999017715,6.86320687786e-18,1.29963755608,-20.6470489502,-0.416480839252
1536689966752997819,1630,1536689966752403889,NED,5,0.0560423359275,15.9999017715,6.86320687786e-18,1.34686338902,-20.6009788513,-0.394226372242
1536689966789934219,1631,1536689966789399839,NED,5,0.0560423359275,15.9999017715,6.86320687786e-18,1.38327586651,-20.5750961304,-0.380927801132
1536689966826715904,1632,1536689966826122518,NED,5,0.0560423359275,15.9999017715,6.86320687786e-18,1.44561243057,-20.5351390839,-0.383991897106
1536689966872924090,1633,1536689966871964669,NED,5,0.0560423359275,15.9999017715,6.86320687786e-18,1.52032530308,-20.504650116,-0.380292028189
1536689966911291124,1634,1536689966909137156,NED,5,0.0560423359275,15.9999017715,6.86320687786e-18,1.58876907825,-20.4590778351,-0.370068132877
1536689966981500186,1635,1536689966981318689,NED,5,0.0560423359275,15.9999017715,6.86320687786e-18,1.72184634209,-20.3907470703,-0.321424007416
1536689967027415711,1636,1536689967026827220,NED,5,0.0560423359275,15.9999017715,6.86320687786e-18,1.88207364082,-20.3228969574,-0.274696946144
1536689967071117525,1637,1536689967070233493,NED,5,0.0560423359275,15.9999017715,6.86320687786e-18,1.99145591259,-20.2772521973,-0.238072469831
1536689967124215121,1638,1536689967120799279,NED,5,0.0560423359275,15.9999017715,6.86320687786e-18,2.1696574688,-20.2111988068,-0.189665660262
1536689967175640587,1639,1536689967174632816,NED,5,0.0560423359275,15.9999017715,6.86320687786e-18,2.32545375824,-20.1585712433,-0.180222272873
1536689967277346664,1640,1536689967275243126,NED,5,0.0560423359275,15.9999017715,6.86320687786e-18,2.77518081665,-20.0433616638,-0.197091922164
1536689967318333090,1641,1536689967317771415,NED,5,0.0560423359275,15.9999017715,6.86320687786e-18,2.9902472496,-19.9959907532,-0.23243573308
1536689967361812289,1642,1536689967360751688,NED,5,0.0560423359275,15.9999017715,6.86320687786e-18,3.35822176933,-19.9121131897,-0.295905798674
1536689967412549684,1643,1536689967412016423,NED,5,0.0560423359275,15.9999017715,6.86320687786e-18,3.68416690826,-19.8351554871,-0.253907412291
1536689967505538258,1644,1536689967503652312,NED,5,0.0560423359275,15.9999017715,6.86320687786e-18,3.95338082314,-19.7637500763,-0.122266247869
1536689967534331373,1645,1536689967526602506,NED,5,0.0560423359275,15.9999017715,6.86320687786e-18,4.04604768753,-19.7417316437,-0.0626492798328
1536689967593812158,1646,1536689967592878241,NED,5,0.0560423359275,15.9999017715,6.86320687786e-18,4.37221193314,-19.6555461884,0.174790322781
1536689967609963915,1647,1536689967608637276,NED,5,0.0560423359275,15.9999017715,6.86320687786e-18,4.44445705414,-19.6346244812,0.241404429078
1536689967645576716,1648,1536689967645216409,NED,5,0.0560423359275,15.9999017715,6.86320687786e-18,4.60734510422,-19.6019077301,0.372622787952
1536689967718696070,1649,1536689967717474803,NED,5,0.0560423359275,15.9999017715,6.86320687786e-18,4.91936540604,-19.5257720947,0.652064621449
1536689967776894566,1650,1536689967771094716,NED,5,0.0560423359275,15.9999017715,6.86320687786e-18,5.07655858994,-19.4864692688,0.784845411777
1536689967795555991,1651,1536689967795022890,NED,5,0.0560423359275,15.9999017715,6.86320687786e-18,5.16015005112,-19.4681167603,0.848069250584
1536689967842447767,1652,1536689967841958185,NED,5,0.0560423359275,15.9999017715,6.86320687786e-18,5.4403219223,-19.405248642,1.03854954243
1536689967916132765,1653,1536689967913585883,NED,5,0.0560423359275,15.9999017715,6.86320687786e-18,5.72784996033,-19.3438796997,1.21144449711
1536689967953049261,1654,1536689967952291401,NED,5,0.0560423359275,15.9999017715,6.86320687786e-18,5.92215681076,-19.2959156036,1.31625473499
1536689968004685087,1655,1536689968003927771,NED,5,0.0560423359275,15.9999017715,6.86320687786e-18,6.24443531036,-19.2283782959,1.48904359341
1536689968048725033,1656,1536689968048242203,NED,5,0.0560423359275,15.9999017715,6.86320687786e-18,6.45236825943,-19.1816082001,1.59911036491
1536689968087518932,1657,1536689968086614773,NED,5,0.0560423359275,15.9999017715,6.86320687786e-18,6.66418075562,-19.1316795349,1.7053078413
1536689968122920476,1658,1536689968121686121,NED,5,0.0560423359275,15.9999017715,6.86320687786e-18,6.87265348434,-19.0800304413,1.83653712273
1536689968203710108,1659,1536689968203221582,NED,5,0.0560423359275,15.9999017715,6.86320687786e-18,7.25792264938,-18.9766407013,2.09800124168
1536689968263395013,1660,1536689968262494790,NED,5,0.0560423359275,15.9999017715,6.86320687786e-18,7.63666391373,-18.8796215057,2.24152112007
1536689968318902888,1661,1536689968318335933,NED,5,0.0560423359275,15.9999017715,6.86320687786e-18,8.04708385468,-18.7457065582,2.34159564972
1536689968377583191,1662,1536689968377115272,NED,5,0.0560423359275,15.9999017715,6.86320687786e-18,8.50212287903,-18.5973453522,2.38195347786
1536689968430634004,1663,1536689968423317922,NED,5,0.0560423359275,15.9999017715,6.86320687786e-18,8.80948925018,-18.4890594482,2.42367219925
1536689968485153948,1664,1536689968483962056,NED,5,0.0560423359275,15.9999017715,6.86320687786e-18,9.13210964203,-18.3699970245,2.45298147202
1536689968516971592,1665,1536689968516339487,NED,5,0.0560423359275,15.9999017715,6.86320687786e-18,9.4584197998,-18.2463779449,2.47871518135
1536689968574803126,1666,1536689968574137934,NED,5,0.0560423359275,15.9999017715,6.86320687786e-18,9.96258354187,-18.0451583862,2.48747229576
1536689968608866287,1667,1536689968607791574,NED,5,0.0560423359275,15.9999017715,6.86320687786e-18,10.3107213974,-17.9016551971,2.47174215317
1536689968648713267,1668,1536689968648380639,NED,5,0.0560423359275,15.9999017715,6.86320687786e-18,10.6624011993,-17.7486057281,2.43660163879
1536689968690071071,1669,1536689968688326784,NED,5,0.0560423359275,15.9999017715,6.86320687786e-18,11.0091295242,-17.5870723724,2.40575027466
1536689968726550176,1670,1536689968725576676,NED,5,0.0560423359275,15.9999017715,6.86320687786e-18,11.35729599,-17.4143829346,2.36735630035
1536689968798601218,1671,1536689968797427853,NED,5,0.0560423359275,15.9999017715,6.86320687786e-18,12.0989990234,-17.0268630981,2.24575734138
1536689968875500241,1672,1536689968875200284,NED,5,0.0560423359275,15.9999017715,6.86320687786e-18,12.6294393539,-16.7401008606,2.15336847305
1536689968917057462,1673,1536689968916245172,NED,5,0.0560423359275,15.9999017715,6.86320687786e-18,12.9464540482,-16.5454216003,2.12904453278
1536689968968697896,1674,1536689968963610435,NED,5,0.0560423359275,15.9999017715,6.86320687786e-18,13.3913431168,-16.2650127411,2.10132336617
1536689969002677476,1675,1536689969002344944,NED,5,0.0560423359275,15.9999017715,6.86320687786e-18,13.7088756561,-16.0689754486,2.09292960167
1536689969073787113,1676,1536689969073231197,NED,5,0.0560423359275,15.9999017715,6.86320687786e-18,14.3232755661,-15.6539354324,2.0120677948
1536689969126896164,1677,1536689969125808140,NED,5,0.0560423359275,15.9999017715,6.86320687786e-18,14.482998848,-15.5403299332,1.99810755253
1536689969166825253,1678,1536689969166400501,NED,5,0.0560423359275,15.9999017715,6.86320687786e-18,14.9604434967,-15.1911830902,1.9404489994
1536689969193723430,1679,1536689969192905413,NED,5,0.0560423359275,15.9999017715,6.86320687786e-18,15.1146287918,-15.069565773,1.90258014202
1536689969278593232,1680,1536689969277650739,NED,5,0.0560423359275,15.9999017715,6.86320687786e-18,15.7645435333,-14.5576124191,1.79473316669
1536689969302571677,1681,1536689969301721756,NED,5,0.0560423359275,15.9999017715,6.86320687786e-18,16.0932235718,-14.2551202774,1.7118036747
1536689969377171777,1682,1536689969376497338,NED,5,0.0560423359275,15.9999017715,6.86320687786e-18,16.5618457794,-13.8161935806,1.59743237495
1536689969388857458,1683,1536689969388043696,NED,5,0.0560423359275,15.9999017715,6.86320687786e-18,16.7145652771,-13.6641626358,1.56230068207
1536689969477335703,1684,1536689969475444221,NED,5,0.0560423359275,15.9999017715,6.86320687786e-18,17.2979450226,-13.0856399536,1.45206046104
1536689969491045630,1685,1536689969490149183,NED,5,0.0560423359275,15.9999017715,6.86320687786e-18,17.455532074,-12.9224777222,1.42796814442
1536689969552094741,1686,1536689969551133304,NED,5,0.0560423359275,15.9999017715,6.86320687786e-18,17.8549556732,-12.4656238556,1.35061979294
1536689969583116318,1687,1536689969582402329,NED,5,0.0560423359275,15.9999017715,6.86320687786e-18,18.1112747192,-12.1873407364,1.33595144749
1536689969665377352,1688,1536689969664782750,NED,5,0.0560423359275,15.9999017715,6.86320687786e-18,18.6202068329,-11.5605335236,1.24754154682
1536689969694063495,1689,1536689969693012686,NED,5,0.0560423359275,15.9999017715,6.86320687786e-18,18.7499351501,-11.3819303513,1.23710632324
1536689969743963161,1690,1536689969743533577,NED,5,0.0560423359275,15.9999017715,6.86320687786e-18,19.1139144897,-10.8686170578,1.17233812809
1536689969797273101,1691,1536689969796907771,NED,5,0.0560423359275,15.9999017715,6.86320687786e-18,19.4860515594,-10.3122014999,1.08349812031
1536689969846832396,1692,1536689969846413467,NED,5,0.0560423359275,15.9999017715,6.86320687786e-18,19.7292823792,-9.93550682068,1.02455615997
1536689969887323896,1693,1536689969887008548,NED,5,0.0560423359275,15.9999017715,6.86320687786e-18,19.9787864685,-9.51556587219,0.921099960804
1536689969955888091,1694,1536689969955136470,NED,5,0.0560423359275,15.9999017715,6.86320687786e-18,20.327545166,-8.84783554077,0.741437852383
1536689970009927668,1695,1536689970009463269,NED,5,0.0560423359275,15.9999017715,6.86320687786e-18,20.6563930511,-8.18477153778,0.572394907475
1536689970041306736,1696,1536689970041013947,NED,5,0.0560423359275,15.9999017715,6.86320687786e-18,20.8521976471,-7.7388882637,0.471378624439
1536689970112579086,1697,1536689970111909319,NED,5,0.0560423359275,15.9999017715,6.86320687786e-18,21.1528072357,-7.02689599991,0.261516839266
1536689970163595831,1698,1536689970163274147,NED,5,0.0560423359275,15.9999017715,6.86320687786e-18,21.4306545258,-6.26388883591,-0.0162845142186
1536689970203154598,1699,1536689970202559580,NED,5,0.0560423359275,15.9999017715,6.86320687786e-18,21.5864715576,-5.73274707794,-0.201260596514
1536689970242034510,1700,1536689970241665019,NED,5,0.0560423359275,15.9999017715,6.86320687786e-18,21.7162399292,-5.2445435524,-0.388575494289
1536689970353119090,1701,1536689970351810370,NED,5,0.0560423359275,15.9999017715,6.86320687786e-18,21.9652900696,-4.13821697235,-0.778143584728
1536689970364470800,1702,1536689970363570545,NED,5,0.0560423359275,15.9999017715,6.86320687786e-18,22.0095710754,-3.83542609215,-0.896579504013
1536689970390558255,1703,1536689970389684047,NED,5,0.0560423359275,15.9999017715,6.86320687786e-18,22.1089057922,-3.26730942726,-1.09569716454
1536689970477054108,1704,1536689970476579694,NED,5,0.0560423359275,15.9999017715,6.86320687786e-18,22.2603683472,-2.17226099968,-1.40859544277
1536689970491957879,1705,1536689970490574026,NED,5,0.0560423359275,15.9999017715,6.86320687786e-18,22.2742862701,-1.93963420391,-1.46139919758
1536689970548449910,1706,1536689970547530488,NED,5,0.0560423359275,15.9999017715,6.86320687786e-18,22.321023941,-1.1459479332,-1.67059147358
1536689970608533873,1707,1536689970606185863,NED,5,0.0560423359275,15.9999017715,6.86320687786e-18,22.356672287,-0.357886046171,-1.86940157413
1536689970660311326,1708,1536689970659874030,NED,5,0.0560423359275,15.9999017715,6.86320687786e-18,22.3621559143,0.400338470936,-2.08755350113
1536689970693246528,1709,1536689970690588642,NED,5,0.0560423359275,15.9999017715,6.86320687786e-18,22.3504772186,0.62529784441,-2.15341734886
1536689970722115097,1710,1536689970721392820,NED,5,0.0560423359275,15.9999017715,6.86320687786e-18,22.3144645691,1.12805449963,-2.29869771004
1536689970772587542,1711,1536689970771417793,NED,5,0.0560423359275,15.9999017715,6.86320687786e-18,22.2391853333,1.81008923054,-2.47913241386
1536689970837009937,1712,1536689970836356873,NED,5,0.0560423359275,15.9999017715,6.86320687786e-18,22.1692390442,2.27775669098,-2.59341716766
1536689970892655279,1713,1536689970891618901,NED,5,0.0560423359275,15.9999017715,6.86320687786e-18,22.0493831635,2.88696360588,-2.71828603745
1536689970901267442,1714,1536689970899967073,NED,5,0.0560423359275,15.9999017715,6.86320687786e-18,22.0170574188,3.08995342255,-2.76360201836
1536689970974949847,1715,1536689970974307279,NED,5,0.0560423359275,15.9999017715,6.86320687786e-18,21.8663272858,3.71407556534,-2.91319227219
1536689971001076309,1716,1536689970999537134,NED,5,0.0560423359275,15.9999017715,6.86320687786e-18,21.7534160614,4.08702468872,-3.01374936104
1536689971074514884,1717,1536689971073386829,NED,5,0.0560423359275,15.9999017715,6.86320687786e-18,21.6026763916,4.63459539413,-3.11595892906
1536689971111543984,1718,1536689971110934278,NED,5,0.0560423359275,15.9999017715,6.86320687786e-18,21.4686260223,4.97045373917,-3.16964507103
1536689971187140431,1719,1536689971185006589,NED,5,0.0560423359275,15.9999017715,6.86320687786e-18,21.2245864868,5.6308889389,-3.23019385338
1536689971252331533,1720,1536689971251884990,NED,5,0.0560423359275,15.9999017715,6.86320687786e-18,21.0099658966,6.18190860748,-3.31893396378
1536689971279664511,1721,1536689971279093620,NED,5,0.0560423359275,15.9999017715,6.86320687786e-18,20.8598384857,6.52404212952,-3.36615610123
1536689971327947340,1722,1536689971327284516,NED,5,0.0560423359275,15.9999017715,6.86320687786e-18,20.69165802,6.85431814194,-3.40684151649
1536689971371820156,1723,1536689971369689514,NED,5,0.0560423359275,15.9999017715,6.86320687786e-18,20.5486736298,7.15297317505,-3.39082193375
1536689971401079846,1724,1536689971400648662,NED,5,0.0560423359275,15.9999017715,6.86320687786e-18,20.4046401978,7.44231128693,-3.36381220818
1536689971484681374,1725,1536689971484474982,NED,5,0.0560423359275,15.9999017715,6.86320687786e-18,20.1740455627,7.86560964584,-3.32718706131
1536689971522332627,1726,1536689971521646029,NED,5,0.0560423359275,15.9999017715,6.86320687786e-18,20.0030574799,8.16280460358,-3.30632162094
1536689971564285162,1727,1536689971563018777,NED,5,0.0560423359275,15.9999017715,6.86320687786e-18,19.7308254242,8.61028862,-3.2763030529
1536689971586445210,1728,1536689971585785618,NED,5,0.0560423359275,15.9999017715,6.86320687786e-18,19.6397819519,8.75655174255,-3.26350235939
1536689971623624416,1729,1536689971620799112,NED,5,0.0560423359275,15.9999017715,6.86320687786e-18,19.4545707703,9.04777145386,-3.2358751297
1536689971675280081,1730,1536689971674991996,NED,5,0.0560423359275,15.9999017715,6.86320687786e-18,19.1632614136,9.47770404816,-3.18012952805
1536689971740060927,1731,1536689971739098946,NED,5,0.0560423359275,15.9999017715,6.86320687786e-18,18.8467674255,9.91855144501,-3.14237546921
1536689971838238238,1732,1536689971834790877,NED,5,0.0560423359275,15.9999017715,6.86320687786e-18,18.4097938538,10.5010261536,-3.10522508621
1536689971886857183,1733,1536689971886172921,NED,5,0.0560423359275,15.9999017715,6.86320687786e-18,18.10546875,10.8853178024,-3.04317712784
1536689971931462996,1734,1536689971931035748,NED,5,0.0560423359275,15.9999017715,6.86320687786e-18,18.01222229,10.9967851639,-3.00715374947
1536689971983866282,1735,1536689971983458969,NED,5,0.0560423359275,15.9999017715,6.86320687786e-18,17.709444046,11.3431053162,-2.772554636
1536689972000933173,1736,1536689972000478534,NED,5,0.0560423359275,15.9999017715,6.86320687786e-18,17.634552002,11.4281454086,-2.70804643631
1536689972096892838,1737,1536689972096319099,NED,5,0.0560423359275,15.9999017715,6.86320687786e-18,17.32280159,11.802898407,-2.45877218246
1536689972128676563,1738,1536689972127757013,NED,5,0.0560423359275,15.9999017715,6.86320687786e-18,17.2341365814,11.9012117386,-2.40052485466
1536689972183369397,1739,1536689972178479145,NED,5,0.0560423359275,15.9999017715,6.86320687786e-18,16.9243965149,12.2269802094,-2.26034092903
1536689972208689872,1740,1536689972208326813,NED,5,0.0560423359275,15.9999017715,6.86320687786e-18,16.7138271332,12.4474105835,-2.19952750206
1536689972277385965,1741,1536689972275186974,NED,5,0.0560423359275,15.9999017715,6.86320687786e-18,16.341342926,12.8308763504,-2.13786220551
1536689972348002532,1742,1536689972346639222,NED,5,0.0560423359275,15.9999017715,6.86320687786e-18,15.8375263214,13.3191366196,-2.06051445007
1536689972385490655,1743,1536689972385227049,NED,5,0.0560423359275,15.9999017715,6.86320687786e-18,15.5681781769,13.5679960251,-2.04586791992
1536689972426705393,1744,1536689972426006187,NED,5,0.0560423359275,15.9999017715,6.86320687786e-18,15.2991094589,13.8113059998,-1.99522280693
1536689972480028133,1745,1536689972479530967,NED,5,0.0560423359275,15.9999017715,6.86320687786e-18,14.901137352,14.1544914246,-1.93542170525
1536689972518557945,1746,1536689972517686138,NED,5,0.0560423359275,15.9999017715,6.86320687786e-18,14.7649278641,14.2710533142,-1.92136490345
1536689972562690016,1747,1536689972562040696,NED,5,0.0560423359275,15.9999017715,6.86320687786e-18,14.3407230377,14.6303167343,-1.85573220253
1536689972614868190,1748,1536689972613298615,NED,5,0.0560423359275,15.9999017715,6.86320687786e-18,14.0844211578,14.8318223953,-1.79710710049
1536689972681394987,1749,1536689972680824608,NED,5,0.0560423359275,15.9999017715,6.86320687786e-18,13.5781841278,15.2260532379,-1.6589858532
1536689972739821315,1750,1536689972738628079,NED,5,0.0560423359275,15.9999017715,6.86320687786e-18,13.2751932144,15.4476099014,-1.62327718735
1536689972779785507,1751,1536689972778595694,NED,5,0.0560423359275,15.9999017715,6.86320687786e-18,13.0028934479,15.6428842545,-1.58420312405
1536689972827562563,1752,1536689972824662733,NED,5,0.0560423359275,15.9999017715,6.86320687786e-18,12.5379056931,15.9556303024,-1.54402780533
1536689972862346945,1753,1536689972861703129,NED,5,0.0560423359275,15.9999017715,6.86320687786e-18,12.2520227432,16.1419429779,-1.54181945324
1536689972910337017,1754,1536689972909753807,NED,5,0.0560423359275,15.9999017715,6.86320687786e-18,11.9613399506,16.3286476135,-1.48497569561
1536689972964534093,1755,1536689972962407867,NED,5,0.0560423359275,15.9999017715,6.86320687786e-18,11.560546875,16.5618686676,-1.37371528149
1536689973025487560,1756,1536689973025203666,NED,5,0.0560423359275,15.9999017715,6.86320687786e-18,11.1618309021,16.7793464661,-1.22447383404
1536689973039370216,1757,1536689973038796125,NED,5,0.0560423359275,15.9999017715,6.86320687786e-18,11.0527458191,16.8390426636,-1.17373013496
1536689973086073072,1758,1536689973085563939,NED,5,0.0560423359275,15.9999017715,6.86320687786e-18,10.8052577972,16.9748744965,-1.05806767941
1536689973167275585,1759,1536689973165503938,NED,5,0.0560423359275,15.9999017715,6.86320687786e-18,10.4094944,17.1754455566,-0.907375454903
1536689973218987632,1760,1536689973218674491,NED,5,0.0560423359275,15.9999017715,6.86320687786e-18,9.84251213074,17.4545669556,-0.762000441551
1536689973277167056,1761,1536689973276834141,NED,5,0.0560423359275,15.9999017715,6.86320687786e-18,9.53622531891,17.5983581543,-0.708446979523
1536689973327745609,1762,1536689973326980869,NED,5,0.0560423359275,15.9999017715,6.86320687786e-18,9.1325006485,17.7914142609,-0.590282559395
1536689973378685685,1763,1536689973374868161,NED,5,0.0560423359275,15.9999017715,6.86320687786e-18,8.85908222198,17.9063510895,-0.502971172333
1536689973390977264,1764,1536689973389205937,NED,5,0.0560423359275,15.9999017715,6.86320687786e-18,8.7296037674,17.9640274048,-0.466863870621
1536689973469515011,1765,1536689973468887546,NED,5,0.0560423359275,15.9999017715,6.86320687786e-18,8.21189785004,18.1787414551,-0.26558226347
1536689973499246716,1766,1536689973495859704,NED,5,0.0560423359275,15.9999017715,6.86320687786e-18,8.08620548248,18.234670639,-0.192352250218
1536689973588591073,1767,1536689973586840321,NED,5,0.0560423359275,15.9999017715,6.86320687786e-18,7.41427898407,18.5042858124,0.0729624330997
1536689973678867267,1768,1536689973677792715,NED,5,0.0560423359275,15.9999017715,6.86320687786e-18,6.84633398056,18.7231769562,0.242463767529
1536689973699013533,1769,1536689973698591340,NED,5,0.0560423359275,15.9999017715,6.86320687786e-18,6.57290840149,18.834695816,0.339916944504
1536689973761560253,1770,1536689973760537123,NED,5,0.0560423359275,15.9999017715,6.86320687786e-18,6.11838912964,18.9988956451,0.482088923454
1536689973783469206,1771,1536689973782984264,NED,5,0.0560423359275,15.9999017715,6.86320687786e-18,5.96148109436,19.0555877686,0.515030741692
1536689973889722316,1772,1536689973887891247,NED,5,0.0560423359275,15.9999017715,6.86320687786e-18,5.19334363937,19.3026809692,0.76350903511
1536689973930000832,1773,1536689973929422389,NED,5,0.0560423359275,15.9999017715,6.86320687786e-18,4.88309049606,19.3945884705,0.872283935547
1536689973979688346,1774,1536689973976858626,NED,5,0.0560423359275,15.9999017715,6.86320687786e-18,4.60034894943,19.4834957123,0.989104032516
1536689974007213124,1775,1536689974000000685,NED,5,0.0560423359275,15.9999017715,6.86320687786e-18,4.30231285095,19.5570831299,1.10309004784
1536689974073614902,1776,1536689974072961230,NED,5,0.0560423359275,15.9999017715,6.86320687786e-18,3.85883569717,19.6678199768,1.27136921883
1536689974116565480,1777,1536689974114149985,NED,5,0.0560423359275,15.9999017715,6.86320687786e-18,3.60099887848,19.7301311493,1.41441869736
1536689974176066168,1778,1536689974171551550,NED,5,0.0560423359275,15.9999017715,6.86320687786e-18,3.25171589851,19.8060855865,1.69881677628
1536689974203232047,1779,1536689974202624869,NED,5,0.0560423359275,15.9999017715,6.86320687786e-18,2.9777982235,19.8550014496,1.81670236588
1536689974240047459,1780,1536689974239072903,NED,5,0.0560423359275,15.9999017715,6.86320687786e-18,2.65999698639,19.911693573,1.90569245815
1536689974291522875,1781,1536689974291135145,NED,5,0.0560423359275,15.9999017715,6.86320687786e-18,2.30673551559,19.9764575958,1.95570015907
1536689974385950340,1782,1536689974384615765,NED,5,0.0560423359275,15.9999017715,6.86320687786e-18,1.45826458931,20.123884201,2.073315382
1536689974433463502,1783,1536689974432909122,NED,5,0.0560423359275,15.9999017715,6.86320687786e-18,1.12403297424,20.1687240601,2.11586737633
1536689974477032169,1784,1536689974476850992,NED,5,0.0560423359275,15.9999017715,6.86320687786e-18,0.791181147099,20.2085666656,2.14221191406
1536689974507807803,1785,1536689974507109845,NED,5,0.0560423359275,15.9999017715,6.86320687786e-18,0.421145290136,20.2582092285,2.15707540512
1536689974579655141,1786,1536689974575800371,NED,5,0.0560423359275,15.9999017715,6.86320687786e-18,-0.176375985146,20.3212223053,2.14214849472
1536689974625005470,1787,1536689974624413268,NED,5,0.0560423359275,15.9999017715,6.86320687786e-18,-0.761875927448,20.3512248993,2.10414290428
1536689974686882999,1788,1536689974686395977,NED,5,0.0560423359275,15.9999017715,6.86320687786e-18,-1.32826972008,20.3660259247,2.07292556763
1536689974748184645,1789,1536689974746974001,NED,5,0.0560423359275,15.9999017715,6.86320687786e-18,-1.95444190502,20.3650665283,2.02266550064
1536689974780187626,1790,1536689974779092370,NED,5,0.0560423359275,15.9999017715,6.86320687786e-18,-2.16619467735,20.3557701111,1.99801647663
1536689974898279532,1791,1536689974896730437,NED,5,0.0560423359275,15.9999017715,6.86320687786e-18,-3.71279144287,20.2035369873,1.76241505146
1536689974981939490,1792,1536689974970249584,NED,5,0.0560423359275,15.9999017715,6.86320687786e-18,-4.37135648727,20.1076431274,1.6720123291
1536689975024158447,1793,1536689975023732574,NED,5,0.0560423359275,15.9999017715,6.86320687786e-18,-5.0337896347,19.985534668,1.55096161366
1536689975069027226,1794,1536689975068757796,NED,5,0.0560423359275,15.9999017715,6.86320687786e-18,-5.49591779709,19.8815937042,1.42902803421
1536689975115918330,1795,1536689975115483978,NED,5,0.0560423359275,15.9999017715,6.86320687786e-18,-5.97895383835,19.7800979614,1.2922552824
1536689975187496942,1796,1536689975185703344,NED,5,0.0560423359275,15.9999017715,6.86320687786e-18,-6.70491123199,19.6080169678,1.04534769058
1536689975207732164,1797,1536689975207393489,NED,5,0.0560423359275,15.9999017715,6.86320687786e-18,-7.1727643013,19.4839096069,0.871039271355
1536689975299649450,1798,1536689975299085087,NED,5,0.0560423359275,15.9999017715,6.86320687786e-18,-8.03774833679,19.2364349365,0.557822167873
1536689975337180164,1799,1536689975331968740,NED,5,0.0560423359275,15.9999017715,6.86320687786e-18,-8.45178699493,19.1177101135,0.41012057662
1536689975379234519,1800,1536689975378944449,NED,5,0.0560423359275,15.9999017715,6.86320687786e-18,-8.94807052612,18.9611949921,0.324740171432
1536689975448182219,1801,1536689975447404391,NED,5,0.0560423359275,15.9999017715,6.86320687786e-18,-9.39560317993,18.8016033173,0.308427333832
1536689975490010406,1802,1536689975489607893,NED,5,0.0560423359275,15.9999017715,6.86320687786e-18,-9.5381193161,18.7454986572,0.312469184399
1536689975533820248,1803,1536689975532508872,NED,5,0.0560423359275,15.9999017715,6.86320687786e-18,-9.83209514618,18.6468009949,0.363853126764
1536689975552819068,1804,1536689975550720490,NED,5,0.0560423359275,15.9999017715,6.86320687786e-18,-10.1235713959,18.5361843109,0.411169826984
1536689975607092205,1805,1536689975606580928,NED,5,0.0560423359275,15.9999017715,6.86320687786e-18,-10.5633649826,18.3480873108,0.446057647467
1536689975666029746,1806,1536689975665626721,NED,5,0.0560423359275,15.9999017715,6.86320687786e-18,-10.9962244034,18.1397724152,0.444121211767
1536689975690141914,1807,1536689975689342359,NED,5,0.0560423359275,15.9999017715,6.86320687786e-18,-11.1447877884,18.0791168213,0.450793832541
1536689975747278753,1808,1536689975746900719,NED,5,0.0560423359275,15.9999017715,6.86320687786e-18,-11.6211853027,17.8463859558,0.395882427692
1536689975798527681,1809,1536689975798189902,NED,5,0.0560423359275,15.9999017715,6.86320687786e-18,-12.0940284729,17.5865859985,0.308798909187
1536689975871338119,1810,1536689975870445224,NED,5,0.0560423359275,15.9999017715,6.86320687786e-18,-12.5700092316,17.2863121033,0.207729831338
1536689975906051688,1811,1536689975905468062,NED,5,0.0560423359275,15.9999017715,6.86320687786e-18,-12.9168176651,17.0791244507,0.166838899255
1536689975951207017,1812,1536689975950057107,NED,5,0.0560423359275,15.9999017715,6.86320687786e-18,-13.2503900528,16.8685894012,0.148123294115
1536689975984682456,1813,1536689975983953011,NED,5,0.0560423359275,15.9999017715,6.86320687786e-18,-13.4043083191,16.768951416,0.155518054962
1536689976022808091,1814,1536689976021979322,NED,5,0.0560423359275,15.9999017715,6.86320687786e-18,-13.8151092529,16.4946193695,0.211518645287
1536689976070811667,1815,1536689976070107597,NED,5,0.0560423359275,15.9999017715,6.86320687786e-18,-14.1019363403,16.2891902924,0.185383468866
1536689976117996329,1816,1536689976117578680,NED,5,0.0560423359275,15.9999017715,6.86320687786e-18,-14.6442375183,15.9009017944,-0.0258958525956
1536689976188182511,1817,1536689976187311247,NED,5,0.0560423359275,15.9999017715,6.86320687786e-18,-15.1425075531,15.5296192169,-0.160925671458
1536689976231874534,1818,1536689976231280860,NED,5,0.0560423359275,15.9999017715,6.86320687786e-18,-15.4669551849,15.2644395828,-0.282633900642
1536689976277008999,1819,1536689976275334085,NED,5,0.0560423359275,15.9999017715,6.86320687786e-18,-15.9212265015,14.888463974,-0.415047258139
1536689976300272398,1820,1536689976299609287,NED,5,0.0560423359275,15.9999017715,6.86320687786e-18,-16.0661907196,14.7708129883,-0.446332871914
1536689976406026007,1821,1536689976402844812,NED,5,0.0560423359275,15.9999017715,6.86320687786e-18,-16.763212204,14.1760778427,-0.561128616333
1536689976482348123,1822,1536689976481634421,NED,5,0.0560423359275,15.9999017715,6.86320687786e-18,-17.1510753632,13.7882623672,-0.690590023994
1536689976510926238,1823,1536689976509058243,NED,5,0.0560423359275,15.9999017715,6.86320687786e-18,-17.4158287048,13.5605211258,-0.745522141457
1536689976593065421,1824,1536689976592238091,NED,5,0.0560423359275,15.9999017715,6.86320687786e-18,-17.7912502289,13.2101545334,-0.696925938129
1536689976610424429,1825,1536689976609297879,NED,5,0.0560423359275,15.9999017715,6.86320687786e-18,-17.8725852966,13.1284580231,-0.669725120068
1536689976713823276,1826,1536689976713326239,NED,5,0.0560423359275,15.9999017715,6.86320687786e-18,-18.3937320709,12.5777835846,-0.735596299171
1536689976779333759,1827,1536689976778550460,NED,5,0.0560423359275,15.9999017715,6.86320687786e-18,-18.7145233154,12.1887331009,-0.882429599762
1536689976807088705,1828,1536689976804999918,NED,5,0.0560423359275,15.9999017715,6.86320687786e-18,-18.9227962494,11.9171571732,-1.00958955288
1536689976914437390,1829,1536689976913753415,NED,5,0.0560423359275,15.9999017715,6.86320687786e-18,-19.4351291656,11.1956825256,-1.32017254829
1536689976988303565,1830,1536689976987826911,NED,5,0.0560423359275,15.9999017715,6.86320687786e-18,-19.7883358002,10.6573848724,-1.55213046074
1536689977013612201,1831,1536689977013203320,NED,5,0.0560423359275,15.9999017715,6.86320687786e-18,-19.8641834259,10.5242900848,-1.60740208626
1536689977084185153,1832,1536689977079296917,NED,5,0.0560423359275,15.9999017715,6.86320687786e-18,-20.0400867462,10.1717824936,-1.68704307079
1536689977105136125,1833,1536689977104150530,NED,5,0.0560423359275,15.9999017715,6.86320687786e-18,-20.1538314819,9.96417331696,-1.71109032631
1536689977175436160,1834,1536689977171514128,NED,5,0.0560423359275,15.9999017715,6.86320687786e-18,-20.3101425171,9.63806629181,-1.77860820293
1536689977204079073,1835,1536689977203260191,NED,5,0.0560423359275,15.9999017715,6.86320687786e-18,-20.3962249756,9.41714000702,-1.83680927753
1536689977267998926,1836,1536689977266990707,NED,5,0.0560423359275,15.9999017715,6.86320687786e-18,-20.5028343201,9.07952690125,-1.95565950871
1536689977291767683,1837,1536689977291131930,NED,5,0.0560423359275,15.9999017715,6.86320687786e-18,-20.5671348572,8.86824417114,-2.0433037281
1536689977373555934,1838,1536689977371482730,NED,5,0.0560423359275,15.9999017715,6.86320687786e-18,-20.6364002228,8.56871414185,-2.2197868824
1536689977416899169,1839,1536689977415626832,NED,5,0.0560423359275,15.9999017715,6.86320687786e-18,-20.6817455292,8.27306461334,-2.38087677956
1536689977479311782,1840,1536689977478129170,NED,5,0.0560423359275,15.9999017715,6.86320687786e-18,-20.6922149658,8.09240150452,-2.49217915535
1536689977503630502,1841,1536689977503256180,NED,5,0.0560423359275,15.9999017715,6.86320687786e-18,-20.6998653412,7.93039798737,-2.60377001762
1536689977595268950,1842,1536689977594562160,NED,5,0.0560423359275,15.9999017715,6.86320687786e-18,-20.675611496,7.6346206665,-2.85197925568
1536689977615443471,1843,1536689977615080157,NED,5,0.0560423359275,15.9999017715,6.86320687786e-18,-20.6726932526,7.5587387085,-2.90905857086
1536689977660316026,1844,1536689977659807981,NED,5,0.0560423359275,15.9999017715,6.86320687786e-18,-20.6222782135,7.34817123413,-3.10541081429
1536689977703859510,1845,1536689977703552898,NED,5,0.0560423359275,15.9999017715,6.86320687786e-18,-20.5868625641,7.24887943268,-3.21511626244
1536689977816649627,1846,1536689977815857017,NED,5,0.0560423359275,15.9999017715,6.86320687786e-18,-20.4397735596,6.93363952637,-3.54202914238
1536689977877003916,1847,1536689977876528414,NED,5,0.0560423359275,15.9999017715,6.86320687786e-18,-20.3797588348,6.82846260071,-3.64757823944
1536689977906417713,1848,1536689977905445268,NED,5,0.0560423359275,15.9999017715,6.86320687786e-18,-20.3168830872,6.76429986954,-3.72827482224
1536689977974429159,1849,1536689977973908794,NED,5,0.0560423359275,15.9999017715,6.86320687786e-18,-20.2222213745,6.63748788834,-3.83250880241
1536689977997286365,1850,1536689977997106052,NED,5,0.0560423359275,15.9999017715,6.86320687786e-18,-20.1558189392,6.57243442535,-3.88255548477
1536689978073288398,1851,1536689978067058195,NED,5,0.0560423359275,15.9999017715,6.86320687786e-18,-20.0461730957,6.46429109573,-3.94984173775
1536689978106943766,1852,1536689978106472967,NED,5,0.0560423359275,15.9999017715,6.86320687786e-18,-19.9837589264,6.39292478561,-3.97785902023
1536689978168159719,1853,1536689978160959248,NED,5,0.0560423359275,15.9999017715,6.86320687786e-18,-19.8796634674,6.3047246933,-4.0001707077
1536689978221519481,1854,1536689978220964046,NED,5,0.0560423359275,15.9999017715,6.86320687786e-18,-19.7684860229,6.21135663986,-3.99263072014
1536689978278053623,1855,1536689978277644326,NED,5,0.0560423359275,15.9999017715,6.86320687786e-18,-19.6601982117,6.12433242798,-3.95032143593
1536689978325556705,1856,1536689978325041908,NED,5,0.0560423359275,15.9999017715,6.86320687786e-18,-19.5899887085,6.07188367844,-3.91022849083
1536689978384915190,1857,1536689978384222192,NED,5,0.0560423359275,15.9999017715,6.86320687786e-18,-19.4943771362,5.98388004303,-3.81676292419
1536689978398860661,1858,1536689978398384102,NED,5,0.0560423359275,15.9999017715,6.86320687786e-18,-19.4518280029,5.95339488983,-3.79272079468
1536689978501833699,1859,1536689978501292503,NED,5,0.0560423359275,15.9999017715,6.86320687786e-18,-19.3254871368,5.8287062645,-3.67054605484
1536689978523291565,1860,1536689978522604806,NED,5,0.0560423359275,15.9999017715,6.86320687786e-18,-19.2600460052,5.76880216599,-3.61782217026
1536689978608883772,1861,1536689978608073274,NED,5,0.0560423359275,15.9999017715,6.86320687786e-18,-19.1245002747,5.63955068588,-3.5244550705
1536689978691496633,1862,1536689978690647896,NED,5,0.0560423359275,15.9999017715,6.86320687786e-18,-19.0023517609,5.50858163834,-3.36567139626
1536689978720389584,1863,1536689978719796390,NED,5,0.0560423359275,15.9999017715,6.86320687786e-18,-18.9772758484,5.4732427597,-3.32036423683
1536689978776221704,1864,1536689978775441988,NED,5,0.0560423359275,15.9999017715,6.86320687786e-18,-18.8725700378,5.35458135605,-3.06714773178
1536689978799402386,1865,1536689978798378935,NED,5,0.0560423359275,15.9999017715,6.86320687786e-18,-18.8507995605,5.32618904114,-2.98289322853
1536689978885790243,1866,1536689978885406802,NED,5,0.0560423359275,15.9999017715,6.86320687786e-18,-18.7598648071,5.18372964859,-2.73671293259
1536689978920114355,1867,1536689978919638021,NED,5,0.0560423359275,15.9999017715,6.86320687786e-18,-18.7328929901,5.14981889725,-2.69163751602
1536689978988523963,1868,1536689978987343495,NED,5,0.0560423359275,15.9999017715,6.86320687786e-18,-18.6485385895,4.97901916504,-2.48604726791
1536689979041947563,1869,1536689979041408959,NED,5,0.0560423359275,15.9999017715,6.86320687786e-18,-18.5820293427,4.8568983078,-2.3074362278
1536689979113792565,1870,1536689979112790073,NED,5,0.0560423359275,15.9999017715,6.86320687786e-18,-18.5259304047,4.74038076401,-2.12027645111
1536689979184679425,1871,1536689979182827302,NED,5,0.0560423359275,15.9999017715,6.86320687786e-18,-18.4654960632,4.58834409714,-1.82209765911
1536689979208936836,1872,1536689979208636303,NED,5,0.0560423359275,15.9999017715,6.86320687786e-18,-18.4471111298,4.55581378937,-1.73551654816
1536689979279955788,1873,1536689979279417343,NED,5,0.0560423359275,15.9999017715,6.86320687786e-18,-18.4065647125,4.44897603989,-1.49095392227
1536689979325430240,1874,1536689979325005136,NED,5,0.0560423359275,15.9999017715,6.86320687786e-18,-18.3759746552,4.34258890152,-1.22795450687
1536689979383972404,1875,1536689979383258318,NED,5,0.0560423359275,15.9999017715,6.86320687786e-18,-18.3449001312,4.22708654404,-0.96746301651
1536689979405961418,1876,1536689979405517978,NED,5,0.0560423359275,15.9999017715,6.86320687786e-18,-18.3397197723,4.18449258804,-0.876514732838
1536689979469518021,1877,1536689979468628101,NED,5,0.0560423359275,15.9999017715,6.86320687786e-18,-18.3082141876,4.06147527695,-0.604516386986
1536689979501788736,1878,1536689979500459217,NED,5,0.0560423359275,15.9999017715,6.86320687786e-18,-18.2948093414,3.97754049301,-0.412183582783
1536689979595917877,1879,1536689979594859771,NED,5,0.0560423359275,15.9999017715,6.86320687786e-18,-18.283788681,3.78724503517,-0.0853278115392
1536689979642933425,1880,1536689979642473954,NED,5,0.0560423359275,15.9999017715,6.86320687786e-18,-18.272857666,3.63607192039,0.15291620791
1536689979689540636,1881,1536689979689044238,NED,5,0.0560423359275,15.9999017715,6.86320687786e-18,-18.269952774,3.53996086121,0.330433130264
1536689979702475903,1882,1536689979700853787,NED,5,0.0560423359275,15.9999017715,6.86320687786e-18,-18.2745704651,3.48488092422,0.420588523149
1536689979784513969,1883,1536689979783567348,NED,5,0.0560423359275,15.9999017715,6.86320687786e-18,-18.285238266,3.26213216782,0.772399842739
1536689979803922502,1884,1536689979795362562,NED,5,0.0560423359275,15.9999017715,6.86320687786e-18,-18.2889308929,3.20903873444,0.852883994579
1536689979866593762,1885,1536689979865835358,NED,5,0.0560423359275,15.9999017715,6.86320687786e-18,-18.2994651794,3.02131605148,1.08097779751
1536689979932308781,1886,1536689979930456977,NED,5,0.0560423359275,15.9999017715,6.86320687786e-18,-18.3248291016,2.81978583336,1.30849421024
1536689979978603908,1887,1536689979976726537,NED,5,0.0560423359275,15.9999017715,6.86320687786e-18,-18.344045639,2.61752963066,1.54142856598
1536689980028709710,1888,1536689980028492118,NED,5,0.0560423359275,15.9999017715,6.86320687786e-18,-18.3604850769,2.48692917824,1.70245504379
1536689980061995876,1889,1536689980061672016,NED,5,0.0560423359275,15.9999017715,6.86320687786e-18,-18.3732147217,2.33310627937,1.84294378757
1536689980104232528,1890,1536689980102459569,NED,5,0.0560423359275,15.9999017715,6.86320687786e-18,-18.4078979492,2.15737915039,1.96349000931
1536689980186833229,1891,1536689980184813783,NED,5,0.0560423359275,15.9999017715,6.86320687786e-18,-18.4613666534,1.79703509808,2.17145466805
1536689980212529210,1892,1536689980208146844,NED,5,0.0560423359275,15.9999017715,6.86320687786e-18,-18.4820022583,1.6962864399,2.22123575211
1536689980280585711,1893,1536689980278842896,NED,5,0.0560423359275,15.9999017715,6.86320687786e-18,-18.520986557,1.39567136765,2.33275914192
1536689980319165954,1894,1536689980318639542,NED,5,0.0560423359275,15.9999017715,6.86320687786e-18,-18.575674057,1.07465434074,2.4541516304
1536689980377143562,1895,1536689980376093617,NED,5,0.0560423359275,15.9999017715,6.86320687786e-18,-18.6122741699,0.863618075848,2.53483223915
1536689980424155463,1896,1536689980420008959,NED,5,0.0560423359275,15.9999017715,6.86320687786e-18,-18.6457710266,0.647199213505,2.60292983055
1536689980479663018,1897,1536689980476178730,NED,5,0.0560423359275,15.9999017715,6.86320687786e-18,-18.6960391998,0.290374010801,2.66605377197
1536689980497187172,1898,1536689980496961581,NED,5,0.0560423359275,15.9999017715,6.86320687786e-18,-18.7396221161,0.0287713706493,2.68136000633
1536689980540339855,1899,1536689980538734986,NED,5,0.0560423359275,15.9999017715,6.86320687786e-18,-18.780128479,-0.2312528193,2.69478321075
1536689980610824170,1900,1536689980609998313,NED,5,0.0560423359275,15.9999017715,6.86320687786e-18,-18.828289032,-0.63339728117,2.69720196724
1536689980627747963,1901,1536689980627319307,NED,5,0.0560423359275,15.9999017715,6.86320687786e-18,-18.8479213715,-0.771145522594,2.69356679916
1536689980671641226,1902,1536689980669926665,NED,5,0.0560423359275,15.9999017715,6.86320687786e-18,-18.8751125336,-1.04716086388,2.69276785851
1536689980735398749,1903,1536689980734865745,NED,5,0.0560423359275,15.9999017715,6.86320687786e-18,-18.925951004,-1.45216476917,2.7353105545
1536689980763150367,1904,1536689980761003790,NED,5,0.0560423359275,15.9999017715,6.86320687786e-18,-18.9493103027,-1.71365916729,2.7494289875
1536689980817111035,1905,1536689980816822534,NED,5,0.0560423359275,15.9999017715,6.86320687786e-18,-18.9793014526,-2.12420773506,2.77585935593
1536689980882158527,1906,1536689980881816908,NED,5,0.0560423359275,15.9999017715,6.86320687786e-18,-19.006111145,-2.51946759224,2.82782936096
1536689980916744901,1907,1536689980916132956,NED,5,0.0560423359275,15.9999017715,6.86320687786e-18,-19.0070095062,-2.66573596001,2.83802890778
1536689980994474134,1908,1536689980993334080,NED,5,0.0560423359275,15.9999017715,6.86320687786e-18,-19.0289783478,-3.199644804,2.93167853355
1536689981077623455,1909,1536689981076130326,NED,5,0.0560423359275,15.9999017715,6.86320687786e-18,-19.0273342133,-3.74149537086,3.05812048912
1536689981111825811,1910,1536689981103777595,NED,5,0.0560423359275,15.9999017715,6.86320687786e-18,-19.0291671753,-4.04962253571,3.10467004776
1536689981194464943,1911,1536689981192941159,NED,5,0.0560423359275,15.9999017715,6.86320687786e-18,-19.0308322906,-4.62983894348,3.21898126602
1536689981216174447,1912,1536689981214267893,NED,5,0.0560423359275,15.9999017715,6.86320687786e-18,-19.020401001,-4.76730918884,3.25569033623
1536689981288411082,1913,1536689981288172115,NED,5,0.0560423359275,15.9999017715,6.86320687786e-18,-19.005022049,-5.30767202377,3.42836737633
1536689981344860011,1914,1536689981344201667,NED,5,0.0560423359275,15.9999017715,6.86320687786e-18,-18.9865818024,-5.72959423065,3.56223773956
1536689981372244122,1915,1536689981370963209,NED,5,0.0560423359275,15.9999017715,6.86320687786e-18,-18.9745864868,-5.87708473206,3.60822701454
1536689981425605548,1916,1536689981424945445,NED,5,0.0560423359275,15.9999017715,6.86320687786e-18,-18.9312477112,-6.32466506958,3.76323270798
1536689981507368392,1917,1536689981506823932,NED,5,0.0560423359275,15.9999017715,6.86320687786e-18,-18.8674221039,-6.9594950676,3.87418055534
1536689981593238157,1918,1536689981592919001,NED,5,0.0560423359275,15.9999017715,6.86320687786e-18,-18.7578201294,-7.73362398148,3.848269701
1536689981608569464,1919,1536689981608147816,NED,5,0.0560423359275,15.9999017715,6.86320687786e-18,-18.7243556976,-7.93833446503,3.82040739059
1536689981670865410,1920,1536689981670221913,NED,5,0.0560423359275,15.9999017715,6.86320687786e-18,-18.6102237701,-8.56274700165,3.6912624836
1536689981703030945,1921,1536689981702173632,NED,5,0.0560423359275,15.9999017715,6.86320687786e-18,-18.5329303741,-8.9911441803,3.59153294563
1536689981812490945,1922,1536689981800367999,NED,5,0.0560423359275,15.9999017715,6.86320687786e-18,-18.3536949158,-9.81198787689,3.4037463665
1536689981827009322,1923,1536689981823284243,NED,5,0.0560423359275,15.9999017715,6.86320687786e-18,-18.303609848,-10.0084600449,3.35973739624
1536689981867208225,1924,1536689981866645462,NED,5,0.0560423359275,15.9999017715,6.86320687786e-18,-18.1443080902,-10.586315155,3.21608805656
1536689981901827750,1925,1536689981901319928,NED,5,0.0560423359275,15.9999017715,6.86320687786e-18,-18.0426464081,-10.9873399734,3.13386678696
1536689981977652125,1926,1536689981973752300,NED,5,0.0560423359275,15.9999017715,6.86320687786e-18,-17.8958816528,-11.5322370529,3.03681254387
1536689982021030719,1927,1536689982012898698,NED,5,0.0560423359275,15.9999017715,6.86320687786e-18,-17.7879390717,-11.8665523529,2.97302031517
1536689982070547295,1928,1536689982069785019,NED,5,0.0560423359275,15.9999017715,6.86320687786e-18,-17.6246395111,-12.3809728622,2.89982104301
1536689982147023549,1929,1536689982145387034,NED,5,0.0560423359275,15.9999017715,6.86320687786e-18,-17.3477516174,-13.1105279922,2.72962832451
1536689982183887919,1930,1536689982179491057,NED,5,0.0560423359275,15.9999017715,6.86320687786e-18,-17.2817611694,-13.2779655457,2.69206666946
1536689982211205921,1931,1536689982204893546,NED,5,0.0560423359275,15.9999017715,6.86320687786e-18,-17.1189441681,-13.6238393784,2.58683896065
1536689982244259871,1932,1536689982243783473,NED,5,0.0560423359275,15.9999017715,6.86320687786e-18,-16.9561233521,-13.9952898026,2.50374722481
1536689982339322290,1933,1536689982339112665,NED,5,0.0560423359275,15.9999017715,6.86320687786e-18,-16.589838028,-14.7223186493,2.27816867828
1536689982363023337,1934,1536689982362419199,NED,5,0.0560423359275,15.9999017715,6.86320687786e-18,-16.3775787354,-15.0927391052,2.13221526146
1536689982405352017,1935,1536689982404767303,NED,5,0.0560423359275,15.9999017715,6.86320687786e-18,-16.1740570068,-15.4657993317,2.01699447632
1536689982448287652,1936,1536689982439984886,NED,5,0.0560423359275,15.9999017715,6.86320687786e-18,-15.9554624557,-15.8052883148,1.90622675419
1536689982485193524,1937,1536689982484784131,NED,5,0.0560423359275,15.9999017715,6.86320687786e-18,-15.7435302734,-16.1501159668,1.80749762058
1536689982542395961,1938,1536689982541123880,NED,5,0.0560423359275,15.9999017715,6.86320687786e-18,-15.3884010315,-16.6746311188,1.64182281494
1536689982584815582,1939,1536689982579446276,NED,5,0.0560423359275,15.9999017715,6.86320687786e-18,-15.1275587082,-17.0234680176,1.53577208519
1536689982627009036,1940,1536689982626441889,NED,5,0.0560423359275,15.9999017715,6.86320687786e-18,-14.8751983643,-17.3275432587,1.43597507477
1536689982712926511,1941,1536689982712120333,NED,5,0.0560423359275,15.9999017715,6.86320687786e-18,-14.2931575775,-18.0242557526,1.20261001587
1536689982783817308,1942,1536689982781171709,NED,5,0.0560423359275,15.9999017715,6.86320687786e-18,-13.8371315002,-18.5192756653,1.03095400333
1536689982823424553,1943,1536689982822607495,NED,5,0.0560423359275,15.9999017715,6.86320687786e-18,-13.361538887,-18.991859436,0.873009741306
1536689982879194914,1944,1536689982878702324,NED,5,0.0560423359275,15.9999017715,6.86320687786e-18,-13.0215797424,-19.3085632324,0.759466528893
1536689982920774503,1945,1536689982919959781,NED,5,0.0560423359275,15.9999017715,6.86320687786e-18,-12.4933595657,-19.7773361206,0.534020006657
1536689982976085681,1946,1536689982974648934,NED,5,0.0560423359275,15.9999017715,6.86320687786e-18,-12.0605611801,-20.115272522,0.316216856241
1536689983024356223,1947,1536689983024152487,NED,5,0.0560423359275,15.9999017715,6.86320687786e-18,-11.4538822174,-20.5746173859,0.0343379974365
1536689983070956842,1948,1536689983070506523,NED,5,0.0560423359275,15.9999017715,6.86320687786e-18,-10.8409538269,-20.9840278625,-0.228423267603
1536689983136383360,1949,1536689983136075980,NED,5,0.0560423359275,15.9999017715,6.86320687786e-18,-10.4428758621,-21.2417755127,-0.374864578247
1536689983166371056,1950,1536689983165816260,NED,5,0.0560423359275,15.9999017715,6.86320687786e-18,-10.0551424026,-21.4792728424,-0.507292449474
1536689983213546310,1951,1536689983212906589,NED,5,0.0560423359275,15.9999017715,6.86320687786e-18,-9.66229343414,-21.700006485,-0.641242563725
1536689983257049795,1952,1536689983256577781,NED,5,0.0560423359275,15.9999017715,6.86320687786e-18,-9.02457141876,-21.9977073669,-0.890880644321
1536689983295388319,1953,1536689983294884530,NED,5,0.0560423359275,15.9999017715,6.86320687786e-18,-8.58375167847,-22.1963233948,-1.06107592583
1536689983390019969,1954,1536689983388206660,NED,5,0.0560423359275,15.9999017715,6.86320687786e-18,-7.88686943054,-22.4701347351,-1.32430589199
1536689983403040577,1955,1536689983402497237,NED,5,0.0560423359275,15.9999017715,6.86320687786e-18,-7.43289852142,-22.6235847473,-1.49728190899
1536689983475330778,1956,1536689983474874443,NED,5,0.0560423359275,15.9999017715,6.86320687786e-18,-6.72449731827,-22.8468761444,-1.74640882015
1536689983487329280,1957,1536689983486279207,NED,5,0.0560423359275,15.9999017715,6.86320687786e-18,-6.48679351807,-22.8922462463,-1.84305286407
1536689983565467554,1958,1536689983564414665,NED,5,0.0560423359275,15.9999017715,6.86320687786e-18,-5.56086969376,-23.1130123138,-2.10831403732
1536689983602689895,1959,1536689983601495763,NED,5,0.0560423359275,15.9999017715,6.86320687786e-18,-5.13158750534,-23.2044792175,-2.18704128265
1536689983682391631,1960,1536689983680253662,NED,5,0.0560423359275,15.9999017715,6.86320687786e-18,-4.50826740265,-23.2913837433,-2.26869416237
1536689983689444587,1961,1536689983689201652,NED,5,0.0560423359275,15.9999017715,6.86320687786e-18,-4.28019380569,-23.3290233612,-2.29047441483
1536689983777354053,1962,1536689983776588641,NED,5,0.0560423359275,15.9999017715,6.86320687786e-18,-3.48515248299,-23.4143867493,-2.34274315834
1536689983787992829,1963,1536689983785911338,NED,5,0.0560423359275,15.9999017715,6.86320687786e-18,-3.48515248299,-23.4143867493,-2.34274315834
1536689983854280979,1964,1536689983853669514,NED,5,0.0560423359275,15.9999017715,6.86320687786e-18,-2.74712014198,-23.500289917,-2.2971227169
1536689983945605231,1965,1536689983944817484,NED,5,0.0560423359275,15.9999017715,6.86320687786e-18,-1.72943782806,-23.5319652557,-2.39014196396
1536689983995675355,1966,1536689983994666368,NED,5,0.0560423359275,15.9999017715,6.86320687786e-18,-1.29054033756,-23.5372619629,-2.44283556938
1536689984034819961,1967,1536689984034366857,NED,5,0.0560423359275,15.9999017715,6.86320687786e-18,-0.90240073204,-23.5202999115,-2.47435951233
1536689984070056455,1968,1536689984067763867,NED,5,0.0560423359275,15.9999017715,6.86320687786e-18,-0.530087888241,-23.5206699371,-2.46306467056
1536689984112654373,1969,1536689984110806665,NED,5,0.0560423359275,15.9999017715,6.86320687786e-18,-0.173768237233,-23.5079746246,-2.45335865021
1536689984191392561,1970,1536689984190332376,NED,5,0.0560423359275,15.9999017715,6.86320687786e-18,0.623586654663,-23.4629383087,-2.49489855766
1536689984212546470,1971,1536689984211889214,NED,5,0.0560423359275,15.9999017715,6.86320687786e-18,0.777486979961,-23.439458847,-2.47606396675
1536689984268801869,1972,1536689984268075464,NED,5,0.0560423359275,15.9999017715,6.86320687786e-18,1.29474747181,-23.3787460327,-2.45149588585
1536689984306160397,1973,1536689984305307661,NED,5,0.0560423359275,15.9999017715,6.86320687786e-18,1.61940860748,-23.3470363617,-2.42295622826
1536689984380093866,1974,1536689984377899067,NED,5,0.0560423359275,15.9999017715,6.86320687786e-18,2.36828875542,-23.2058124542,-2.44588851929
1536689984439846993,1975,1536689984428395350,NED,5,0.0560423359275,15.9999017715,6.86320687786e-18,2.7547249794,-23.1341915131,-2.47948694229
1536689984482270678,1976,1536689984481674284,NED,5,0.0560423359275,15.9999017715,6.86320687786e-18,3.40825176239,-22.9773254395,-2.61995744705
1536689984529993240,1977,1536689984528015297,NED,5,0.0560423359275,15.9999017715,6.86320687786e-18,3.92232894897,-22.8482227325,-2.76843190193
1536689984562060091,1978,1536689984561404787,NED,5,0.0560423359275,15.9999017715,6.86320687786e-18,4.41958427429,-22.7019119263,-2.92753720284
1536689984617976879,1979,1536689984616732029,NED,5,0.0560423359275,15.9999017715,6.86320687786e-18,4.88557004929,-22.5845623016,-3.01499295235
1536689984697047854,1980,1536689984695759262,NED,5,0.0560423359275,15.9999017715,6.86320687786e-18,5.52209234238,-22.3805446625,-3.09815835953
1536689984723468737,1981,1536689984720101949,NED,5,0.0560423359275,15.9999017715,6.86320687786e-18,5.87447834015,-22.2289886475,-3.10813069344
1536689984778241855,1982,1536689984776880177,NED,5,0.0560423359275,15.9999017715,6.86320687786e-18,6.38411140442,-22.0272102356,-3.10895299911
1536689984822761111,1983,1536689984821335020,NED,5,0.0560423359275,15.9999017715,6.86320687786e-18,6.78025770187,-21.8722019196,-3.14533877373
1536689984882302566,1984,1536689984881301835,NED,5,0.0560423359275,15.9999017715,6.86320687786e-18,7.34257030487,-21.5904827118,-3.22123670578
1536689984900806332,1985,1536689984899324275,NED,5,0.0560423359275,15.9999017715,6.86320687786e-18,7.70434522629,-21.4047012329,-3.2821290493
1536689984969786255,1986,1536689984969233476,NED,5,0.0560423359275,15.9999017715,6.86320687786e-18,8.22699260712,-21.1126556396,-3.32837796211
1536689984983133827,1987,1536689984982219205,NED,5,0.0560423359275,15.9999017715,6.86320687786e-18,8.37765216827,-21.031288147,-3.32600784302
1536689985044455441,1988,1536689985044227769,NED,5,0.0560423359275,15.9999017715,6.86320687786e-18,8.74054431915,-20.7982501984,-3.23664712906
1536689985099222159,1989,1536689985097367219,NED,5,0.0560423359275,15.9999017715,6.86320687786e-18,8.97449874878,-20.6610031128,-3.12120008469
1536689985163288503,1990,1536689985162109283,NED,5,0.0560423359275,15.9999017715,6.86320687786e-18,9.34537315369,-20.4063892365,-2.83403849602
1536689985219468386,1991,1536689985216631114,NED,5,0.0560423359275,15.9999017715,6.86320687786e-18,9.54803562164,-20.282087326,-2.66859483719
1536689985245320041,1992,1536689985243777474,NED,5,0.0560423359275,15.9999017715,6.86320687786e-18,9.75607681274,-20.1514148712,-2.52404427528
1536689985291494788,1993,1536689985289871488,NED,5,0.0560423359275,15.9999017715,6.86320687786e-18,9.95573616028,-20.0062484741,-2.37547636032
1536689985300132550,1994,1536689985299562043,NED,5,0.0560423359275,15.9999017715,6.86320687786e-18,10.0775508881,-19.9154911041,-2.32306361198
1536689985371725049,1995,1536689985370005944,NED,5,0.0560423359275,15.9999017715,6.86320687786e-18,10.4807748795,-19.6253585815,-2.19519376755
1536689985429371821,1996,1536689985428008384,NED,5,0.0560423359275,15.9999017715,6.86320687786e-18,10.9491844177,-19.2890281677,-2.10685110092
1536689985495367406,1997,1536689985494623434,NED,5,0.0560423359275,15.9999017715,6.86320687786e-18,11.3792476654,-18.9540805817,-2.01083612442
1536689985528844701,1998,1536689985527976541,NED,5,0.0560423359275,15.9999017715,6.86320687786e-18,11.6457595825,-18.7314434052,-1.93511033058
1536689985596558047,1999,1536689985595178994,NED,5,0.0560423359275,15.9999017715,6.86320687786e-18,12.2180337906,-18.2373142242,-1.83431828022
1536689985706648391,2000,1536689985703161512,NED,5,0.0560423359275,15.9999017715,6.86320687786e-18,12.9323825836,-17.5775184631,-1.75387394428
1536689985783634387,2001,1536689985781918611,NED,5,0.0560423359275,15.9999017715,6.86320687786e-18,13.5008096695,-17.0285644531,-1.72911572456
1536689985811345527,2002,1536689985810767980,NED,5,0.0560423359275,15.9999017715,6.86320687786e-18,13.6296243668,-16.8981113434,-1.72338759899
1536689985877318360,2003,1536689985872105784,NED,5,0.0560423359275,15.9999017715,6.86320687786e-18,14.0133705139,-16.4863414764,-1.71947288513
1536689985910395222,2004,1536689985909829003,NED,5,0.0560423359275,15.9999017715,6.86320687786e-18,14.2504835129,-16.2017459869,-1.71681845188
1536689985947223113,2005,1536689985945996567,NED,5,0.0560423359275,15.9999017715,6.86320687786e-18,14.4627304077,-15.9375867844,-1.68002974987
1536689986026541087,2006,1536689986025106260,NED,5,0.0560423359275,15.9999017715,6.86320687786e-18,14.8662385941,-15.4159975052,-1.59845614433
1536689986088112387,2007,1536689986085660254,NED,5,0.0560423359275,15.9999017715,6.86320687786e-18,15.0678548813,-15.1389303207,-1.55831849575
1536689986100980201,2008,1536689986099836180,NED,5,0.0560423359275,15.9999017715,6.86320687786e-18,15.1666965485,-14.9967880249,-1.53993737698
1536689986125236492,2009,1536689986123910173,NED,5,0.0560423359275,15.9999017715,6.86320687786e-18,15.3566074371,-14.7272481918,-1.49414992332
1536689986183167766,2010,1536689986182478415,NED,5,0.0560423359275,15.9999017715,6.86320687786e-18,15.6244812012,-14.3387746811,-1.39119017124
1536689986230196881,2011,1536689986228556910,NED,5,0.0560423359275,15.9999017715,6.86320687786e-18,15.7785634995,-14.1060323715,-1.28869903088
1536689986294382357,2012,1536689986292663412,NED,5,0.0560423359275,15.9999017715,6.86320687786e-18,16.0179271698,-13.7438764572,-1.14986467361
1536689986334762182,2013,1536689986333510548,NED,5,0.0560423359275,15.9999017715,6.86320687786e-18,16.1790065765,-13.4804544449,-1.06243002415
1536689986376060372,2014,1536689986374963869,NED,5,0.0560423359275,15.9999017715,6.86320687786e-18,16.4104442596,-13.1033630371,-0.945754945278
1536689986410402883,2015,1536689986409007255,NED,5,0.0560423359275,15.9999017715,6.86320687786e-18,16.4938545227,-12.9630451202,-0.899311900139
1536689986478840362,2016,1536689986477298499,NED,5,0.0560423359275,15.9999017715,6.86320687786e-18,16.7376480103,-12.5516338348,-0.771463632584
1536689986501896153,2017,1536689986501040824,NED,5,0.0560423359275,15.9999017715,6.86320687786e-18,16.8973369598,-12.2584667206,-0.70697259903
1536689986586502540,2018,1536689986584902439,NED,5,0.0560423359275,15.9999017715,6.86320687786e-18,17.1459960938,-11.7965373993,-0.662084400654
1536689986621418886,2019,1536689986617802635,NED,5,0.0560423359275,15.9999017715,6.86320687786e-18,17.3425693512,-11.4342279434,-0.658255398273
1536689986644624911,2020,1536689986642905998,NED,5,0.0560423359275,15.9999017715,6.86320687786e-18,17.5230541229,-11.0670909882,-0.657929480076
1536689986716016681,2021,1536689986715131498,NED,5,0.0560423359275,15.9999017715,6.86320687786e-18,17.7628440857,-10.5453634262,-0.628053128719
1536689986754530783,2022,1536689986745093722,NED,5,0.0560423359275,15.9999017715,6.86320687786e-18,17.9209003448,-10.1895399094,-0.597053468227
1536689986790065250,2023,1536689986789213601,NED,5,0.0560423359275,15.9999017715,6.86320687786e-18,18.0522708893,-9.86136817932,-0.549543917179
1536689986890289494,2024,1536689986888823660,NED,5,0.0560423359275,15.9999017715,6.86320687786e-18,18.3340492249,-9.13675689697,-0.350061118603
1536689986942667884,2025,1536689986941750414,NED,5,0.0560423359275,15.9999017715,6.86320687786e-18,18.4704856873,-8.72961521149,-0.209098592401
1536689987001756235,2026,1536689987001266781,NED,5,0.0560423359275,15.9999017715,6.86320687786e-18,18.5686340332,-8.4419965744,-0.116167291999
1536689987066250532,2027,1536689987065797012,NED,5,0.0560423359275,15.9999017715,6.86320687786e-18,18.774230957,-7.80480384827,-0.0143108703196
1536689987117991186,2028,1536689987117026517,NED,5,0.0560423359275,15.9999017715,6.86320687786e-18,18.8787651062,-7.45350313187,0.0019047963433
1536689987154064961,2029,1536689987152384415,NED,5,0.0560423359275,15.9999017715,6.86320687786e-18,18.9911003113,-7.06274461746,0.000414993148297
1536689987182202196,2030,1536689987179220962,NED,5,0.0560423359275,15.9999017715,6.86320687786e-18,19.0856513977,-6.68550395966,0.00683381315321
1536689987246808488,2031,1536689987246210430,NED,5,0.0560423359275,15.9999017715,6.86320687786e-18,19.2354927063,-6.07618665695,0.00870560668409
1536689987304197062,2032,1536689987303349574,NED,5,0.0560423359275,15.9999017715,6.86320687786e-18,19.3543109894,-5.4844379425,0.0171774085611
1536689987383082029,2033,1536689987382106288,NED,5,0.0560423359275,15.9999017715,6.86320687786e-18,19.4927940369,-4.71694993973,0.0833972170949
1536689987486385903,2034,1536689987484541075,NED,5,0.0560423359275,15.9999017715,6.86320687786e-18,19.6081562042,-4.05684757233,0.19047254324
1536689987515327877,2035,1536689987514413831,NED,5,0.0560423359275,15.9999017715,6.86320687786e-18,19.6499385834,-3.74529242516,0.270783573389
1536689987541223275,2036,1536689987540997299,NED,5,0.0560423359275,15.9999017715,6.86320687786e-18,19.6821670532,-3.46762824059,0.347477287054
1536689987597633325,2037,1536689987596943303,NED,5,0.0560423359275,15.9999017715,6.86320687786e-18,19.7310390472,-3.04591965675,0.469602525234
1536689987674871888,2038,1536689987674149674,NED,5,0.0560423359275,15.9999017715,6.86320687786e-18,19.776052475,-2.55514335632,0.517258703709
1536689987736844261,2039,1536689987735952326,NED,5,0.0560423359275,15.9999017715,6.86320687786e-18,19.8205375671,-2.07879042625,0.560801744461
1536689987756354710,2040,1536689987754888716,NED,5,0.0560423359275,15.9999017715,6.86320687786e-18,19.8336105347,-1.91333544254,0.575428187847
1536689987796251609,2041,1536689987795731532,NED,5,0.0560423359275,15.9999017715,6.86320687786e-18,19.8538837433,-1.57133340836,0.600574016571
1536689987845735066,2042,1536689987845072946,NED,5,0.0560423359275,15.9999017715,6.86320687786e-18,19.8803100586,-1.12854897976,0.65331029892
1536689987917027800,2043,1536689987915027681,NED,5,0.0560423359275,15.9999017715,6.86320687786e-18,19.8915557861,-0.684628844261,0.728771448135
1536689987945864753,2044,1536689987941343992,NED,5,0.0560423359275,15.9999017715,6.86320687786e-18,19.8944339752,-0.430446773767,0.818602561951
1536689988004636860,2045,1536689988003761181,NED,5,0.0560423359275,15.9999017715,6.86320687786e-18,19.8913173676,-0.0412697046995,0.94534611702
1536689988048470894,2046,1536689988043934261,NED,5,0.0560423359275,15.9999017715,6.86320687786e-18,19.8881568909,0.205368295312,1.02701640129
1536689988096751291,2047,1536689988096515972,NED,5,0.0560423359275,15.9999017715,6.86320687786e-18,19.8763923645,0.465206116438,1.08552420139
1536689988174937819,2048,1536689988174317618,NED,5,0.0560423359275,15.9999017715,6.86320687786e-18,19.8483047485,1.01297450066,1.18616449833
1536689988192453110,2049,1536689988190485182,NED,5,0.0560423359275,15.9999017715,6.86320687786e-18,19.8394966125,1.15872311592,1.20055413246
1536689988273990874,2050,1536689988271428665,NED,5,0.0560423359275,15.9999017715,6.86320687786e-18,19.8015766144,1.7350268364,1.25090157986
1536689988309435680,2051,1536689988308819767,NED,5,0.0560423359275,15.9999017715,6.86320687786e-18,19.7738075256,2.03256416321,1.27981626987
1536689988350200547,2052,1536689988349826417,NED,5,0.0560423359275,15.9999017715,6.86320687786e-18,19.7526397705,2.27954316139,1.34076166153
1536689988413244208,2053,1536689988412301747,NED,5,0.0560423359275,15.9999017715,6.86320687786e-18,19.7121429443,2.62829995155,1.48127865791
1536689988432787553,2054,1536689988432238997,NED,5,0.0560423359275,15.9999017715,6.86320687786e-18,19.6965026855,2.74136066437,1.53456389904
1536689988488500316,2055,1536689988487164877,NED,5,0.0560423359275,15.9999017715,6.86320687786e-18,19.6398925781,3.14396548271,1.63552212715
1536689988511258806,2056,1536689988509191714,NED,5,0.0560423359275,15.9999017715,6.86320687786e-18,19.6226539612,3.28995704651,1.63744175434
1536689988565756638,2057,1536689988564722980,NED,5,0.0560423359275,15.9999017715,6.86320687786e-18,19.5332870483,3.79282283783,1.62065219879
1536689988610160251,2058,1536689988609332697,NED,5,0.0560423359275,15.9999017715,6.86320687786e-18,19.4785919189,4.10291671753,1.59258508682
1536689988674891530,2059,1536689988673848785,NED,5,0.0560423359275,15.9999017715,6.86320687786e-18,19.3625106812,4.59786176682,1.52481222153
1536689988727240450,2060,1536689988726424032,NED,5,0.0560423359275,15.9999017715,6.86320687786e-18,19.2262554169,5.13341856003,1.39545893669
1536689988784307500,2061,1536689988783385646,NED,5,0.0560423359275,15.9999017715,6.86320687786e-18,19.1168651581,5.49753332138,1.2816067934
1536689988831513921,2062,1536689988830564292,NED,5,0.0560423359275,15.9999017715,6.86320687786e-18,18.9508342743,6.04459285736,1.10930836201
1536689988893452535,2063,1536689988886339357,NED,5,0.0560423359275,15.9999017715,6.86320687786e-18,18.8237724304,6.39377641678,1.00068032742
1536689988909604932,2064,1536689988908643591,NED,5,0.0560423359275,15.9999017715,6.86320687786e-18,18.7003326416,6.73769760132,0.900695800781
1536689988966611088,2065,1536689988965564919,NED,5,0.0560423359275,15.9999017715,6.86320687786e-18,18.4854755402,7.25588703156,0.737752735615
1536689989030928239,2066,1536689989029865590,NED,5,0.0560423359275,15.9999017715,6.86320687786e-18,18.2641029358,7.76578044891,0.570895552635
1536689989082216749,2067,1536689989081272208,NED,5,0.0560423359275,15.9999017715,6.86320687786e-18,17.9999752045,8.29403495789,0.343201398849
1536689989118493941,2068,1536689989118010311,NED,5,0.0560423359275,15.9999017715,6.86320687786e-18,17.8098812103,8.65831661224,0.195561438799
1536689989209403008,2069,1536689989206047932,NED,5,0.0560423359275,15.9999017715,6.86320687786e-18,17.4192066193,9.31642818451,-0.0899312645197
1536689989298708519,2070,1536689989298124892,NED,5,0.0560423359275,15.9999017715,6.86320687786e-18,16.9289455414,10.0475788116,-0.336010843515
1536689989390016099,2071,1536689989388888589,NED,5,0.0560423359275,15.9999017715,6.86320687786e-18,16.6241092682,10.4518651962,-0.467820823193
1536689989406124370,2072,1536689989405564710,NED,5,0.0560423359275,15.9999017715,6.86320687786e-18,16.412229538,10.7187042236,-0.568242788315
1536689989484982745,2073,1536689989483900001,NED,5,0.0560423359275,15.9999017715,6.86320687786e-18,16.0870723724,11.0973320007,-0.717106044292
1536689989519547040,2074,1536689989517938107,NED,5,0.0560423359275,15.9999017715,6.86320687786e-18,15.8632974625,11.3490037918,-0.800740540028
1536689989565589247,2075,1536689989564405259,NED,5,0.0560423359275,15.9999017715,6.86320687786e-18,15.5388212204,11.6788339615,-0.889369249344
1536689989597131190,2076,1536689989596491501,NED,5,0.0560423359275,15.9999017715,6.86320687786e-18,15.3174562454,11.9055280685,-0.927538514137
1536689989681228060,2077,1536689989676342768,NED,5,0.0560423359275,15.9999017715,6.86320687786e-18,14.9975948334,12.2069044113,-0.985677480698
1536689989710039126,2078,1536689989709574088,NED,5,0.0560423359275,15.9999017715,6.86320687786e-18,14.7590942383,12.4278488159,-1.02346014977
1536689989788573449,2079,1536689989785400382,NED,5,0.0560423359275,15.9999017715,6.86320687786e-18,14.3116025925,12.8232316971,-1.07347238064
1536689989830508961,2080,1536689989829585347,NED,5,0.0560423359275,15.9999017715,6.86320687786e-18,14.0999860764,13.0058937073,-1.08952975273
1536689989883978127,2081,1536689989881188470,NED,5,0.0560423359275,15.9999017715,6.86320687786e-18,13.8647289276,13.1902427673,-1.12059211731
1536689989920767268,2082,1536689989918236865,NED,5,0.0560423359275,15.9999017715,6.86320687786e-18,13.6556129456,13.3595218658,-1.09174776077
1536689989985405079,2083,1536689989982855669,NED,5,0.0560423359275,15.9999017715,6.86320687786e-18,13.2570238113,13.6603183746,-1.03519427776
1536689990022066672,2084,1536689990020282066,NED,5,0.0560423359275,15.9999017715,6.86320687786e-18,13.0724201202,13.7946367264,-0.993964195251
1536689990083366814,2085,1536689990077062342,NED,5,0.0560423359275,15.9999017715,6.86320687786e-18,12.8790082932,13.934138298,-0.946143269539
1536689990110687888,2086,1536689990109146088,NED,5,0.0560423359275,15.9999017715,6.86320687786e-18,12.7080478668,14.0671205521,-0.876946270466
1536689990195500955,2087,1536689990194436323,NED,5,0.0560423359275,15.9999017715,6.86320687786e-18,12.3707666397,14.3020086288,-0.704489290714
1536689990206524581,2088,1536689990205497451,NED,5,0.0560423359275,15.9999017715,6.86320687786e-18,12.3707666397,14.3020086288,-0.704489290714
1536689990300290343,2089,1536689990297450672,NED,5,0.0560423359275,15.9999017715,6.86320687786e-18,11.9809989929,14.5722789764,-0.468231976032
1536689990313763767,2090,1536689990313301864,NED,5,0.0560423359275,15.9999017715,6.86320687786e-18,11.8817768097,14.6364688873,-0.439970612526
1536689990382764361,2091,1536689990381689265,NED,5,0.0560423359275,15.9999017715,6.86320687786e-18,11.6040401459,14.8184242249,-0.343846678734
1536689990433695125,2092,1536689990429941151,NED,5,0.0560423359275,15.9999017715,6.86320687786e-18,11.3013553619,15.0089054108,-0.295444816351
1536689990493788655,2093,1536689990490010587,NED,5,0.0560423359275,15.9999017715,6.86320687786e-18,11.0981483459,15.1428432465,-0.264988154173
1536689990523121047,2094,1536689990522609258,NED,5,0.0560423359275,15.9999017715,6.86320687786e-18,10.7533893585,15.3476085663,-0.2514295578
1536689990577564129,2095,1536689990576919097,NED,5,0.0560423359275,15.9999017715,6.86320687786e-18,10.3681182861,15.5665960312,-0.31088078022
1536689990613565427,2096,1536689990613228544,NED,5,0.0560423359275,15.9999017715,6.86320687786e-18,10.248752594,15.6322574615,-0.335640698671
1536689990688128120,2097,1536689990686083620,NED,5,0.0560423359275,15.9999017715,6.86320687786e-18,9.84622573853,15.8444900513,-0.421878606081
1536689990716288107,2098,1536689990715168628,NED,5,0.0560423359275,15.9999017715,6.86320687786e-18,9.58086776733,15.9753904343,-0.458855271339
1536689990807055004,2099,1536689990805680558,NED,5,0.0560423359275,15.9999017715,6.86320687786e-18,8.97358989716,16.2489681244,-0.511474907398
1536689990860883997,2100,1536689990860428365,NED,5,0.0560423359275,15.9999017715,6.86320687786e-18,8.63018894196,16.3819789886,-0.521519064903
1536689990933614214,2101,1536689990932020512,NED,5,0.0560423359275,15.9999017715,6.86320687786e-18,8.27762413025,16.5222072601,-0.529694676399
1536689990967695294,2102,1536689990966478603,NED,5,0.0560423359275,15.9999017715,6.86320687786e-18,8.04352378845,16.6142749786,-0.537206709385
1536689991033754493,2103,1536689991032152536,NED,5,0.0560423359275,15.9999017715,6.86320687786e-18,7.69599485397,16.7351646423,-0.535121560097
1536689991073537315,2104,1536689991071661448,NED,5,0.0560423359275,15.9999017715,6.86320687786e-18,7.48331212997,16.8139686584,-0.524549424648
1536689991124125596,2105,1536689991122920840,NED,5,0.0560423359275,15.9999017715,6.86320687786e-18,7.2445602417,16.8951835632,-0.537321150303
1536689991152623906,2106,1536689991151717059,NED,5,0.0560423359275,15.9999017715,6.86320687786e-18,7.01580810547,16.9763584137,-0.529196321964
1536689991190402770,2107,1536689991189431830,NED,5,0.0560423359275,15.9999017715,6.86320687786e-18,6.75988864899,17.0625953674,-0.534540057182
1536689991242768201,2108,1536689991241696433,NED,5,0.0560423359275,15.9999017715,6.86320687786e-18,6.39424419403,17.1680316925,-0.507920861244
1536689991323525130,2109,1536689991322449298,NED,5,0.0560423359275,15.9999017715,6.86320687786e-18,5.91926240921,17.319196701,-0.420142561197
1536689991356501964,2110,1536689991353242820,NED,5,0.0560423359275,15.9999017715,6.86320687786e-18,5.77992963791,17.3563346863,-0.417609095573
1536689991394524435,2111,1536689991393393533,NED,5,0.0560423359275,15.9999017715,6.86320687786e-18,5.53782367706,17.4284934998,-0.392991393805
1536689991445893231,2112,1536689991445036078,NED,5,0.0560423359275,15.9999017715,6.86320687786e-18,5.180975914,17.5177974701,-0.320364773273
1536689991505739730,2113,1536689991505181543,NED,5,0.0560423359275,15.9999017715,6.86320687786e-18,4.95789813995,17.5790424347,-0.253842651844
1536689991581430574,2114,1536689991580090911,NED,5,0.0560423359275,15.9999017715,6.86320687786e-18,4.42536020279,17.7140426636,-0.197048783302
1536689991602411977,2115,1536689991601885820,NED,5,0.0560423359275,15.9999017715,6.86320687786e-18,4.29079723358,17.749458313,-0.185081735253
1536689991628246033,2116,1536689991627399857,NED,5,0.0560423359275,15.9999017715,6.86320687786e-18,4.00875520706,17.8107147217,-0.181864351034
1536689991689587646,2117,1536689991684819981,NED,5,0.0560423359275,15.9999017715,6.86320687786e-18,3.71183037758,17.8740634918,-0.17507776618
1536689991716185674,2118,1536689991712940033,NED,5,0.0560423359275,15.9999017715,6.86320687786e-18,3.43859815598,17.940530777,-0.152958631516
1536689991765552911,2119,1536689991763854638,NED,5,0.0560423359275,15.9999017715,6.86320687786e-18,3.03406953812,18.0152778625,-0.11967857182
1536689991804409016,2120,1536689991799093948,NED,5,0.0560423359275,15.9999017715,6.86320687786e-18,2.78040933609,18.0560798645,-0.0923921018839
1536689991883946278,2121,1536689991882819408,NED,5,0.0560423359275,15.9999017715,6.86320687786e-18,2.31304597855,18.1236171722,0.00413657072932
1536689991920730747,2122,1536689991919531239,NED,5,0.0560423359275,15.9999017715,6.86320687786e-18,2.09504961967,18.1640167236,0.0752553269267
1536689991975952777,2123,1536689991974270183,NED,5,0.0560423359275,15.9999017715,6.86320687786e-18,1.8584997654,18.1929302216,0.119690649211
1536689992004510733,2124,1536689992003043587,NED,5,0.0560423359275,15.9999017715,6.86320687786e-18,1.62750470638,18.2180614471,0.169708907604
1536689992128680335,2125,1536689992128065349,NED,5,0.0560423359275,15.9999017715,6.86320687786e-18,0.979975402355,18.2847270966,0.410852193832
1536689992197199379,2126,1536689992196259989,NED,5,0.0560423359275,15.9999017715,6.86320687786e-18,0.642099320889,18.3107089996,0.513361811638
1536689992219047150,2127,1536689992218178734,NED,5,0.0560423359275,15.9999017715,6.86320687786e-18,0.526784896851,18.3223018646,0.551784515381
1536689992266571831,2128,1536689992264839383,NED,5,0.0560423359275,15.9999017715,6.86320687786e-18,0.223802283406,18.335641861,0.679945886135
1536689992322202710,2129,1536689992314765704,NED,5,0.0560423359275,15.9999017715,6.86320687786e-18,0.029752958566,18.344499588,0.781848728657
1536689992361873953,2130,1536689992360778729,NED,5,0.0560423359275,15.9999017715,6.86320687786e-18,-0.27626028657,18.3547286987,0.909362792969
1536689992416314923,2131,1536689992414897759,NED,5,0.0560423359275,15.9999017715,6.86320687786e-18,-0.507050931454,18.3571567535,0.964396357536
1536689992492100804,2132,1536689992488699297,NED,5,0.0560423359275,15.9999017715,6.86320687786e-18,-0.893219232559,18.3548469543,0.972064316273
1536689992520518125,2133,1536689992520079069,NED,5,0.0560423359275,15.9999017715,6.86320687786e-18,-1.16455245018,18.3652534485,0.969480335712
1536689992589840563,2134,1536689992588043925,NED,5,0.0560423359275,15.9999017715,6.86320687786e-18,-1.72451388836,18.3475265503,0.951095819473
1536689992643296418,2135,1536689992641545346,NED,5,0.0560423359275,15.9999017715,6.86320687786e-18,-2.18486356735,18.3293113708,0.872820973396
1536689992716970024,2136,1536689992716369694,NED,5,0.0560423359275,15.9999017715,6.86320687786e-18,-2.69106507301,18.310459137,0.747169852257
1536689992747936115,2137,1536689992746565830,NED,5,0.0560423359275,15.9999017715,6.86320687786e-18,-2.86913251877,18.2913513184,0.704468309879
1536689992764350967,2138,1536689992763071494,NED,5,0.0560423359275,15.9999017715,6.86320687786e-18,-3.18538117409,18.2706890106,0.652056574821
1536689992833939763,2139,1536689992833150864,NED,5,0.0560423359275,15.9999017715,6.86320687786e-18,-3.65568518639,18.2152748108,0.577859997749
1536689992885803869,2140,1536689992885241745,NED,5,0.0560423359275,15.9999017715,6.86320687786e-18,-4.14853477478,18.145160675,0.500072419643
1536689992907564763,2141,1536689992907191145,NED,5,0.0560423359275,15.9999017715,6.86320687786e-18,-4.2971496582,18.13048172,0.476048141718
1536689992969871748,2142,1536689992969418037,NED,5,0.0560423359275,15.9999017715,6.86320687786e-18,-4.79484415054,18.053768158,0.387011021376
1536689993009470801,2143,1536689993005704668,NED,5,0.0560423359275,15.9999017715,6.86320687786e-18,-5.11480045319,18.0052261353,0.301795840263
1536689993068065283,2144,1536689993067639538,NED,5,0.0560423359275,15.9999017715,6.86320687786e-18,-5.59379291534,17.9124774933,0.173777893186
1536689993119066924,2145,1536689993118822037,NED,5,0.0560423359275,15.9999017715,6.86320687786e-18,-5.89106369019,17.8659591675,0.137076675892
1536689993161917825,2146,1536689993161398069,NED,5,0.0560423359275,15.9999017715,6.86320687786e-18,-6.28475427628,17.7802658081,0.136149197817
1536689993209132854,2147,1536689993207877220,NED,5,0.0560423359275,15.9999017715,6.86320687786e-18,-6.5085811615,17.7278232574,0.198609143496
1536689993314766339,2148,1536689993314217655,NED,5,0.0560423359275,15.9999017715,6.86320687786e-18,-7.14938926697,17.578168869,0.454035550356
1536689993359920164,2149,1536689993359064995,NED,5,0.0560423359275,15.9999017715,6.86320687786e-18,-7.3963508606,17.5089836121,0.518682658672
1536689993436720311,2150,1536689993436286727,NED,5,0.0560423359275,15.9999017715,6.86320687786e-18,-7.74790811539,17.4072055817,0.602498292923
1536689993475950833,2151,1536689993475668796,NED,5,0.0560423359275,15.9999017715,6.86320687786e-18,-8.14196681976,17.2868518829,0.69189864397
1536689993526652934,2152,1536689993526041500,NED,5,0.0560423359275,15.9999017715,6.86320687786e-18,-8.40891170502,17.2110519409,0.710332632065
1536689993566361263,2153,1536689993564355449,NED,5,0.0560423359275,15.9999017715,6.86320687786e-18,-8.69439315796,17.1152172089,0.734139025211
1536689993609297313,2154,1536689993608400802,NED,5,0.0560423359275,15.9999017715,6.86320687786e-18,-8.97905921936,17.012254715,0.761880755424
1536689993683615408,2155,1536689993682884075,NED,5,0.0560423359275,15.9999017715,6.86320687786e-18,-9.44858360291,16.8325405121,0.694056332111
1536689993718062107,2156,1536689993717425138,NED,5,0.0560423359275,15.9999017715,6.86320687786e-18,-9.97143554688,16.6222705841,0.610454261303
1536689993761591383,2157,1536689993760857074,NED,5,0.0560423359275,15.9999017715,6.86320687786e-18,-10.3082895279,16.461971283,0.541028618813
1536689993828668016,2158,1536689993827890541,NED,5,0.0560423359275,15.9999017715,6.86320687786e-18,-10.7844457626,16.2293510437,0.444808363914
1536689993879666394,2159,1536689993878745340,NED,5,0.0560423359275,15.9999017715,6.86320687786e-18,-11.2569513321,15.9796571732,0.384410053492
1536689993920446811,2160,1536689993917263857,NED,5,0.0560423359275,15.9999017715,6.86320687786e-18,-11.5476493835,15.8260316849,0.350453019142
1536689994022957147,2161,1536689994011302857,NED,5,0.0560423359275,15.9999017715,6.86320687786e-18,-12.1388092041,15.4744796753,0.300187170506
1536689994081465968,2162,1536689994081137116,NED,5,0.0560423359275,15.9999017715,6.86320687786e-18,-12.7114629745,15.1006364822,0.266727298498
1536689994107356790,2163,1536689994106987780,NED,5,0.0560423359275,15.9999017715,6.86320687786e-18,-12.8448133469,15.0133886337,0.271661728621
1536689994146865255,2164,1536689994145644180,NED,5,0.0560423359275,15.9999017715,6.86320687786e-18,-13.1058320999,14.8319892883,0.30297139287
1536689994201730306,2165,1536689994199684973,NED,5,0.0560423359275,15.9999017715,6.86320687786e-18,-13.4895868301,14.5503492355,0.356376767159
1536689994245928550,2166,1536689994245378170,NED,5,0.0560423359275,15.9999017715,6.86320687786e-18,-13.7504358292,14.341583252,0.36206176877
1536689994283749556,2167,1536689994282930419,NED,5,0.0560423359275,15.9999017715,6.86320687786e-18,-14.0424308777,14.1151685715,0.343204587698
1536689994347672194,2168,1536689994346486317,NED,5,0.0560423359275,15.9999017715,6.86320687786e-18,-14.4734897614,13.761015892,0.286605060101
1536689994392396914,2169,1536689994390928808,NED,5,0.0560423359275,15.9999017715,6.86320687786e-18,-14.7531957626,13.5193281174,0.245509311557
1536689994421605470,2170,1536689994421142895,NED,5,0.0560423359275,15.9999017715,6.86320687786e-18,-15.0180473328,13.2847299576,0.2210149616
1536689994482011597,2171,1536689994481468097,NED,5,0.0560423359275,15.9999017715,6.86320687786e-18,-15.4182367325,12.9432353973,0.196117684245
1536689994549836235,2172,1536689994549409722,NED,5,0.0560423359275,15.9999017715,6.86320687786e-18,-15.793012619,12.6058692932,0.183186784387
1536689994568846254,2173,1536689994568304802,NED,5,0.0560423359275,15.9999017715,6.86320687786e-18,-15.915096283,12.4910354614,0.182146921754
1536689994628671283,2174,1536689994627996011,NED,5,0.0560423359275,15.9999017715,6.86320687786e-18,-16.2313556671,12.1823320389,0.221595317125
1536689994677010814,2175,1536689994676131358,NED,5,0.0560423359275,15.9999017715,6.86320687786e-18,-16.5395908356,11.884888649,0.281154692173
1536689994730786337,2176,1536689994730291763,NED,5,0.0560423359275,15.9999017715,6.86320687786e-18,-16.6494255066,11.7756299973,0.286831945181
1536689994765112337,2177,1536689994764907832,NED,5,0.0560423359275,15.9999017715,6.86320687786e-18,-16.9820384979,11.4213428497,0.254914551973
1536689994840634451,2178,1536689994840133061,NED,5,0.0560423359275,15.9999017715,6.86320687786e-18,-17.4076786041,10.9366760254,0.18129144609
1536689994883242129,2179,1536689994882383633,NED,5,0.0560423359275,15.9999017715,6.86320687786e-18,-17.5119686127,10.8300762177,0.180759176612
1536689994912899052,2180,1536689994911658138,NED,5,0.0560423359275,15.9999017715,6.86320687786e-18,-17.7115840912,10.6214113235,0.189974397421
1536689994961162427,2181,1536689994960182463,NED,5,0.0560423359275,15.9999017715,6.86320687786e-18,-18.0075798035,10.2963857651,0.223089024425
1536689995033729417,2182,1536689995033033155,NED,5,0.0560423359275,15.9999017715,6.86320687786e-18,-18.2791004181,9.96962165833,0.240901902318
1536689995087377617,2183,1536689995086021091,NED,5,0.0560423359275,15.9999017715,6.86320687786e-18,-18.5756187439,9.60795593262,0.240207239985
1536689995145948580,2184,1536689995145510164,NED,5,0.0560423359275,15.9999017715,6.86320687786e-18,-18.865524292,9.22400188446,0.235433161259
1536689995183808945,2185,1536689995182708634,NED,5,0.0560423359275,15.9999017715,6.86320687786e-18,-19.0416965485,8.96887302399,0.251587986946
1536689995200165366,2186,1536689995198405143,NED,5,0.0560423359275,15.9999017715,6.86320687786e-18,-19.1283092499,8.83370399475,0.251144737005
1536689995300898072,2187,1536689995300132532,NED,5,0.0560423359275,15.9999017715,6.86320687786e-18,-19.5735225677,8.15264606476,0.275347054005
1536689995437394228,2188,1536689995430616621,NED,5,0.0560423359275,15.9999017715,6.86320687786e-18,-20.0752792358,7.31402540207,0.328198164701
1536689995477460496,2189,1536689995477114364,NED,5,0.0560423359275,15.9999017715,6.86320687786e-18,-20.2295093536,7.02072763443,0.329630464315
1536689995521453147,2190,1536689995520512958,NED,5,0.0560423359275,15.9999017715,6.86320687786e-18,-20.4734191895,6.57332086563,0.352664381266
1536689995577771009,2191,1536689995577131992,NED,5,0.0560423359275,15.9999017715,6.86320687786e-18,-20.6970691681,6.12399864197,0.344874173403
1536689995649424273,2192,1536689995647439066,NED,5,0.0560423359275,15.9999017715,6.86320687786e-18,-20.9086227417,5.64655590057,0.303442180157
1536689995685928944,2193,1536689995685426147,NED,5,0.0560423359275,15.9999017715,6.86320687786e-18,-21.0728149414,5.31828975677,0.258074045181
1536689995700681425,2194,1536689995700208290,NED,5,0.0560423359275,15.9999017715,6.86320687786e-18,-21.1434841156,5.16123867035,0.233315184712
1536689995763283535,2195,1536689995763081174,NED,5,0.0560423359275,15.9999017715,6.86320687786e-18,-21.3486499786,4.64730167389,0.120121903718
1536689995820246237,2196,1536689995819200931,NED,5,0.0560423359275,15.9999017715,6.86320687786e-18,-21.5263614655,4.18897724152,0.0568800829351
1536689995894279221,2197,1536689995893593423,NED,5,0.0560423359275,15.9999017715,6.86320687786e-18,-21.7089309692,3.69076919556,-0.00752705801278
1536689995930860146,2198,1536689995930524382,NED,5,0.0560423359275,15.9999017715,6.86320687786e-18,-21.8152160645,3.39727687836,-0.0221219491214
1536689995959627310,2199,1536689995958782285,NED,5,0.0560423359275,15.9999017715,6.86320687786e-18,-21.9075965881,3.07960319519,-0.0527584329247
1536689995998177346,2200,1536689995997239109,NED,5,0.0560423359275,15.9999017715,6.86320687786e-18,-22.0136642456,2.74897027016,-0.0537064746022
1536689996082301863,2201,1536689996081919893,NED,5,0.0560423359275,15.9999017715,6.86320687786e-18,-22.1728897095,2.17996096611,0.0168776419014
1536689996112478320,2202,1536689996111421430,NED,5,0.0560423359275,15.9999017715,6.86320687786e-18,-22.2203960419,2.01495814323,0.0255765821785
1536689996152719365,2203,1536689996152119803,NED,5,0.0560423359275,15.9999017715,6.86320687786e-18,-22.2957286835,1.72191596031,0.0552349947393
1536689996194429605,2204,1536689996193212498,NED,5,0.0560423359275,15.9999017715,6.86320687786e-18,-22.3578453064,1.38780140877,0.0379203185439
1536689996254298567,2205,1536689996252718242,NED,5,0.0560423359275,15.9999017715,6.86320687786e-18,-22.4523010254,0.914816617966,0.0828653052449
1536689996289617490,2206,1536689996288850639,NED,5,0.0560423359275,15.9999017715,6.86320687786e-18,-22.5035858154,0.583305776119,0.0916906669736
1536689996433498334,2207,1536689996432824567,NED,5,0.0560423359275,15.9999017715,6.86320687786e-18,-22.6681747437,-0.661811649799,0.11550398916
1536689996459294920,2208,1536689996456111837,NED,5,0.0560423359275,15.9999017715,6.86320687786e-18,-22.6711807251,-0.857751488686,0.0982528328896
1536689996488783562,2209,1536689996488104611,NED,5,0.0560423359275,15.9999017715,6.86320687786e-18,-22.7137432098,-1.26842939854,0.0829673111439
1536689996536014590,2210,1536689996535617516,NED,5,0.0560423359275,15.9999017715,6.86320687786e-18,-22.7326183319,-1.87301838398,0.010244011879
1536689996578440323,2211,1536689996577908119,NED,5,0.0560423359275,15.9999017715,6.86320687786e-18,-22.7416706085,-2.3468849659,-0.0882125198841
1536689996622949883,2212,1536689996621913441,NED,5,0.0560423359275,15.9999017715,6.86320687786e-18,-22.7276134491,-2.84492015839,-0.20383861661
1536689996667313785,2213,1536689996666851050,NED,5,0.0560423359275,15.9999017715,6.86320687786e-18,-22.7148704529,-3.26015353203,-0.270642518997
1536689996705880396,2214,1536689996705513242,NED,5,0.0560423359275,15.9999017715,6.86320687786e-18,-22.7227230072,-3.6426756382,-0.283271878958
1536689996767552397,2215,1536689996766955011,NED,5,0.0560423359275,15.9999017715,6.86320687786e-18,-22.7080039978,-4.16750097275,-0.274670124054
1536689996840717701,2216,1536689996833561421,NED,5,0.0560423359275,15.9999017715,6.86320687786e-18,-22.6632823944,-4.72742176056,-0.283022731543
1536689996879436115,2217,1536689996879129886,NED,5,0.0560423359275,15.9999017715,6.86320687786e-18,-22.6002502441,-5.31133127213,-0.292366206646
1536689996923218182,2218,1536689996922216139,NED,5,0.0560423359275,15.9999017715,6.86320687786e-18,-22.5400848389,-5.72647857666,-0.312390595675
1536689996980385580,2219,1536689996980085527,NED,5,0.0560423359275,15.9999017715,6.86320687786e-18,-22.4542331696,-6.3482875824,-0.362832039595
1536689997034559585,2220,1536689997033249137,NED,5,0.0560423359275,15.9999017715,6.86320687786e-18,-22.3619613647,-6.77929973602,-0.419667810202
1536689997078966525,2221,1536689997078529997,NED,5,0.0560423359275,15.9999017715,6.86320687786e-18,-22.2070426941,-7.49084234238,-0.516211152077
1536689997119139477,2222,1536689997118631560,NED,5,0.0560423359275,15.9999017715,6.86320687786e-18,-22.1560077667,-7.69446754456,-0.539549231529
1536689997163103874,2223,1536689997162839083,NED,5,0.0560423359275,15.9999017715,6.86320687786e-18,-21.9492855072,-8.38188076019,-0.660927951336
1536689997221761841,2224,1536689997220993453,NED,5,0.0560423359275,15.9999017715,6.86320687786e-18,-21.6841430664,-9.12944889069,-0.828125715256
1536689997279761080,2225,1536689997278744382,NED,5,0.0560423359275,15.9999017715,6.86320687786e-18,-21.4858989716,-9.63712978363,-0.968971252441
1536689997352686170,2226,1536689997352043602,NED,5,0.0560423359275,15.9999017715,6.86320687786e-18,-21.049287796,-10.644077301,-1.22366940975
1536689997369857761,2227,1536689997369439537,NED,5,0.0560423359275,15.9999017715,6.86320687786e-18,-20.9110965729,-10.8937139511,-1.30112886429
1536689997406051468,2228,1536689997403920347,NED,5,0.0560423359275,15.9999017715,6.86320687786e-18,-20.6611995697,-11.3771734238,-1.42845845222
1536689997479218693,2229,1536689997478739383,NED,5,0.0560423359275,15.9999017715,6.86320687786e-18,-20.1007614136,-12.3664932251,-1.699472785
1536689997516460233,2230,1536689997514348631,NED,5,0.0560423359275,15.9999017715,6.86320687786e-18,-19.9323730469,-12.6075439453,-1.78771078587
1536689997623284682,2231,1536689997622249680,NED,5,0.0560423359275,15.9999017715,6.86320687786e-18,-19.0322227478,-13.9432144165,-2.12811875343
1536689997688316494,2232,1536689997687220247,NED,5,0.0560423359275,15.9999017715,6.86320687786e-18,-18.6035003662,-14.4867372513,-2.23114109039
1536689997705687246,2233,1536689997703607355,NED,5,0.0560423359275,15.9999017715,6.86320687786e-18,-18.4602603912,-14.6743450165,-2.25678944588
1536689997754508808,2234,1536689997754121206,NED,5,0.0560423359275,15.9999017715,6.86320687786e-18,-18.2150058746,-14.9825325012,-2.2861738205
1536689997801117875,2235,1536689997799979325,NED,5,0.0560423359275,15.9999017715,6.86320687786e-18,-17.9720573425,-15.2850561142,-2.28899717331
1536689997878178204,2236,1536689997877496598,NED,5,0.0560423359275,15.9999017715,6.86320687786e-18,-17.2918834686,-16.0531806946,-2.32261514664
1536689997939884411,2237,1536689997939562023,NED,5,0.0560423359275,15.9999017715,6.86320687786e-18,-17.0383701324,-16.3306007385,-2.29774928093
1536689997962081994,2238,1536689997961762965,NED,5,0.0560423359275,15.9999017715,6.86320687786e-18,-16.8273696899,-16.5400524139,-2.18886303902
1536689998009499959,2239,1536689998009022345,NED,5,0.0560423359275,15.9999017715,6.86320687786e-18,-16.5980224609,-16.775554657,-2.12867188454
1536689998059959188,2240,1536689998059448647,NED,5,0.0560423359275,15.9999017715,6.86320687786e-18,-16.1452140808,-17.1880016327,-2.15716028214
1536689998126634588,2241,1536689998126318536,NED,5,0.0560423359275,15.9999017715,6.86320687786e-18,-15.6917858124,-17.5772476196,-2.19888544083
1536689998147116042,2242,1536689998146762135,NED,5,0.0560423359275,15.9999017715,6.86320687786e-18,-15.5231151581,-17.7009735107,-2.23484420776
1536689998191087094,2243,1536689998190389615,NED,5,0.0560423359275,15.9999017715,6.86320687786e-18,-15.1792793274,-17.9800720215,-2.28871130943
1536689998276041916,2244,1536689998275197275,NED,5,0.0560423359275,15.9999017715,6.86320687786e-18,-14.4786500931,-18.4846363068,-2.39521837234
1536689998292751445,2245,1536689998291957490,NED,5,0.0560423359275,15.9999017715,6.86320687786e-18,-14.3175010681,-18.585357666,-2.39850139618
1536689998359468859,2246,1536689998358722007,NED,5,0.0560423359275,15.9999017715,6.86320687786e-18,-13.6344404221,-19.0535030365,-2.42469716072
1536689998408799138,2247,1536689998407986208,NED,5,0.0560423359275,15.9999017715,6.86320687786e-18,-13.2696714401,-19.2691955566,-2.43246293068
1536689998454584395,2248,1536689998453909732,NED,5,0.0560423359275,15.9999017715,6.86320687786e-18,-12.9020748138,-19.5058078766,-2.43635940552
1536689998477686968,2249,1536689998476715004,NED,5,0.0560423359275,15.9999017715,6.86320687786e-18,-12.7108650208,-19.6089305878,-2.44038391113
1536689998518418780,2250,1536689998517921806,NED,5,0.0560423359275,15.9999017715,6.86320687786e-18,-12.1360301971,-19.9277935028,-2.47644424438
1536689998582163248,2251,1536689998578977061,NED,5,0.0560423359275,15.9999017715,6.86320687786e-18,-11.7495365143,-20.1104850769,-2.51174688339
1536689998598742733,2252,1536689998597869805,NED,5,0.0560423359275,15.9999017715,6.86320687786e-18,-11.3599853516,-20.312040329,-2.53318715096
1536689998687449737,2253,1536689998686943164,NED,5,0.0560423359275,15.9999017715,6.86320687786e-18,-10.5872755051,-20.6373138428,-2.55428647995
1536689998705944288,2254,1536689998704706702,NED,5,0.0560423359275,15.9999017715,6.86320687786e-18,-10.4135427475,-20.7086200714,-2.54589104652
1536689998777527923,2255,1536689998776917130,NED,5,0.0560423359275,15.9999017715,6.86320687786e-18,-9.64077377319,-20.9856128693,-2.55557870865
1536689998857699274,2256,1536689998857176221,NED,5,0.0560423359275,15.9999017715,6.86320687786e-18,-9.10465145111,-21.1570072174,-2.53028559685
1536689998888660725,2257,1536689998888120905,NED,5,0.0560423359275,15.9999017715,6.86320687786e-18,-8.7368812561,-21.2814731598,-2.49606227875
1536689998967433056,2258,1536689998966913267,NED,5,0.0560423359275,15.9999017715,6.86320687786e-18,-8.08656406403,-21.4651908875,-2.37127900124
1536689999018002681,2259,1536689999017151512,NED,5,0.0560423359275,15.9999017715,6.86320687786e-18,-7.61161994934,-21.6068267822,-2.2375805378
1536689999061311165,2260,1536689999061043495,NED,5,0.0560423359275,15.9999017715,6.86320687786e-18,-7.33486890793,-21.6788578033,-2.1333630085
1536689999117346669,2261,1536689999115881091,NED,5,0.0560423359275,15.9999017715,6.86320687786e-18,-7.03851127625,-21.7374858856,-2.06251907349
1536689999177257550,2262,1536689999176676996,NED,5,0.0560423359275,15.9999017715,6.86320687786e-18,-6.41666889191,-21.8646850586,-1.91917097569
1536689999215294357,2263,1536689999212643991,NED,5,0.0560423359275,15.9999017715,6.86320687786e-18,-6.25743865967,-21.8931369781,-1.89059007168
1536689999289795517,2264,1536689999289247281,NED,5,0.0560423359275,15.9999017715,6.86320687786e-18,-5.65886354446,-21.9850025177,-1.75939297676
1536689999358266594,2265,1536689999357524670,NED,5,0.0560423359275,15.9999017715,6.86320687786e-18,-5.16795063019,-22.0383682251,-1.71071219444
1536689999447320626,2266,1536689999446777606,NED,5,0.0560423359275,15.9999017715,6.86320687786e-18,-4.31268167496,-22.1191997528,-1.67333126068
1536689999498049829,2267,1536689999497697522,NED,5,0.0560423359275,15.9999017715,6.86320687786e-18,-3.76683044434,-22.1494922638,-1.69984424114
1536689999566571241,2268,1536689999565877987,NED,5,0.0560423359275,15.9999017715,6.86320687786e-18,-3.29685306549,-22.1610870361,-1.65959095955
1536689999575517855,2269,1536689999575162253,NED,5,0.0560423359275,15.9999017715,6.86320687786e-18,-3.16320800781,-22.1622180939,-1.62653255463
1536689999634656925,2270,1536689999633711008,NED,5,0.0560423359275,15.9999017715,6.86320687786e-18,-2.78820109367,-22.1561641693,-1.48589897156
1536689999672855198,2271,1536689999672278931,NED,5,0.0560423359275,15.9999017715,6.86320687786e-18,-2.68180012703,-22.1534729004,-1.41421806812
1536689999731025727,2272,1536689999729076071,NED,5,0.0560423359275,15.9999017715,6.86320687786e-18,-2.32599139214,-22.1364212036,-1.23644196987
1536689999776992578,2273,1536689999776390648,NED,5,0.0560423359275,15.9999017715,6.86320687786e-18,-1.92031919956,-22.1232624054,-1.07247936726
1536689999816042051,2274,1536689999815467128,NED,5,0.0560423359275,15.9999017715,6.86320687786e-18,-1.76400339603,-22.1182327271,-1.03453671932
1536689999868835787,2275,1536689999867742419,NED,5,0.0560423359275,15.9999017715,6.86320687786e-18,-1.2994068861,-22.0971183777,-0.915304362774
1536689999916402738,2276,1536689999915662734,NED,5,0.0560423359275,15.9999017715,6.86320687786e-18,-0.842950046062,-22.0529270172,-0.786196470261
1536689999975723113,2277,1536689999974773804,NED,5,0.0560423359275,15.9999017715,6.86320687786e-18,-0.382444351912,-22.0059070587,-0.643685221672
1536690000033764655,2278,1536690000031871125,NED,5,0.0560423359275,15.9999017715,6.86320687786e-18,-0.00895719882101,-21.969039917,-0.596321463585
