%time,field.header.seq,field.header.stamp,field.header.frame_id,field.twist.linear.x,field.twist.linear.y,field.twist.linear.z,field.twist.angular.x,field.twist.angular.y,field.twist.angular.z
1536701658930484164,2414,1536701658929788893,map,-20.069353177,-0.16113055619,0.0,0.0,0.0,0.0
1536701659095671369,2415,1536701659093513786,map,-20.3499996901,0.00355174500977,0.0,0.0,0.0,0.0
1536701659295033028,2416,1536701659294715052,map,-20.1177859746,0.29847526002,0.0,0.0,0.0,0.0
1536701659501875115,2417,1536701659501454284,map,-19.6954374451,0.983943009969,0.0,0.0,0.0,0.0
1536701659710040902,2418,1536701659709723310,map,-19.3054331856,2.01205107167,0.0,0.0,0.0,0.0
1536701659925648061,2419,1536701659925190896,map,-18.8579376197,2.9025142085,0.0,0.0,0.0,0.0
1536701660097268611,2420,1536701660096472438,map,-18.4909407133,3.50392801534,0.0,0.0,0.0,0.0
1536701660300994127,2421,1536701660299879658,map,-18.1862808279,4.04179287565,0.0,0.0,0.0,0.0
1536701660465360478,2422,1536701660464690273,map,-17.8207638643,4.49941943951,0.0,0.0,0.0,0.0
1536701660715692155,2423,1536701660714768766,map,-17.3785347144,5.4061567847,0.0,0.0,0.0,0.0
1536701660924326087,2424,1536701660924057345,map,-16.8110283881,6.78868356408,0.0,0.0,0.0,0.0
1536701661107467055,2425,1536701661107192103,map,-16.1878669723,8.23034403207,0.0,0.0,0.0,0.0
1536701661298209168,2426,1536701661297778413,map,-15.3482316585,9.72526014855,0.0,0.0,0.0,0.0
1536701661498429167,2427,1536701661497940567,map,-14.547481667,11.1022870233,0.0,0.0,0.0,0.0
1536701661695217982,2428,1536701661694867385,map,-13.6134581806,12.2146574396,0.0,0.0,0.0,0.0
1536701661905523617,2429,1536701661904601029,map,-12.6468054161,13.392337838,0.0,0.0,0.0,0.0
1536701662107613892,2430,1536701662107215373,map,-11.5045218059,14.5515799148,0.0,0.0,0.0,0.0
1536701662303284364,2431,1536701662302902491,map,-10.1380311955,15.7371764774,0.0,0.0,0.0,0.0
1536701662508117147,2432,1536701662507846292,map,-8.49380010351,16.9174542944,0.0,0.0,0.0,0.0
1536701662700784371,2433,1536701662700124602,map,-6.58037504974,17.8560791946,0.0,0.0,0.0,0.0
1536701662908725817,2434,1536701662908145214,map,-4.82027208081,18.5850740399,0.0,0.0,0.0,0.0
1536701663103108891,2435,1536701663102740655,map,-3.18532805133,18.8528004606,0.0,0.0,0.0,0.0
1536701663333057023,2436,1536701663332612022,map,-1.74676590028,19.0099160674,0.0,0.0,0.0,0.0
1536701663515570393,2437,1536701663515187080,map,-0.0998498302652,19.0697385932,0.0,0.0,0.0,0.0
1536701663763643392,2438,1536701663754373553,map,1.36003744434,18.8810804286,0.0,0.0,0.0,0.0
1536701663910837813,2439,1536701663910119526,map,2.29358104288,18.6797185739,0.0,0.0,0.0,0.0
1536701664113834670,2440,1536701664113385252,map,3.56562300719,18.2754133352,0.0,0.0,0.0,0.0
1536701664306958003,2441,1536701664306413061,map,4.3274159798,17.9147528852,0.0,0.0,0.0,0.0
1536701664525823738,2442,1536701664525481081,map,5.00803696084,17.4766119657,0.0,0.0,0.0,0.0
1536701664723780739,2443,1536701664723484242,map,5.51299033203,16.9773212728,0.0,0.0,0.0,0.0
1536701664925982095,2444,1536701664925698788,map,6.00564241315,16.5542852218,0.0,0.0,0.0,0.0
1536701665107757651,2445,1536701665107121922,map,6.15108188048,16.1588456178,0.0,0.0,0.0,0.0
1536701665320707326,2446,1536701665320067532,map,6.15314983756,15.8473577317,0.0,0.0,0.0,0.0
1536701665506723428,2447,1536701665506443931,map,6.04981390864,15.6621790205,0.0,0.0,0.0,0.0
1536701665702670453,2448,1536701665698601395,map,5.83502871893,15.4338083391,0.0,0.0,0.0,0.0
1536701665923379893,2449,1536701665921113628,map,5.69193220039,15.3379108038,0.0,0.0,0.0,0.0
1536701666101761974,2450,1536701666101484621,map,5.46711597081,15.302716849,0.0,0.0,0.0,0.0
1536701666298830158,2451,1536701666298282175,map,5.19265816021,15.2184986523,0.0,0.0,0.0,0.0
1536701666499805995,2452,1536701666498858373,map,4.97521222572,15.185771739,0.0,0.0,0.0,0.0
1536701666703645699,2453,1536701666703106167,map,4.61530245681,15.1527087754,0.0,0.0,0.0,0.0
1536701666937263250,2454,1536701666933170183,map,4.23821451306,15.1898136177,0.0,0.0,0.0,0.0
1536701667100409204,2455,1536701667100001786,map,3.97688821687,15.3223124923,0.0,0.0,0.0,0.0
1536701667305460950,2456,1536701667305117812,map,3.9195281952,15.2545009334,0.0,0.0,0.0,0.0
1536701667485360469,2457,1536701667484150507,map,3.92717110759,15.2731865402,0.0,0.0,0.0,0.0
1536701667706931258,2458,1536701667706416119,map,3.93847746378,15.2289623831,0.0,0.0,0.0,0.0
1536701667910613110,2459,1536701667910240393,map,4.09263669334,15.1364700276,0.0,0.0,0.0,0.0
1536701668105089243,2460,1536701668104718670,map,4.47100425143,15.1229303041,0.0,0.0,0.0,0.0
1536701668321032529,2461,1536701668320665478,map,5.04622736754,14.9513875395,0.0,0.0,0.0,0.0
1536701668511213630,2462,1536701668510758354,map,5.59834206826,14.839075648,0.0,0.0,0.0,0.0
1536701668718527383,2463,1536701668718196442,map,6.44532684767,14.7317399457,0.0,0.0,0.0,0.0
1536701668920715934,2464,1536701668920139268,map,7.28934298262,14.5121700266,0.0,0.0,0.0,0.0
1536701669129746976,2465,1536701669129120563,map,8.21256478659,14.2532901334,0.0,0.0,0.0,0.0
1536701669321376273,2466,1536701669320953809,map,9.20219915927,13.8399396904,0.0,0.0,0.0,0.0
1536701669505089585,2467,1536701669504484780,map,10.3476887856,13.2730643333,0.0,0.0,0.0,0.0
1536701669704471668,2468,1536701669703908223,map,11.4755898991,12.7449337569,0.0,0.0,0.0,0.0
1536701669951490252,2469,1536701669950793092,map,12.7408576948,12.0695089047,0.0,0.0,0.0,0.0
1536701670106478851,2470,1536701670105681525,map,13.8585732795,11.1385971584,0.0,0.0,0.0,0.0
1536701670287835144,2471,1536701670286739082,map,15.0657484279,10.085639509,0.0,0.0,0.0,0.0
1536701670467949112,2472,1536701670467597715,map,16.1307154851,8.89361669618,0.0,0.0,0.0,0.0
1536701670725030892,2473,1536701670724662465,map,17.1854231914,7.39765704346,0.0,0.0,0.0,0.0
1536701670958653501,2474,1536701670957850381,map,18.261592952,5.6983438695,0.0,0.0,0.0,0.0
1536701671111398788,2475,1536701671110448989,map,19.0134731853,3.69928877386,0.0,0.0,0.0,0.0
1536701671312093943,2476,1536701671311381450,map,19.3119706598,2.31306922436,0.0,0.0,0.0,0.0
1536701671532110481,2477,1536701671531447575,map,19.5582637518,0.922344304895,0.0,0.0,0.0,0.0
1536701671723447603,2478,1536701671722571304,map,19.4788959995,-0.207390066424,0.0,0.0,0.0,0.0
1536701671884989815,2479,1536701671884710509,map,19.2151130951,-1.15841647978,0.0,0.0,0.0,0.0
1536701672102228663,2480,1536701672101619441,map,18.9619786171,-1.82917110295,0.0,0.0,0.0,0.0
1536701672290564331,2481,1536701672289979598,map,18.6920368959,-2.27522673216,0.0,0.0,0.0,0.0
1536701672512708457,2482,1536701672506027468,map,18.396865282,-2.52987110259,0.0,0.0,0.0,0.0
1536701672704589400,2483,1536701672703883342,map,18.1149720587,-2.7331643404,0.0,0.0,0.0,0.0
1536701672904257319,2484,1536701672903791095,map,17.8597585204,-2.68190708114,0.0,0.0,0.0,0.0
1536701673130589525,2485,1536701673115827369,map,17.4651301771,-2.54788694767,0.0,0.0,0.0,0.0
1536701673322417648,2486,1536701673321973896,map,17.2283762398,-2.13369448155,0.0,0.0,0.0,0.0
1536701673513463300,2487,1536701673512483762,map,16.9956464657,-2.0597090121,0.0,0.0,0.0,0.0
1536701673716326762,2488,1536701673715738316,map,16.8469879073,-1.86587739471,0.0,0.0,0.0,0.0
1536701673950986852,2489,1536701673950327466,map,16.6724224823,-1.50264053319,0.0,0.0,0.0,0.0
1536701674107291884,2490,1536701674106719764,map,16.495157604,-1.21711775074,0.0,0.0,0.0,0.0
1536701674306949111,2491,1536701674306222404,map,16.4406680051,-0.982514908296,0.0,0.0,0.0,0.0
1536701674508243212,2492,1536701674507803014,map,16.3269506181,-0.65290390949,0.0,0.0,0.0,0.0
1536701674722543670,2493,1536701674721879131,map,16.3043362059,-0.429791676925,0.0,0.0,0.0,0.0
1536701674911027617,2494,1536701674910072952,map,16.3068839751,-0.318802481168,0.0,0.0,0.0,0.0
1536701675085231479,2495,1536701675084788176,map,16.3096599204,-0.105324652323,0.0,0.0,0.0,0.0
1536701675285191124,2496,1536701675284485770,map,16.4196936396,0.100303448295,0.0,0.0,0.0,0.0
1536701675541796852,2497,1536701675540486885,map,16.5279151671,0.26252662453,0.0,0.0,0.0,0.0
1536701675720560902,2498,1536701675719790947,map,16.6430124525,0.482324067911,0.0,0.0,0.0,0.0
1536701675907384510,2499,1536701675906773687,map,16.8110423231,0.548867934958,0.0,0.0,0.0,0.0
1536701676128102113,2500,1536701676126963859,map,16.9161229124,0.685336130039,0.0,0.0,0.0,0.0
1536701676335867588,2501,1536701676335129197,map,17.001245345,0.798784526177,0.0,0.0,0.0,0.0
1536701676526251774,2502,1536701676525002406,map,17.0947404785,0.722459669323,0.0,0.0,0.0,0.0
1536701676727283184,2503,1536701676724636296,map,17.164038469,0.740394107312,0.0,0.0,0.0,0.0
1536701676926453859,2504,1536701676925665561,map,17.1720308505,0.785783983245,0.0,0.0,0.0,0.0
1536701677117589241,2505,1536701677116840254,map,17.1732439715,0.758809261932,0.0,0.0,0.0,0.0
1536701677305283994,2506,1536701677304434393,map,17.2069589431,0.670047706559,0.0,0.0,0.0,0.0
1536701677512206143,2507,1536701677511620897,map,17.3028227234,0.498423315495,0.0,0.0,0.0,0.0
1536701677702870722,2508,1536701677702307245,map,17.3273605571,0.302450203558,0.0,0.0,0.0,0.0
1536701677918398812,2509,1536701677917987488,map,17.3899043839,0.0576673181234,0.0,0.0,0.0,0.0
1536701678108078123,2510,1536701678106984558,map,17.3597120606,0.0999858693836,0.0,0.0,0.0,0.0
1536701678331991078,2511,1536701678331531865,map,17.3078645083,0.271893662668,0.0,0.0,0.0,0.0
1536701678557337951,2512,1536701678554665357,map,17.2667592207,0.334553453318,0.0,0.0,0.0,0.0
1536701678710884597,2513,1536701678710352268,map,17.2743901572,0.440277975652,0.0,0.0,0.0,0.0
1536701678925532994,2514,1536701678925021793,map,17.1800453059,0.584930155132,0.0,0.0,0.0,0.0
1536701679101632100,2515,1536701679101280223,map,17.0406261818,0.565295791524,0.0,0.0,0.0,0.0
1536701679361373574,2516,1536701679360733812,map,16.9885826942,0.622943048011,0.0,0.0,0.0,0.0
1536701679502341833,2517,1536701679501882075,map,16.9228090893,0.49338881828,0.0,0.0,0.0,0.0
1536701679742098729,2518,1536701679741143456,map,16.8849581624,0.412659488998,0.0,0.0,0.0,0.0
1536701679901928133,2519,1536701679900833384,map,16.7720839618,0.515363540371,0.0,0.0,0.0,0.0
1536701680137647151,2520,1536701680135676870,map,16.7967327916,0.331311826052,0.0,0.0,0.0,0.0
1536701680316250275,2521,1536701680315062498,map,16.7473458319,0.298173752386,0.0,0.0,0.0,0.0
1536701680512053533,2522,1536701680511513265,map,16.6524937329,0.500052473691,0.0,0.0,0.0,0.0
1536701680711481425,2523,1536701680709147391,map,16.6554439389,0.389598764725,0.0,0.0,0.0,0.0
1536701680912685637,2524,1536701680911938987,map,16.6536658785,0.459361303196,0.0,0.0,0.0,0.0
1536701681120438980,2525,1536701681119815960,map,16.703403336,0.469485884052,0.0,0.0,0.0,0.0
1536701681359205357,2526,1536701681358758628,map,16.7325451282,0.499533313626,0.0,0.0,0.0,0.0
1536701681520380486,2527,1536701681520068208,map,16.7643297023,0.436061502278,0.0,0.0,0.0,0.0
1536701681705011874,2528,1536701681704443819,map,16.798951932,0.187653898814,0.0,0.0,0.0,0.0
1536701681932056444,2529,1536701681931353683,map,16.8996476183,-0.109134679599,0.0,0.0,0.0,0.0
1536701682121677846,2530,1536701682120787461,map,16.9096474098,-0.109199256332,0.0,0.0,0.0,0.0
1536701682323531967,2531,1536701682323161587,map,16.8296859899,-0.102807980195,0.0,0.0,0.0,0.0
1536701682520903305,2532,1536701682520353274,map,16.9197832694,-0.0856394500792,0.0,0.0,0.0,0.0
1536701682776115323,2533,1536701682775072785,map,16.9193812509,-0.144699993749,0.0,0.0,0.0,0.0
1536701682920738212,2534,1536701682920417322,map,16.8897836537,-0.0854876070826,0.0,0.0,0.0,0.0
1536701683160720889,2535,1536701683159941618,map,16.8598520877,-0.0706227963281,0.0,0.0,0.0,0.0
1536701683327690304,2536,1536701683327136303,map,16.7899792862,-0.0263736594812,0.0,0.0,0.0,0.0
1536701683531926029,2537,1536701683531218530,map,16.6798147972,0.0786023572767,0.0,0.0,0.0,0.0
1536701683727603992,2538,1536701683727126564,map,16.5868868252,0.321380532169,0.0,0.0,0.0,0.0
1536701683926422118,2539,1536701683925564866,map,16.5147100982,0.418031543739,0.0,0.0,0.0,0.0
1536701684136471336,2540,1536701684136168470,map,16.3708995021,0.545939091283,0.0,0.0,0.0,0.0
1536701684297309474,2541,1536701684296533373,map,16.3719174588,0.5145082337,0.0,0.0,0.0,0.0
1536701684498709055,2542,1536701684497933178,map,16.4194846509,0.587727656225,0.0,0.0,0.0,0.0
1536701684703839359,2543,1536701684703354952,map,16.4899486458,0.575841695591,0.0,0.0,0.0,0.0
1536701684901651984,2544,1536701684897923279,map,16.4786065675,0.612883018412,0.0,0.0,0.0,0.0
1536701685108825524,2545,1536701685108389807,map,16.582262272,0.506633934151,0.0,0.0,0.0,0.0
1536701685338416241,2546,1536701685338038530,map,16.5943115946,0.434537341911,0.0,0.0,0.0,0.0
1536701685518236434,2547,1536701685512199176,map,16.607520558,0.286985916166,0.0,0.0,0.0,0.0
1536701685721796544,2548,1536701685721092566,map,16.4773371623,0.296243211864,0.0,0.0,0.0,0.0
1536701685891740011,2549,1536701685890803978,map,16.5179619686,0.259484881991,0.0,0.0,0.0,0.0
1536701686127546710,2550,1536701686127048121,map,16.4481898251,0.2440317111,0.0,0.0,0.0,0.0
1536701686324515753,2551,1536701686324240064,map,16.4082782031,0.237710765935,0.0,0.0,0.0,0.0
1536701686496707334,2552,1536701686496155893,map,16.4088780384,0.191889341953,0.0,0.0,0.0,0.0
1536701686714539078,2553,1536701686714119848,map,16.389244863,0.157330289149,0.0,0.0,0.0,0.0
1536701686940741539,2554,1536701686931761600,map,16.2974171379,0.290163114262,0.0,0.0,0.0,0.0
1536701687130044964,2555,1536701687127412097,map,16.297517431,0.284474224928,0.0,0.0,0.0,0.0
1536701687315535876,2556,1536701687315116357,map,16.3057371272,0.372876304235,0.0,0.0,0.0,0.0
1536701687496004121,2557,1536701687494743069,map,16.3465327021,0.336702569383,0.0,0.0,0.0,0.0
1536701687697450280,2558,1536701687696493279,map,16.3660418066,0.359966086634,0.0,0.0,0.0,0.0
1536701687898329761,2559,1536701687894856448,map,16.377554891,0.283011999205,0.0,0.0,0.0,0.0
1536701688090320154,2560,1536701688089828832,map,16.4283581816,0.232265915905,0.0,0.0,0.0,0.0
1536701688297340356,2561,1536701688294881346,map,16.4598673798,0.0660744973647,0.0,0.0,0.0,0.0
1536701688493157603,2562,1536701688492152391,map,16.5499989917,-0.00577703970678,0.0,0.0,0.0,0.0
1536701688712685348,2563,1536701688711530736,map,16.6187948289,-0.20014603007,0.0,0.0,0.0,0.0
1536701688932034690,2564,1536701688931150356,map,16.6857041496,-0.37865159733,0.0,0.0,0.0,0.0
1536701689111946310,2565,1536701689111229943,map,16.7905003581,-0.8094428479,0.0,0.0,0.0,0.0
1536701689325063472,2566,1536701689324592958,map,16.9437191225,-1.25318885116,0.0,0.0,0.0,0.0
1536701689465464317,2567,1536701689464976869,map,16.9328696643,-1.71997817805,0.0,0.0,0.0,0.0
1536701689718242454,2568,1536701689715562658,map,17.0056727347,-2.29623492696,0.0,0.0,0.0,0.0
1536701689946414811,2569,1536701689939171049,map,17.0252753036,-2.9560786248,0.0,0.0,0.0,0.0
1536701690120838468,2570,1536701690120124278,map,17.0778232701,-3.63311881945,0.0,0.0,0.0,0.0
1536701690305095698,2571,1536701690303623494,map,17.0490956658,-4.71852063442,0.0,0.0,0.0,0.0
1536701690518379291,2572,1536701690516784096,map,16.8708113932,-5.70717293721,0.0,0.0,0.0,0.0
1536701690725887198,2573,1536701690725108855,map,16.695709809,-6.91217577706,0.0,0.0,0.0,0.0
1536701690936360961,2574,1536701690935860964,map,16.4201526619,-8.03349155474,0.0,0.0,0.0,0.0
1536701691109534001,2575,1536701691107234796,map,15.9988232036,-9.52586248582,0.0,0.0,0.0,0.0
1536701691296243614,2576,1536701691295571264,map,15.3837309103,-10.823905177,0.0,0.0,0.0,0.0
1536701691563766268,2577,1536701691563140272,map,14.668585632,-12.0446251729,0.0,0.0,0.0,0.0
1536701691708355736,2578,1536701691707576210,map,13.9624597299,-13.1207971667,0.0,0.0,0.0,0.0
1536701691917263212,2579,1536701691915635044,map,13.1748418687,-14.2674434197,0.0,0.0,0.0,0.0
1536701692087000457,2580,1536701692086560835,map,12.1331727169,-15.4185122441,0.0,0.0,0.0,0.0
1536701692328125454,2581,1536701692327513863,map,10.9836235068,-16.4381542352,0.0,0.0,0.0,0.0
1536701692492761155,2582,1536701692490993671,map,9.76435542071,-17.3856539485,0.0,0.0,0.0,0.0
1536701692738619781,2583,1536701692730721084,map,8.41141150742,-18.3214015963,0.0,0.0,0.0,0.0
1536701692934459917,2584,1536701692932861201,map,6.91620829862,-19.0642194377,0.0,0.0,0.0,0.0
1536701693126083771,2585,1536701693125342499,map,5.65573073615,-19.56909834,0.0,0.0,0.0,0.0
1536701693286908240,2586,1536701693286619139,map,4.16651022833,-20.031270367,0.0,0.0,0.0,0.0
1536701693495541340,2587,1536701693495194648,map,2.56361922203,-20.208036928,0.0,0.0,0.0,0.0
1536701693765582770,2588,1536701693763321660,map,0.998810464373,-20.2053279522,0.0,0.0,0.0,0.0
1536701693964765482,2589,1536701693962896967,map,-0.443055690947,-19.9850894833,0.0,0.0,0.0,0.0
1536701694111174838,2590,1536701694110896877,map,-1.52238536157,-19.430451431,0.0,0.0,0.0,0.0
1536701694331904957,2591,1536701694331470585,map,-2.30846135376,-19.0204260251,0.0,0.0,0.0,0.0
1536701694469985821,2592,1536701694468675918,map,-2.71749608294,-18.5823468658,0.0,0.0,0.0,0.0
1536701694702739622,2593,1536701694702448632,map,-2.83201957562,-18.251590756,0.0,0.0,0.0,0.0
1536701694899515984,2594,1536701694899239848,map,-2.80331845687,-17.9220815094,0.0,0.0,0.0,0.0
1536701695115792805,2595,1536701695115197476,map,-2.75849768582,-17.7165343822,0.0,0.0,0.0,0.0
1536701695315523723,2596,1536701695311452392,map,-2.59324989269,-17.7111562297,0.0,0.0,0.0,0.0
1536701695513361798,2597,1536701695511798071,map,-2.49486260841,-17.5737918664,0.0,0.0,0.0,0.0
1536701695718597294,2598,1536701695717956795,map,-2.32426094337,-17.4660302034,0.0,0.0,0.0,0.0
1536701695961612509,2599,1536701695961053257,map,-2.05973947283,-17.4287111774,0.0,0.0,0.0,0.0
1536701696146014657,2600,1536701696144750756,map,-1.63462107795,-17.5540569081,0.0,0.0,0.0,0.0
1536701696340177775,2601,1536701696339625023,map,-1.39075433647,-17.5148708923,0.0,0.0,0.0,0.0
1536701696524791780,2602,1536701696523793355,map,-1.04813521183,-17.5387089769,0.0,0.0,0.0,0.0
1536701696723250378,2603,1536701696722540061,map,-0.585408151235,-17.7403437762,0.0,0.0,0.0,0.0
1536701696964479862,2604,1536701696961369855,map,-0.287935266853,-17.7376631291,0.0,0.0,0.0,0.0
1536701697140874280,2605,1536701697136291588,map,0.124475871113,-17.8295654955,0.0,0.0,0.0,0.0
1536701697356024819,2606,1536701697355522517,map,0.422897778763,-17.9450176224,0.0,0.0,0.0,0.0
1536701697532777516,2607,1536701697528108615,map,0.672517939548,-17.9974392518,0.0,0.0,0.0,0.0
1536701697739108529,2608,1536701697737999790,map,0.987312396293,-18.1131116662,0.0,0.0,0.0,0.0
1536701697942965648,2609,1536701697941940204,map,1.15483051484,-18.203405354,0.0,0.0,0.0,0.0
1536701698100890140,2610,1536701698097161819,map,1.36014140173,-18.3897693125,0.0,0.0,0.0,0.0
1536701698318022452,2611,1536701698312589294,map,1.4472919526,-18.5135152255,0.0,0.0,0.0,0.0
1536701698537081829,2612,1536701698535805442,map,1.52327377785,-18.5676206606,0.0,0.0,0.0,0.0
1536701698735549582,2613,1536701698735187717,map,1.40171156863,-18.8178666346,0.0,0.0,0.0,0.0
1536701698930195602,2614,1536701698929738181,map,1.28480884067,-18.8462560272,0.0,0.0,0.0,0.0
1536701699119593975,2615,1536701699118926427,map,1.06503944895,-18.9901577395,0.0,0.0,0.0,0.0
1536701699333485190,2616,1536701699332291331,map,0.997330971949,-19.0939710624,0.0,0.0,0.0,0.0
1536701699537775688,2617,1536701699536981980,map,0.871129327461,-19.1101552504,0.0,0.0,0.0,0.0
1536701699727552604,2618,1536701699727296059,map,0.746702409341,-19.175467022,0.0,0.0,0.0,0.0
1536701699954474537,2619,1536701699953978189,map,0.69758749876,-19.2073364026,0.0,0.0,0.0,0.0
1536701700134843897,2620,1536701700134625478,map,0.510092921241,-19.2232334744,0.0,0.0,0.0,0.0
1536701700318882196,2621,1536701700313971028,map,0.376269022838,-19.2463222882,0.0,0.0,0.0,0.0
1536701700538361155,2622,1536701700537664572,map,0.204622026523,-19.2189107346,0.0,0.0,0.0,0.0
1536701700714100317,2623,1536701700713540201,map,0.0839500706385,-19.2398168491,0.0,0.0,0.0,0.0
1536701700902516047,2624,1536701700901868250,map,0.0671252267148,-19.2298828443,0.0,0.0,0.0,0.0
1536701701140162577,2625,1536701701139854108,map,-0.0200014695722,-19.0999895273,0.0,0.0,0.0,0.0
1536701701316859125,2626,1536701701316097589,map,-0.106729819549,-19.1097019533,0.0,0.0,0.0,0.0
1536701701542024425,2627,1536701701541288019,map,-0.305552133735,-19.0275468175,0.0,0.0,0.0,0.0
1536701701726994564,2628,1536701701726435185,map,-0.600750606757,-19.0105102169,0.0,0.0,0.0,0.0
1536701701942444929,2629,1536701701937962819,map,-0.95848565576,-18.8556544635,0.0,0.0,0.0,0.0
1536701702089951916,2630,1536701702088430765,map,-1.38489456281,-18.7689761854,0.0,0.0,0.0,0.0
1536701702314836694,2631,1536701702314322932,map,-1.86266063916,-18.7275971588,0.0,0.0,0.0,0.0
1536701702533353689,2632,1536701702532458695,map,-2.63174227731,-18.5845858869,0.0,0.0,0.0,0.0
1536701702736557120,2633,1536701702735908843,map,-3.41005707854,-18.4169598664,0.0,0.0,0.0,0.0
1536701702928939501,2634,1536701702927993128,map,-4.38129457784,-18.1795010334,0.0,0.0,0.0,0.0
1536701703116176738,2635,1536701703115044854,map,-5.39263515771,-17.8951274389,0.0,0.0,0.0,0.0
1536701703321977022,2636,1536701703317978519,map,-6.58670006266,-17.4588367964,0.0,0.0,0.0,0.0
1536701703528399238,2637,1536701703526514590,map,-7.7150772452,-16.9684172244,0.0,0.0,0.0,0.0
1536701703724971971,2638,1536701703724251347,map,-8.94668367238,-16.3753611034,0.0,0.0,0.0,0.0
1536701703919398228,2639,1536701703918885139,map,-10.0916009241,-15.7313601062,0.0,0.0,0.0,0.0
1536701704132831990,2640,1536701704130570368,map,-11.1986319211,-14.9260256966,0.0,0.0,0.0,0.0
1536701704311535153,2641,1536701704310968699,map,-12.3246789696,-14.0239505238,0.0,0.0,0.0,0.0
1536701704472394099,2642,1536701704471854855,map,-13.4513587018,-12.9038966625,0.0,0.0,0.0,0.0
1536701704738734130,2643,1536701704738489078,map,-14.4663665861,-11.72299611,0.0,0.0,0.0,0.0
1536701704911625112,2644,1536701704911201496,map,-15.4441583756,-10.4368372637,0.0,0.0,0.0,0.0
1536701705126754043,2645,1536701705126182691,map,-16.1775922565,-9.1379378845,0.0,0.0,0.0,0.0
1536701705327425669,2646,1536701705327029359,map,-16.8714981916,-7.80644917816,0.0,0.0,0.0,0.0
1536701705539815452,2647,1536701705539432171,map,-17.3013619096,-6.37937897238,0.0,0.0,0.0,0.0
1536701705721721169,2648,1536701705721315864,map,-17.5596119893,-5.04508937326,0.0,0.0,0.0,0.0
1536701705937119930,2649,1536701705936573483,map,-17.8477960644,-3.45956292644,0.0,0.0,0.0,0.0
1536701706134323493,2650,1536701706134092526,map,-17.7565437358,-1.91957145191,0.0,0.0,0.0,0.0
1536701706320253067,2651,1536701706319718433,map,-17.5115459674,-0.544203849643,0.0,0.0,0.0,0.0
1536701706497111692,2652,1536701706496038231,map,-17.1302768024,0.577249228257,0.0,0.0,0.0,0.0
1536701706751512459,2653,1536701706750788986,map,-16.6364514581,1.45550090389,0.0,0.0,0.0,0.0
1536701706920161389,2654,1536701706919684761,map,-16.0742597914,2.09338772311,0.0,0.0,0.0,0.0
1536701707120903826,2655,1536701707120195174,map,-15.6943365849,2.42119787704,0.0,0.0,0.0,0.0
1536701707318877441,2656,1536701707317916085,map,-15.3264303655,2.56751480089,0.0,0.0,0.0,0.0
1536701707515517975,2657,1536701707514935515,map,-15.0079247269,2.47109194326,0.0,0.0,0.0,0.0
1536701707724876405,2658,1536701707723103703,map,-14.7758175753,2.340259597,0.0,0.0,0.0,0.0
1536701707910337001,2659,1536701707909248014,map,-14.5544383416,2.13364115065,0.0,0.0,0.0,0.0
1536701708117626201,2660,1536701708116997675,map,-14.3903542493,2.00962797064,0.0,0.0,0.0,0.0
1536701708343286632,2661,1536701708342376016,map,-14.2634986361,1.74628367094,0.0,0.0,0.0,0.0
1536701708523468434,2662,1536701708520292513,map,-14.1606874492,1.50084341786,0.0,0.0,0.0,0.0
1536701708743865276,2663,1536701708742897358,map,-14.1426895188,1.15777077815,0.0,0.0,0.0,0.0
1536701708946195193,2664,1536701708945555783,map,-14.1443196134,0.85271488408,0.0,0.0,0.0,0.0
1536701709087622089,2665,1536701709086769383,map,-14.1807402217,0.512549278927,0.0,0.0,0.0,0.0
1536701709302707996,2666,1536701709302116861,map,-14.2373757406,0.273371579772,0.0,0.0,0.0,0.0
1536701709560152345,2667,1536701709559681959,map,-14.3399892979,0.0175196106731,0.0,0.0,0.0,0.0
1536701709722057670,2668,1536701709721785568,map,-14.4191557537,-0.156036371226,0.0,0.0,0.0,0.0
1536701709947075107,2669,1536701709946601040,map,-14.5353441179,-0.367928489465,0.0,0.0,0.0,0.0
1536701710145079133,2670,1536701710144320190,map,-14.6332495778,-0.444529856321,0.0,0.0,0.0,0.0
1536701710310278791,2671,1536701710309649913,map,-14.8109720564,-0.517210541131,0.0,0.0,0.0,0.0
1536701710558583910,2672,1536701710558197332,map,-14.9566490335,-0.632099430144,0.0,0.0,0.0,0.0
1536701710716475686,2673,1536701710716062602,map,-15.1649684009,-0.675376487168,0.0,0.0,0.0,0.0
1536701710950481992,2674,1536701710947740508,map,-15.2810758517,-0.76073702019,0.0,0.0,0.0,0.0
1536701711141584721,2675,1536701711141134823,map,-15.3403408378,-0.954380940372,0.0,0.0,0.0,0.0
1536701711320918234,2676,1536701711320572375,map,-15.4454274414,-1.03400732646,0.0,0.0,0.0,0.0
1536701711515248743,2677,1536701711514379999,map,-15.5375599723,-1.14918671578,0.0,0.0,0.0,0.0
1536701711753899877,2678,1536701711753127105,map,-15.5688733334,-1.13237940998,0.0,0.0,0.0,0.0
1536701711912339252,2679,1536701711911091293,map,-15.5750038182,-1.18475991731,0.0,0.0,0.0,0.0
1536701712160353701,2680,1536701712159881267,map,-15.5862079378,-1.16919721165,0.0,0.0,0.0,0.0
1536701712347913235,2681,1536701712347602654,map,-15.6275347229,-1.00784844326,0.0,0.0,0.0,0.0
1536701712499335782,2682,1536701712498875032,map,-15.6266492588,-1.02148565451,0.0,0.0,0.0,0.0
1536701712759369014,2683,1536701712757675510,map,-15.628121219,-0.82724069336,0.0,0.0,0.0,0.0
1536701712931877355,2684,1536701712931360263,map,-15.5758653561,-0.663715607871,0.0,0.0,0.0,0.0
1536701713138991992,2685,1536701713138525288,map,-15.6348527847,-0.401221137133,0.0,0.0,0.0,0.0
1536701713322161771,2686,1536701713319263364,map,-15.5157556982,-0.362939545531,0.0,0.0,0.0,0.0
1536701713549009595,2687,1536701713548594751,map,-15.5584451191,-0.219966990352,0.0,0.0,0.0,0.0
1536701713726589613,2688,1536701713725862522,map,-15.5596208138,-0.108628410236,0.0,0.0,0.0,0.0
1536701713953879717,2689,1536701713944251021,map,-15.5998514992,0.0680676248421,0.0,0.0,0.0,0.0
1536701714160206921,2690,1536701714159702090,map,-15.6290551553,0.171857363064,0.0,0.0,0.0,0.0
1536701714337945879,2691,1536701714337639107,map,-15.6986549429,0.20550665047,0.0,0.0,0.0,0.0
1536701714540306495,2692,1536701714539619836,map,-15.7281447166,0.241585957934,0.0,0.0,0.0,0.0
1536701714724478477,2693,1536701714723460908,map,-15.7897381012,0.0909433685235,0.0,0.0,0.0,0.0
1536701714940338628,2694,1536701714939861360,map,-15.8899300567,0.0471465099088,0.0,0.0,0.0,0.0
1536701715109966264,2695,1536701715109248169,map,-15.9298483579,0.069507516906,0.0,0.0,0.0,0.0
1536701715365733243,2696,1536701715365046552,map,-15.9698355721,0.0724693124844,0.0,0.0,0.0,0.0
1536701715550573606,2697,1536701715549356249,map,-16.0799879993,-0.0196454211732,0.0,0.0,0.0,0.0
1536701715723370023,2698,1536701715722562070,map,-16.1086563762,-0.208061896919,0.0,0.0,0.0,0.0
1536701715930896144,2699,1536701715930184836,map,-16.1773856363,-0.290850434949,0.0,0.0,0.0,0.0
1536701716114958901,2700,1536701716114564159,map,-16.1832871111,-0.466174088842,0.0,0.0,0.0,0.0
1536701716305957815,2701,1536701716304844882,map,-16.1800386279,-0.56784680972,0.0,0.0,0.0,0.0
1536701716538911723,2702,1536701716537006427,map,-16.1303635864,-0.557647351784,0.0,0.0,0.0,0.0
1536701716723747444,2703,1536701716722827736,map,-16.0384902118,-0.607726685707,0.0,0.0,0.0,0.0
1536701716914340572,2704,1536701716914045581,map,-15.9233949153,-0.458687661226,0.0,0.0,0.0,0.0
1536701717119900222,2705,1536701717119388252,map,-15.8641180134,-0.432041269038,0.0,0.0,0.0,0.0
1536701717323665209,2706,1536701717323300463,map,-15.7584251335,-0.222794329559,0.0,0.0,0.0,0.0
1536701717521653581,2707,1536701717521151439,map,-15.7890149409,-0.176372325136,0.0,0.0,0.0,0.0
1536701717717342076,2708,1536701717717047885,map,-15.7770388247,-0.305689258446,0.0,0.0,0.0,0.0
1536701717950379408,2709,1536701717948971355,map,-15.7299882605,-0.0192178156129,0.0,0.0,0.0,0.0
1536701718145438384,2710,1536701718145096943,map,-15.6797991528,-0.0793632728867,0.0,0.0,0.0,0.0
1536701718351806148,2711,1536701718351340692,map,-15.6799806556,-0.0246300762754,0.0,0.0,0.0,0.0
1536701718514552527,2712,1536701718514089824,map,-15.6989897091,0.178107029687,0.0,0.0,0.0,0.0
1536701718724477314,2713,1536701718723208227,map,-15.7496536056,0.104457189939,0.0,0.0,0.0,0.0
1536701718921277909,2714,1536701718920957372,map,-15.7589224793,0.184288606287,0.0,0.0,0.0,0.0
1536701719116790433,2715,1536701719116120068,map,-15.7291375141,0.164721164149,0.0,0.0,0.0,0.0
1536701719341386367,2716,1536701719340621918,map,-15.7395567341,0.11812626554,0.0,0.0,0.0,0.0
1536701719521601685,2717,1536701719520780542,map,-15.7695349928,0.121103715802,0.0,0.0,0.0,0.0
1536701719720801651,2718,1536701719720501089,map,-15.6887265335,-0.199899368135,0.0,0.0,0.0,0.0
1536701719942308736,2719,1536701719941576491,map,-15.7496161836,-0.109954849693,0.0,0.0,0.0,0.0
1536701720093610021,2720,1536701720092472439,map,-15.6596734735,-0.101127164646,0.0,0.0,0.0,0.0
1536701720319993446,2721,1536701720319512496,map,-15.6699940333,-0.0136746529537,0.0,0.0,0.0,0.0
1536701720515378882,2722,1536701720514600828,map,-15.6395595503,0.117375781007,0.0,0.0,0.0,0.0
1536701720715285547,2723,1536701720714790832,map,-15.618477425,0.218089256897,0.0,0.0,0.0,0.0
1536701720920645345,2724,1536701720919727814,map,-15.5289696631,0.178888801444,0.0,0.0,0.0,0.0
1536701721084062858,2725,1536701721083401264,map,-15.4785285585,0.213433042047,0.0,0.0,0.0,0.0
1536701721331280878,2726,1536701721330645758,map,-15.3997445699,0.0886971421951,0.0,0.0,0.0,0.0
1536701721503969511,2727,1536701721503373350,map,-15.3797601278,0.0858976778993,0.0,0.0,0.0,0.0
1536701721727321902,2728,1536701721726343900,map,-15.3096977937,0.0961949341127,0.0,0.0,0.0,0.0
1536701721899607727,2729,1536701721899053341,map,-15.2399886262,0.0186191678284,0.0,0.0,0.0,0.0
1536701722126876126,2730,1536701722126095863,map,-15.158522264,0.211666653941,0.0,0.0,0.0,0.0
1536701722305629228,2731,1536701722305308594,map,-15.0685675308,0.207780099719,0.0,0.0,0.0,0.0
1536701722523813041,2732,1536701722522528876,map,-15.1091715091,0.158228657996,0.0,0.0,0.0,0.0
1536701722709851712,2733,1536701722709156986,map,-15.0098683177,0.0628735571106,0.0,0.0,0.0,0.0
1536701722923381863,2734,1536701722922348256,map,-14.9898993151,0.0549410965136,0.0,0.0,0.0,0.0
1536701723121371803,2735,1536701723120958047,map,-15.0096870266,0.0969296769692,0.0,0.0,0.0,0.0
1536701723323019606,2736,1536701723322135016,map,-15.0192825903,0.146800796753,0.0,0.0,0.0,0.0
1536701723510565823,2737,1536701723510159910,map,-14.9890054893,0.172668585553,0.0,0.0,0.0,0.0
1536701723725704486,2738,1536701723724526664,map,-14.9794960008,0.122880273203,0.0,0.0,0.0,0.0
1536701723901723017,2739,1536701723901062352,map,-14.8792110893,-0.153223237761,0.0,0.0,0.0,0.0
1536701724128713776,2740,1536701724128324893,map,-14.8675504266,-0.269896856917,0.0,0.0,0.0,0.0
1536701724325323611,2741,1536701724323823396,map,-14.9287547919,-0.192822105587,0.0,0.0,0.0,0.0
1536701724533041036,2742,1536701724532210226,map,-14.8983603887,-0.221037841665,0.0,0.0,0.0,0.0
1536701724726283774,2743,1536701724725524223,map,-14.9778533084,-0.253594697898,0.0,0.0,0.0,0.0
1536701724926740279,2744,1536701724926375213,map,-15.0481433188,-0.236395125543,0.0,0.0,0.0,0.0
1536701725129127626,2745,1536701725128144534,map,-15.0594933092,-0.123536509642,0.0,0.0,0.0,0.0
1536701725351633361,2746,1536701725351208848,map,-15.109806454,-0.0764782559514,0.0,0.0,0.0,0.0
1536701725504167208,2747,1536701725503331404,map,-15.1497487165,0.0872572535231,0.0,0.0,0.0,0.0
1536701725707929346,2748,1536701725707311544,map,-15.2075423688,0.27341378959,0.0,0.0,0.0,0.0
1536701725929645246,2749,1536701725929020690,map,-15.2288687212,0.582372280372,0.0,0.0,0.0,0.0
1536701726124620383,2750,1536701726124181562,map,-15.1528071301,0.908204866276,0.0,0.0,0.0,0.0
1536701726302747840,2751,1536701726300625694,map,-15.1592718159,1.35826286506,0.0,0.0,0.0,0.0
1536701726489684643,2752,1536701726489235993,map,-15.0682439219,1.75411661835,0.0,0.0,0.0,0.0
1536701726765008902,2753,1536701726763479941,map,-14.933339156,2.30379722431,0.0,0.0,0.0,0.0
1536701726945043960,2754,1536701726944709146,map,-14.737712115,2.84603963707,0.0,0.0,0.0,0.0
1536701727123675096,2755,1536701727123267902,map,-14.4211007336,3.58489241546,0.0,0.0,0.0,0.0
1536701727319495544,2756,1536701727318475831,map,-14.1041148401,4.38484259427,0.0,0.0,0.0,0.0
1536701727536711024,2757,1536701727536223992,map,-13.6918539357,5.15461306037,0.0,0.0,0.0,0.0
1536701727762981958,2758,1536701727758684333,map,-13.2032848113,5.69716334615,0.0,0.0,0.0,0.0
1536701727921175896,2759,1536701727920694818,map,-12.7514370382,6.49437860459,0.0,0.0,0.0,0.0
1536701728118745358,2760,1536701728118279294,map,-12.1800806234,7.10321307634,0.0,0.0,0.0,0.0
1536701728328323102,2761,1536701728327615571,map,-11.7577587417,7.61808436373,0.0,0.0,0.0,0.0
1536701728562102347,2762,1536701728561690319,map,-11.2032718295,8.24468315422,0.0,0.0,0.0,0.0
1536701728707311729,2763,1536701728706254850,map,-10.7178619729,8.85084372984,0.0,0.0,0.0,0.0
1536701728945378418,2764,1536701728945069757,map,-10.0461200996,9.41745034201,0.0,0.0,0.0,0.0
1536701729126195307,2765,1536701729125586501,map,-9.30291711338,9.92047041131,0.0,0.0,0.0,0.0
1536701729340721002,2766,1536701729340397776,map,-8.81047050304,10.1890386944,0.0,0.0,0.0,0.0
1536701729522904296,2767,1536701729522611257,map,-8.15234529208,10.6474112459,0.0,0.0,0.0,0.0
1536701729723858909,2768,1536701729722618568,map,-7.39185788878,11.0085438162,0.0,0.0,0.0,0.0
1536701729918947177,2769,1536701729918402363,map,-6.4944754785,11.3537741857,0.0,0.0,0.0,0.0
1536701730144179382,2770,1536701730142701480,map,-5.70963468064,11.7013021418,0.0,0.0,0.0,0.0
1536701730319798723,2771,1536701730319049480,map,-5.0280152593,12.0316525279,0.0,0.0,0.0,0.0
1536701730527339730,2772,1536701730526801062,map,-4.36112750466,12.1935666188,0.0,0.0,0.0,0.0
1536701730767666121,2773,1536701730763969460,map,-3.66458337253,12.3476811064,0.0,0.0,0.0,0.0
1536701730959028916,2774,1536701730958645956,map,-3.18657380001,12.5105494451,0.0,0.0,0.0,0.0
1536701731151972854,2775,1536701731151140315,map,-2.78103502773,12.606900657,0.0,0.0,0.0,0.0
1536701731324313323,2776,1536701731323911059,map,-2.16521980015,12.7474202573,0.0,0.0,0.0,0.0
1536701731529712048,2777,1536701731528861070,map,-1.88447106846,12.7616130952,0.0,0.0,0.0,0.0
1536701731764996661,2778,1536701731764583353,map,-1.57269121483,12.8642233478,0.0,0.0,0.0,0.0
1536701731935348219,2779,1536701731934853312,map,-1.16197766958,12.917844553,0.0,0.0,0.0,0.0
1536701732124740894,2780,1536701732124345609,map,-0.994692152659,12.7813531178,0.0,0.0,0.0,0.0
1536701732331479741,2781,1536701732330757356,map,-0.860336845271,12.8512342019,0.0,0.0,0.0,0.0
1536701732511616694,2782,1536701732511261007,map,-0.743091529746,12.8485296816,0.0,0.0,0.0,0.0
1536701732728025853,2783,1536701732727413237,map,-0.638389486127,12.9142308661,0.0,0.0,0.0,0.0
1536701732955137489,2784,1536701732952465278,map,-0.528538192409,12.8791594205,0.0,0.0,0.0,0.0
1536701733140150908,2785,1536701733139533587,map,-0.5698268134,12.9474668334,0.0,0.0,0.0,0.0
1536701733349861759,2786,1536701733349409908,map,-0.51293150071,12.9398377608,0.0,0.0,0.0,0.0
1536701733530014365,2787,1536701733529492408,map,-0.564550639201,12.8275828813,0.0,0.0,0.0,0.0
1536701733727821581,2788,1536701733727378341,map,-0.650328456053,12.7934816567,0.0,0.0,0.0,0.0
1536701733957722687,2789,1536701733956428246,map,-0.687282816609,12.7314626941,0.0,0.0,0.0,0.0
1536701734154932237,2790,1536701734154245865,map,-0.686301584531,12.6313692898,0.0,0.0,0.0,0.0
1536701734356688849,2791,1536701734356018644,map,-0.707525988791,12.4599280486,0.0,0.0,0.0,0.0
1536701734534039916,2792,1536701734533043988,map,-0.619528318403,12.4445885694,0.0,0.0,0.0,0.0
1536701734725328348,2793,1536701734725018439,map,-0.703319087697,12.3099245433,0.0,0.0,0.0,0.0
1536701734956485385,2794,1536701734955606749,map,-0.620149147723,12.2843565169,0.0,0.0,0.0,0.0
1536701735102920799,2795,1536701735102674210,map,-0.526651830278,12.2586923385,0.0,0.0,0.0,0.0
1536701735333787262,2796,1536701735333085109,map,-0.439620032537,12.222096147,0.0,0.0,0.0,0.0
1536701735534490580,2797,1536701735533510402,map,-0.317684405977,12.2958967391,0.0,0.0,0.0,0.0
1536701735727128098,2798,1536701735726773276,map,-0.264889217482,12.3371566296,0.0,0.0,0.0,0.0
1536701735954351872,2799,1536701735951698517,map,-0.22994797375,12.4278728642,0.0,0.0,0.0,0.0
1536701736100092495,2800,1536701736099498127,map,-0.0131737427863,12.5799931022,0.0,0.0,0.0,0.0
1536701736325184936,2801,1536701736324739328,map,-0.125745407749,12.6393745135,0.0,0.0,0.0,0.0
1536701736526531986,2802,1536701736526171273,map,-0.0756595790289,12.7497755129,0.0,0.0,0.0,0.0
1536701736777666366,2803,1536701736774671762,map,-0.0913078658881,12.7596733059,0.0,0.0,0.0,0.0
1536701736952862955,2804,1536701736951970361,map,-0.177998745015,12.9087728482,0.0,0.0,0.0,0.0
1536701737128807827,2805,1536701737128345988,map,-0.156311400139,12.9790587774,0.0,0.0,0.0,0.0
1536701737379022275,2806,1536701737378537836,map,-0.0908261964765,13.0096829555,0.0,0.0,0.0,0.0
1536701737510956048,2807,1536701737510278960,map,-0.2045092714,13.0183937549,0.0,0.0,0.0,0.0
1536701737757055821,2808,1536701737756143508,map,-0.113881288254,13.049503096,0.0,0.0,0.0,0.0
1536701737919506152,2809,1536701737918877050,map,-0.0908960090795,13.0196827118,0.0,0.0,0.0,0.0
1536701738110586185,2810,1536701738110276788,map,-0.0839497535376,12.9997289371,0.0,0.0,0.0,0.0
1536701738324666335,2811,1536701738324310393,map,-0.0477573373964,13.02991248,0.0,0.0,0.0,0.0
1536701738516149720,2812,1536701738515783278,map,-0.0294960390509,12.9999665378,0.0,0.0,0.0,0.0
1536701738773745903,2813,1536701738772646575,map,0.0295187283117,13.0099665121,0.0,0.0,0.0,0.0
1536701738924464408,2814,1536701738924156771,map,0.041154796065,13.0999353541,0.0,0.0,0.0,0.0
1536701739125344048,2815,1536701739124902954,map,-0.00922930033485,13.2199967784,0.0,0.0,0.0,0.0
1536701739324499517,2816,1536701739324103272,map,-0.293006314874,13.2167525247,0.0,0.0,0.0,0.0
1536701739537388594,2817,1536701739535106259,map,-0.479679663436,13.2713340483,0.0,0.0,0.0,0.0
1536701739729494966,2818,1536701739728538093,map,-0.68421080556,13.3224418022,0.0,0.0,0.0,0.0
1536701739928995302,2819,1536701739928637470,map,-0.741119013134,13.3394281215,0.0,0.0,0.0,0.0
1536701740158338309,2820,1536701740158049272,map,-0.719985412246,13.3806435199,0.0,0.0,0.0,0.0
1536701740323379828,2821,1536701740322997123,map,-0.660734725888,13.4137366018,0.0,0.0,0.0,0.0
1536701740558820244,2822,1536701740558232918,map,-0.490876676263,13.4510460593,0.0,0.0,0.0,0.0
1536701740731856752,2823,1536701740731425261,map,-0.288501708505,13.4369031687,0.0,0.0,0.0,0.0
1536701740910914321,2824,1536701740910677175,map,0.0920950774732,13.5296865631,0.0,0.0,0.0,0.0
1536701741133739025,2825,1536701741129809219,map,0.513906865631,13.5002222105,0.0,0.0,0.0,0.0
1536701741340718123,2826,1536701741340217902,map,0.641127501052,13.5448350129,0.0,0.0,0.0,0.0
1536701741528624988,2827,1536701741527905772,map,0.747065044979,13.7497197724,0.0,0.0,0.0,0.0
1536701741725660968,2828,1536701741725367769,map,0.839457027521,13.7644255928,0.0,0.0,0.0,0.0
1536701741934867564,2829,1536701741933860272,map,0.828033949226,13.8152075547,0.0,0.0,0.0,0.0
1536701742123316811,2830,1536701742123061546,map,0.880568272183,13.8420193439,0.0,0.0,0.0,0.0
1536701742327313566,2831,1536701742327065952,map,0.862482190096,13.8631967624,0.0,0.0,0.0,0.0
1536701742529747842,2832,1536701742529511785,map,0.875927747434,13.9224728616,0.0,0.0,0.0,0.0
1536701742762782645,2833,1536701742762514448,map,0.627048904536,13.9158797663,0.0,0.0,0.0,0.0
1536701742920862044,2834,1536701742919392400,map,0.626862111904,13.9659387043,0.0,0.0,0.0,0.0
1536701743098636695,2835,1536701743098219290,map,0.614426361726,14.0165395246,0.0,0.0,0.0,0.0
1536701743328264579,2836,1536701743327730265,map,0.607519941415,14.02684995,0.0,0.0,0.0,0.0
1536701743518706802,2837,1536701743518346666,map,0.730263263979,13.9809411545,0.0,0.0,0.0,0.0
1536701743715929861,2838,1536701743715180970,map,0.877254783994,13.9825077881,0.0,0.0,0.0,0.0
1536701743915222694,2839,1536701743914618337,map,1.1959596657,13.9789334528,0.0,0.0,0.0,0.0
1536701744128265140,2840,1536701744127931958,map,1.55238663732,13.9941593434,0.0,0.0,0.0,0.0
1536701744318612320,2841,1536701744317038989,map,2.12104160461,14.0912626301,0.0,0.0,0.0,0.0
1536701744525837943,2842,1536701744524781192,map,2.70193636431,13.9914988433,0.0,0.0,0.0,0.0
1536701744731170723,2843,1536701744729669228,map,3.31501671288,14.0235075567,0.0,0.0,0.0,0.0
1536701744920863287,2844,1536701744920354263,map,4.0178462168,13.9842558536,0.0,0.0,0.0,0.0
1536701745123771247,2845,1536701745123176302,map,4.79202326697,13.8229306954,0.0,0.0,0.0,0.0
1536701745332303764,2846,1536701745331750659,map,5.81690901328,13.5980759496,0.0,0.0,0.0,0.0
1536701745530897485,2847,1536701745530280356,map,6.81495181221,13.317583557,0.0,0.0,0.0,0.0
1536701745734424591,2848,1536701745734151463,map,7.98836658917,12.8138986744,0.0,0.0,0.0,0.0
1536701745926485506,2849,1536701745925960700,map,9.01264248788,12.3142143633,0.0,0.0,0.0,0.0
1536701746128679340,2850,1536701746127456669,map,9.54535950799,11.9060367824,0.0,0.0,0.0,0.0
1536701746329724611,2851,1536701746323846805,map,10.1182354808,11.3964428992,0.0,0.0,0.0,0.0
1536701746531421809,2852,1536701746530839317,map,10.6756022202,10.9320591489,0.0,0.0,0.0,0.0
1536701746727799844,2853,1536701746727481548,map,11.3765229705,10.2903024786,0.0,0.0,0.0,0.0
1536701746932176327,2854,1536701746931673320,map,12.0037348944,9.75864993655,0.0,0.0,0.0,0.0
1536701747132830922,2855,1536701747131133161,map,12.8110265105,8.88401371827,0.0,0.0,0.0,0.0
1536701747345386272,2856,1536701747345102805,map,13.955773802,7.94732518443,0.0,0.0,0.0,0.0
1536701747559883060,2857,1536701747559571102,map,14.711919416,6.78228774811,0.0,0.0,0.0,0.0
1536701747741051410,2858,1536701747740589156,map,15.3697873676,5.74958574797,0.0,0.0,0.0,0.0
1536701747937868171,2859,1536701747936874548,map,15.7612244895,4.77961322627,0.0,0.0,0.0,0.0
1536701748130350206,2860,1536701748129755485,map,16.2020902079,3.83598395417,0.0,0.0,0.0,0.0
1536701748343092571,2861,1536701748342903987,map,16.499196994,2.82915156068,0.0,0.0,0.0,0.0
1536701748537288533,2862,1536701748536354484,map,16.8178009216,1.94588595784,0.0,0.0,0.0,0.0
1536701748724429669,2863,1536701748723966838,map,16.8583342072,1.32085872058,0.0,0.0,0.0,0.0
1536701748918315050,2864,1536701748917729357,map,16.9437284632,0.742742059506,0.0,0.0,0.0,0.0
1536701749126676431,2865,1536701749126210015,map,16.8866568969,0.336033993563,0.0,0.0,0.0,0.0
1536701749328150216,2866,1536701749327667730,map,16.8199690018,0.032292061983,0.0,0.0,0.0,0.0
1536701749532691593,2867,1536701749532263879,map,16.676981712,-0.317302661673,0.0,0.0,0.0,0.0
1536701749748029435,2868,1536701749745047636,map,16.5100368361,-0.573658149253,0.0,0.0,0.0,0.0
1536701749936091495,2869,1536701749935031542,map,16.3381667759,-0.621937620508,0.0,0.0,0.0,0.0
1536701750136933713,2870,1536701750135637031,map,16.1591401274,-0.592528769785,0.0,0.0,0.0,0.0
1536701750318490210,2871,1536701750318089131,map,16.0464934285,-0.658520044228,0.0,0.0,0.0,0.0
1536701750539176346,2872,1536701750538299470,map,15.8084450898,-0.604536054822,0.0,0.0,0.0,0.0
1536701750739463186,2873,1536701750738895996,map,15.672935278,-0.470637622297,0.0,0.0,0.0,0.0
1536701750942477586,2874,1536701750941084292,map,15.6947625044,-0.405499607629,0.0,0.0,0.0,0.0
1536701751162017432,2875,1536701751161537251,map,15.609227544,-0.155291599285,0.0,0.0,0.0,0.0
1536701751329864747,2876,1536701751327597362,map,15.5489683362,0.17911917981,0.0,0.0,0.0,0.0
1536701751538756889,2877,1536701751537553650,map,15.5272622599,0.629068131176,0.0,0.0,0.0,0.0
1536701751737752842,2878,1536701751736809189,map,15.5540827376,1.05764369803,0.0,0.0,0.0,0.0
1536701751917123968,2879,1536701751916558123,map,15.6533068104,1.20995285005,0.0,0.0,0.0,0.0
1536701752150897258,2880,1536701752149907540,map,15.6373566038,1.40109901323,0.0,0.0,0.0,0.0
1536701752362723437,2881,1536701752361824185,map,15.7827465629,1.45856468215,0.0,0.0,0.0,0.0
1536701752521598529,2882,1536701752520386006,map,15.9573213306,1.41573159634,0.0,0.0,0.0,0.0
1536701752745813550,2883,1536701752744212112,map,16.1292322731,1.28072880843,0.0,0.0,0.0,0.0
1536701752911821322,2884,1536701752911062219,map,16.3388936445,1.1597217221,0.0,0.0,0.0,0.0
1536701753139487535,2885,1536701753138976942,map,16.581954668,0.964820910818,0.0,0.0,0.0,0.0
1536701753346234098,2886,1536701753344900346,map,16.7687935014,0.843602102238,0.0,0.0,0.0,0.0
1536701753536500031,2887,1536701753535652254,map,16.9001067693,0.578352130856,0.0,0.0,0.0,0.0
1536701753761201732,2888,1536701753757083055,map,16.947767195,0.275112895894,0.0,0.0,0.0,0.0
1536701753950167557,2889,1536701753949225025,map,17.0199906677,0.0178232990638,0.0,0.0,0.0,0.0
1536701754112329844,2890,1536701754111440932,map,17.0186932412,-0.210903679728,0.0,0.0,0.0,0.0
1536701754367600731,2891,1536701754367114916,map,16.9866958411,-0.335058805037,0.0,0.0,0.0,0.0
1536701754556199794,2892,1536701754552633518,map,16.9738669328,-0.456334687102,0.0,0.0,0.0,0.0
1536701754757560641,2893,1536701754756359035,map,16.930588374,-0.5646036756,0.0,0.0,0.0,0.0
1536701754927769457,2894,1536701754927380286,map,16.8116078785,-0.531263154871,0.0,0.0,0.0,0.0
1536701755123697114,2895,1536701755122911345,map,16.7658879035,-0.688042736123,0.0,0.0,0.0,0.0
1536701755364977657,2896,1536701755364510473,map,16.6180742818,-0.629688148493,0.0,0.0,0.0,0.0
1536701755555028277,2897,1536701755553199426,map,16.5207197557,-0.553821951477,0.0,0.0,0.0,0.0
1536701755700531210,2898,1536701755698369945,map,16.4704564655,-0.560770736276,0.0,0.0,0.0,0.0
1536701755915542881,2899,1536701755915144266,map,16.3350524169,-0.402072801605,0.0,0.0,0.0,0.0
1536701756111331285,2900,1536701756110932542,map,16.2757449682,-0.372190449598,0.0,0.0,0.0,0.0
1536701756331841578,2901,1536701756331032440,map,16.2384563172,-0.223911666851,0.0,0.0,0.0,0.0
1536701756520175261,2902,1536701756519692934,map,16.1598582288,-0.0676906517593,0.0,0.0,0.0,0.0
1536701756736638808,2903,1536701756736024048,map,16.1499990161,-0.00563741336946,0.0,0.0,0.0,0.0
1536701756959759847,2904,1536701756959079398,map,16.1899701629,0.0310825495544,0.0,0.0,0.0,0.0
1536701757150202455,2905,1536701757144761647,map,16.1697633224,0.0874876925647,0.0,0.0,0.0,0.0
1536701757331278643,2906,1536701757330904997,map,16.2699938048,0.0141982516629,0.0,0.0,0.0,0.0
1536701757563962817,2907,1536701757563160498,map,16.2299938201,0.0141633450823,0.0,0.0,0.0,0.0
1536701757767656065,2908,1536701757760983847,map,16.2691663868,0.16469692732,0.0,0.0,0.0,0.0
1536701757935866206,2909,1536701757935190014,map,16.3167697193,0.324693592359,0.0,0.0,0.0,0.0
1536701758156027310,2910,1536701758154849393,map,16.4136778577,0.455608587585,0.0,0.0,0.0,0.0
1536701758342932005,2911,1536701758337628080,map,16.4904448835,0.561451283286,0.0,0.0,0.0,0.0
1536701758546032037,2912,1536701758545518723,map,16.632327389,0.50525797877,0.0,0.0,0.0,0.0
1536701758767473562,2913,1536701758766267410,map,16.6457801205,0.374838873014,0.0,0.0,0.0,0.0
1536701758960791560,2914,1536701758959834463,map,16.737794858,0.271704417538,0.0,0.0,0.0,0.0
1536701759138106966,2915,1536701759137712097,map,16.7299174408,0.0525587586388,0.0,0.0,0.0,0.0
1536701759311879753,2916,1536701759311087678,map,16.6894143192,-0.139820181503,0.0,0.0,0.0,0.0
1536701759535927671,2917,1536701759535282435,map,16.6081289598,-0.249303940927,0.0,0.0,0.0,0.0
1536701759783728599,2918,1536701759783043060,map,16.5479582676,-0.259956101511,0.0,0.0,0.0,0.0
1536701759959346276,2919,1536701759958489248,map,16.4974364595,-0.290844056474,0.0,0.0,0.0,0.0
1536701760142468580,2920,1536701760142015001,map,16.3663497045,-0.34568388563,0.0,0.0,0.0,0.0
1536701760320110126,2921,1536701760318943317,map,16.3687783013,-0.199992303673,0.0,0.0,0.0,0.0
1536701760533550738,2922,1536701760532387835,map,16.2796962517,-0.0994482422802,0.0,0.0,0.0,0.0
1536701760761283153,2923,1536701760757811153,map,16.309928208,-0.0483926731663,0.0,0.0,0.0,0.0
1536701760962824292,2924,1536701760960709348,map,16.2695628717,0.119264260998,0.0,0.0,0.0,0.0
1536701761186824672,2925,1536701761185725792,map,16.2879000346,0.261557764506,0.0,0.0,0.0,0.0
1536701761337834935,2926,1536701761337463306,map,16.29683003,0.321451355039,0.0,0.0,0.0,0.0
1536701761557549695,2927,1536701761552646178,map,16.4047453215,0.415248040723,0.0,0.0,0.0,0.0
1536701761749385405,2928,1536701761748627903,map,16.4822207706,0.506456780734,0.0,0.0,0.0,0.0
1536701761938051406,2929,1536701761937303475,map,16.5384575023,0.617999550223,0.0,0.0,0.0,0.0
1536701762164091148,2930,1536701762160968176,map,16.509010468,0.602472711134,0.0,0.0,0.0,0.0
1536701762384113257,2931,1536701762383602055,map,16.6171788727,0.652890736073,0.0,0.0,0.0,0.0
1536701762557525363,2932,1536701762551184535,map,16.6547620574,0.712601438861,0.0,0.0,0.0,0.0
1536701762746030439,2933,1536701762742465347,map,16.6789071753,0.839080113602,0.0,0.0,0.0,0.0
1536701762944762164,2934,1536701762944360156,map,16.5822904437,0.959032658048,0.0,0.0,0.0,0.0
1536701763139018277,2935,1536701763138261959,map,16.5961477912,0.890100271554,0.0,0.0,0.0,0.0
1536701763355282517,2936,1536701763354554369,map,16.5873880411,0.86640520105,0.0,0.0,0.0,0.0
1536701763583157257,2937,1536701763582400139,map,16.5525465017,0.760331710212,0.0,0.0,0.0,0.0
1536701763701238146,2938,1536701763700817603,map,16.6091545092,0.600321988426,0.0,0.0,0.0,0.0
1536701763955989733,2939,1536701763955417453,map,16.5517376021,0.523051001466,0.0,0.0,0.0,0.0
1536701764157767505,2940,1536701764156902954,map,16.5758627559,0.370369945689,0.0,0.0,0.0,0.0
1536701764379511992,2941,1536701764379024448,map,16.4871245864,0.30793322953,0.0,0.0,0.0,0.0
1536701764521696296,2942,1536701764520623666,map,16.4089440208,0.186161551412,0.0,0.0,0.0,0.0
1536701764703790308,2943,1536701764703091452,map,16.3398185723,0.0770001509534,0.0,0.0,0.0,0.0
1536701764920022952,2944,1536701764919513479,map,16.2899513703,-0.0398039393127,0.0,0.0,0.0,0.0
1536701765161332594,2945,1536701765160211915,map,16.2695834394,-0.116424684796,0.0,0.0,0.0,0.0
1536701765326407533,2946,1536701765326039106,map,16.2197470269,-0.0905890985388,0.0,0.0,0.0,0.0
1536701765566902052,2947,1536701765562893241,map,16.179662631,-0.104485154788,0.0,0.0,0.0,0.0
1536701765732818077,2948,1536701765732140413,map,16.1694325669,-0.135463890647,0.0,0.0,0.0,0.0
1536701765954675247,2949,1536701765953877730,map,16.249777249,-0.0850844122606,0.0,0.0,0.0,0.0
1536701766141163816,2950,1536701766140544222,map,16.2897767007,-0.0852938508138,0.0,0.0,0.0,0.0
1536701766346788291,2951,1536701766346180637,map,16.3395181853,-0.125480958542,0.0,0.0,0.0,0.0
1536701766562628754,2952,1536701766561756424,map,16.4098897772,-0.0601456566904,0.0,0.0,0.0,0.0
1536701766729319824,2953,1536701766728652436,map,16.4990648867,-0.175664070637,0.0,0.0,0.0,0.0
1536701766957122634,2954,1536701766956222165,map,16.5468943314,-0.320605654454,0.0,0.0,0.0,0.0
1536701767144624514,2955,1536701767143867876,map,16.5724426684,-0.500543705838,0.0,0.0,0.0,0.0
1536701767330457187,2956,1536701767330036484,map,16.7285492328,-0.847431746285,0.0,0.0,0.0,0.0
1536701767544892800,2957,1536701767544503661,map,16.6967472924,-1.33458976941,0.0,0.0,0.0,0.0
1536701767726608749,2958,1536701767726260521,map,16.8841169465,-1.89385715819,0.0,0.0,0.0,0.0
1536701767943113112,2959,1536701767942245616,map,16.8807409196,-2.39647366047,0.0,0.0,0.0,0.0
1536701768121004800,2960,1536701768120277517,map,16.9053185665,-2.88664236882,0.0,0.0,0.0,0.0
1536701768342986977,2961,1536701768342424780,map,16.9399298139,-3.79583691707,0.0,0.0,0.0,0.0
1536701768534632983,2962,1536701768534260715,map,16.9191299415,-4.77487612658,0.0,0.0,0.0,0.0
1536701768727856066,2963,1536701768727254911,map,16.8039516413,-5.90112779352,0.0,0.0,0.0,0.0
1536701768947362491,2964,1536701768946876036,map,16.6119739916,-6.98303086787,0.0,0.0,0.0,0.0
1536701769136788331,2965,1536701769136264517,map,16.3268631563,-8.15451037628,0.0,0.0,0.0,0.0
1536701769335179319,2966,1536701769334775166,map,16.0414253733,-9.23540859911,0.0,0.0,0.0,0.0
1536701769524244286,2967,1536701769522352115,map,15.522807031,-10.2470708926,0.0,0.0,0.0,0.0
1536701769745312166,2968,1536701769744887845,map,15.076651011,-11.6609688403,0.0,0.0,0.0,0.0
1536701769929240247,2969,1536701769928858823,map,14.2809987143,-12.8631829546,0.0,0.0,0.0,0.0
1536701770140643674,2970,1536701770139860049,map,13.1474260801,-14.2927109908,0.0,0.0,0.0,0.0
1536701770366722311,2971,1536701770366323344,map,12.0428017235,-15.6661586437,0.0,0.0,0.0,0.0
1536701770565468378,2972,1536701770564856530,map,10.5975842861,-16.796154539,0.0,0.0,0.0,0.0
1536701770739082544,2973,1536701770738292262,map,9.0370627753,-17.7745631844,0.0,0.0,0.0,0.0
1536701770972111969,2974,1536701770967680118,map,7.54118891835,-18.5345776779,0.0,0.0,0.0,0.0
1536701771118131226,2975,1536701771116820907,map,5.88119953507,-19.2726228632,0.0,0.0,0.0,0.0
1536701771330680910,2976,1536701771330252844,map,4.48014120123,-19.6558880445,0.0,0.0,0.0,0.0
1536701771575094798,2977,1536701771574502222,map,3.07266071693,-19.8941110914,0.0,0.0,0.0,0.0
1536701771739307427,2978,1536701771738922513,map,1.92429050053,-20.0579063232,0.0,0.0,0.0,0.0
1536701771932646329,2979,1536701771932075970,map,0.801833214801,-19.9639040144,0.0,0.0,0.0,0.0
1536701772137999085,2980,1536701772137509812,map,-0.214468854209,-19.8188396005,0.0,0.0,0.0,0.0
1536701772340215135,2981,1536701772332064278,map,-1.18008037239,-19.5744606647,0.0,0.0,0.0,0.0
1536701772524570354,2982,1536701772524247544,map,-1.87620433417,-19.2387306571,0.0,0.0,0.0,0.0
1536701772739310690,2983,1536701772738858711,map,-2.37526263873,-18.9618097079,0.0,0.0,0.0,0.0
1536701772943908984,2984,1536701772943014598,map,-2.62893807669,-18.5647834512,0.0,0.0,0.0,0.0
1536701773138343469,2985,1536701773136457156,map,-2.73812081975,-18.2558016635,0.0,0.0,0.0,0.0
1536701773367203125,2986,1536701773366558914,map,-2.72602931098,-18.0250288265,0.0,0.0,0.0,0.0
1536701773542090029,2987,1536701773541219140,map,-2.58884954494,-17.8330664226,0.0,0.0,0.0,0.0
1536701773723062146,2988,1536701773722333742,map,-2.43931753024,-17.6017791711,0.0,0.0,0.0,0.0
1536701773939639784,2989,1536701773939164660,map,-2.14974171737,-17.4077629392,0.0,0.0,0.0,0.0
1536701774143154341,2990,1536701774142525591,map,-1.89730241631,-17.2962494068,0.0,0.0,0.0,0.0
1536701774341702316,2991,1536701774341251554,map,-1.61562075784,-17.2846570567,0.0,0.0,0.0,0.0
1536701774541570182,2992,1536701774540583089,map,-1.33695849218,-17.2181718539,0.0,0.0,0.0,0.0
1536701774742431320,2993,1536701774741911540,map,-1.09243027834,-17.1251918555,0.0,0.0,0.0,0.0
1536701774971165169,2994,1536701774970063185,map,-0.783498398651,-17.1220831168,0.0,0.0,0.0,0.0
1536701775181800434,2995,1536701775179919275,map,-0.547853975694,-17.2412979796,0.0,0.0,0.0,0.0
1536701775345650622,2996,1536701775345233536,map,-0.307430489774,-17.2672634338,0.0,0.0,0.0,0.0
1536701775526787792,2997,1536701775526419621,map,-0.173496828413,-17.439136987,0.0,0.0,0.0,0.0
1536701775761864135,2998,1536701775758868443,map,0.0550406127526,-17.5199135423,0.0,0.0,0.0,0.0
1536701775947707436,2999,1536701775945748456,map,0.267841896877,-17.6379664564,0.0,0.0,0.0,0.0
1536701776141389957,3000,1536701776141016407,map,0.40739765429,-17.8153424652,0.0,0.0,0.0,0.0
1536701776356807893,3001,1536701776356162529,map,0.514864649788,-17.9826309085,0.0,0.0,0.0,0.0
1536701776581538085,3002,1536701776580821398,map,0.632727875216,-18.1189556939,0.0,0.0,0.0,0.0
1536701776784671953,3003,1536701776784379235,map,0.711591623087,-18.3562125005,0.0,0.0,0.0,0.0
1536701776953908081,3004,1536701776952612808,map,0.771056542616,-18.4739159847,0.0,0.0,0.0,0.0
1536701777179815518,3005,1536701777176049871,map,0.81106031498,-18.5022317888,0.0,0.0,0.0,0.0
1536701777343552000,3006,1536701777343248717,map,0.8011598635,-18.5727284714,0.0,0.0,0.0,0.0
1536701777539539935,3007,1536701777535625784,map,0.741157391597,-18.6152514278,0.0,0.0,0.0,0.0
1536701777771652118,3008,1536701777771380367,map,0.678351214976,-18.6776856069,0.0,0.0,0.0,0.0
1536701777943700477,3009,1536701777943231980,map,0.645886293953,-18.5887823941,0.0,0.0,0.0,0.0
1536701778151066281,3010,1536701778150484493,map,0.58843237665,-18.6207048024,0.0,0.0,0.0,0.0
1536701778343209852,3011,1536701778342435255,map,0.584868334035,-18.610812154,0.0,0.0,0.0,0.0
1536701778564334809,3012,1536701778563948167,map,0.570154041627,-18.6612921409,0.0,0.0,0.0,0.0
1536701778727349962,3013,1536701778726956917,map,0.557722678116,-18.6816767292,0.0,0.0,0.0,0.0
1536701778985260663,3014,1536701778984244599,map,0.601392927637,-18.7203425863,0.0,0.0,0.0,0.0
1536701779165378120,3015,1536701779164622603,map,0.572902507816,-18.7512501641,0.0,0.0,0.0,0.0
1536701779358518996,3016,1536701779357744239,map,0.403558937492,-18.7956681228,0.0,0.0,0.0,0.0
1536701779556025522,3017,1536701779555734116,map,0.209770251175,-18.7788284097,0.0,0.0,0.0,0.0
1536701779781232022,3018,1536701779780751616,map,0.138029873054,-18.8294940918,0.0,0.0,0.0,0.0
1536701779941651121,3019,1536701779940947815,map,-0.0327598134279,-18.7699714117,0.0,0.0,0.0,0.0
1536701780176994508,3020,1536701780176559496,map,-0.104775060949,-18.7597074121,0.0,0.0,0.0,0.0
1536701780329818705,3021,1536701780329298925,map,-0.393196942604,-18.615847984,0.0,0.0,0.0,0.0
1536701780527901161,3022,1536701780527384549,map,-0.825622802099,-18.6116965102,0.0,0.0,0.0,0.0
1536701780781664214,3023,1536701780781239254,map,-1.19191271833,-18.4816055599,0.0,0.0,0.0,0.0
1536701780960216344,3024,1536701780959874135,map,-1.64776054324,-18.4264724023,0.0,0.0,0.0,0.0
1536701781148251322,3025,1536701781147726451,map,-2.2654208088,-18.3708456136,0.0,0.0,0.0,0.0
1536701781352055012,3026,1536701781350173596,map,-2.74788475309,-18.234108955,0.0,0.0,0.0,0.0
1536701781550124790,3027,1536701781549568324,map,-3.44248825737,-18.1667106158,0.0,0.0,0.0,0.0
1536701781725475422,3028,1536701781725074982,map,-4.1754437043,-17.971315196,0.0,0.0,0.0,0.0
1536701781935865985,3029,1536701781935550794,map,-5.08584647612,-17.7247782954,0.0,0.0,0.0,0.0
1536701782142116200,3030,1536701782141103433,map,-6.10705362994,-17.5370691953,0.0,0.0,0.0,0.0
1536701782337601226,3031,1536701782336153575,map,-7.23200257834,-17.1038895783,0.0,0.0,0.0,0.0
1536701782527732356,3032,1536701782527478532,map,-8.40296534805,-16.5488299695,0.0,0.0,0.0,0.0
1536701782766506896,3033,1536701782762968727,map,-9.39077648357,-16.1479322836,0.0,0.0,0.0,0.0
1536701782966350113,3034,1536701782966067542,map,-10.4107145344,-15.5220205799,0.0,0.0,0.0,0.0
1536701783145604204,3035,1536701783144800988,map,-11.6651294635,-14.6283578914,0.0,0.0,0.0,0.0
1536701783323905006,3036,1536701783323498325,map,-12.6959704047,-13.7296152707,0.0,0.0,0.0,0.0
1536701783538965815,3037,1536701783538150371,map,-13.7591174431,-12.6344405173,0.0,0.0,0.0,0.0
1536701783748711848,3038,1536701783747854435,map,-14.7500389922,-11.2324507446,0.0,0.0,0.0,0.0
1536701783951601912,3039,1536701783950837431,map,-15.6209282303,-9.79898980631,0.0,0.0,0.0,0.0
1536701784159573610,3040,1536701784158746545,map,-16.2392598741,-8.12847087344,0.0,0.0,0.0,0.0
1536701784328628613,3041,1536701784328320241,map,-16.8134662696,-6.88884983155,0.0,0.0,0.0,0.0
1536701784528523146,3042,1536701784528231291,map,-17.334681754,-5.4124309221,0.0,0.0,0.0,0.0
1536701784749693336,3043,1536701784747503324,map,-17.421202827,-3.55388408115,0.0,0.0,0.0,0.0
1536701784945569550,3044,1536701784943232698,map,-17.5066056789,-1.23339272016,0.0,0.0,0.0,0.0
1536701785146775170,3045,1536701785145911515,map,-17.2805093158,0.820973682851,0.0,0.0,0.0,0.0
1536701785344071536,3046,1536701785343846203,map,-16.8504286225,2.66583105961,0.0,0.0,0.0,0.0
1536701785554470423,3047,1536701785554057211,map,-16.187873328,4.06310929172,0.0,0.0,0.0,0.0
1536701785739156679,3048,1536701785738454718,map,-15.4543531049,5.51824882636,0.0,0.0,0.0,0.0
1536701785959532585,3049,1536701785959030027,map,-14.7811449378,6.50693893678,0.0,0.0,0.0,0.0
1536701786142993514,3050,1536701786142665678,map,-14.0350911658,7.27820829379,0.0,0.0,0.0,0.0
1536701786336289712,3051,1536701786335484672,map,-13.2900368207,7.95707366456,0.0,0.0,0.0,0.0
1536701786542666247,3052,1536701786542357426,map,-12.602201936,8.30015700845,0.0,0.0,0.0,0.0
1536701786728560895,3053,1536701786728004045,map,-12.162921069,8.51973303976,0.0,0.0,0.0,0.0
1536701786970669208,3054,1536701786969405882,map,-11.8289508264,8.54072727269,0.0,0.0,0.0,0.0
1536701787173598167,3055,1536701787172616580,map,-11.5431752539,8.45761225515,0.0,0.0,0.0,0.0
1536701787324088138,3056,1536701787323023127,map,-11.3332118539,8.27038143468,0.0,0.0,0.0,0.0
1536701787544926362,3057,1536701787544516639,map,-11.3589537588,8.06344030204,0.0,0.0,0.0,0.0
1536701787744904927,3058,1536701787743232454,map,-11.462691654,7.72004533952,0.0,0.0,0.0,0.0
1536701787942567447,3059,1536701787942074173,map,-11.6466259828,7.25220678254,0.0,0.0,0.0,0.0
1536701788119482958,3060,1536701788118839963,map,-11.9776589424,6.69134412946,0.0,0.0,0.0,0.0
1536701788326049260,3061,1536701788324243522,map,-12.3679535926,6.05364550757,0.0,0.0,0.0,0.0
1536701788506059381,3062,1536701788505531181,map,-12.8650468389,5.31572853274,0.0,0.0,0.0,0.0
1536701788736321776,3063,1536701788735667480,map,-13.4343705086,4.44299325194,0.0,0.0,0.0,0.0
1536701788976280092,3064,1536701788975275296,map,-14.002554798,3.44454048174,0.0,0.0,0.0,0.0
1536701789148286547,3065,1536701789147780115,map,-14.5518524556,2.28396368399,0.0,0.0,0.0,0.0
1536701789331994993,3066,1536701789331188416,map,-15.0262393305,0.845358848553,0.0,0.0,0.0,0.0
1536701789559270659,3067,1536701789557878197,map,-15.4843322189,-0.418993716099,0.0,0.0,0.0,0.0
1536701789744715954,3068,1536701789743988831,map,-15.6482326248,-1.69717875286,0.0,0.0,0.0,0.0
1536701789929197045,3069,1536701789928968350,map,-15.9030475002,-3.24129298375,0.0,0.0,0.0,0.0
1536701790119721827,3070,1536701790119443418,map,-15.923793722,-4.6896474813,0.0,0.0,0.0,0.0
1536701790380231143,3071,1536701790379785535,map,-15.8775456527,-6.01863307134,0.0,0.0,0.0,0.0
1536701790564730769,3072,1536701790564364070,map,-15.7101150817,-7.09999183948,0.0,0.0,0.0,0.0
1536701790771144661,3073,1536701790770740765,map,-15.5258804802,-7.96552165986,0.0,0.0,0.0,0.0
1536701790962476661,3074,1536701790962140118,map,-15.2955045494,-8.62560957718,0.0,0.0,0.0,0.0
1536701791146428464,3075,1536701791146177521,map,-15.0870516573,-9.04372557578,0.0,0.0,0.0,0.0
1536701791335141169,3076,1536701791334831708,map,-14.9041365128,-9.3420990579,0.0,0.0,0.0,0.0
1536701791579914137,3077,1536701791579362825,map,-14.6911317304,-9.43516022543,0.0,0.0,0.0,0.0
1536701791764363792,3078,1536701791763994596,map,-14.6004372651,-9.39131682295,0.0,0.0,0.0,0.0
1536701791959013494,3079,1536701791958576689,map,-14.5610482644,-9.23003106398,0.0,0.0,0.0,0.0
1536701792145640067,3080,1536701792145182870,map,-14.5627450835,-9.00115857163,0.0,0.0,0.0,0.0
1536701792340606241,3081,1536701792340239190,map,-14.6467897498,-8.72777463193,0.0,0.0,0.0,0.0
1536701792512378719,3082,1536701792512134563,map,-14.7437088927,-8.38240109313,0.0,0.0,0.0,0.0
1536701792779176204,3083,1536701792775968912,map,-14.8766418962,-7.78393383144,0.0,0.0,0.0,0.0
1536701792949259084,3084,1536701792946827285,map,-15.2275886438,-7.04903852275,0.0,0.0,0.0,0.0
1536701793146527248,3085,1536701793146058078,map,-15.5161574153,-6.25633751199,0.0,0.0,0.0,0.0
1536701793366455913,3086,1536701793366100995,map,-15.8002271548,-5.31429410709,0.0,0.0,0.0,0.0
1536701793550966038,3087,1536701793550625942,map,-16.0696877857,-4.50790799281,0.0,0.0,0.0,0.0
1536701793748220213,3088,1536701793747313854,map,-16.393557917,-3.33828680925,0.0,0.0,0.0,0.0
1536701793968371138,3089,1536701793967623975,map,-16.684864511,-2.20549229162,0.0,0.0,0.0,0.0
1536701794170782910,3090,1536701794170420821,map,-16.9315353902,-0.982196177753,0.0,0.0,0.0,0.0
1536701794349935298,3091,1536701794347885659,map,-16.9822557863,0.512921445247,0.0,0.0,0.0,0.0
1536701794600786595,3092,1536701794594850079,map,-16.9945498598,2.14992443219,0.0,0.0,0.0,0.0
1536701794748322649,3093,1536701794747852103,map,-16.7421457876,3.76379521599,0.0,0.0,0.0,0.0
1536701794986151072,3094,1536701794985813632,map,-16.4284679733,4.95691840251,0.0,0.0,0.0,0.0
1536701795158565713,3095,1536701795158266656,map,-16.0262395474,5.87746084384,0.0,0.0,0.0,0.0
1536701795378714493,3096,1536701795377242961,map,-15.6253538413,6.38613477266,0.0,0.0,0.0,0.0
1536701795550353962,3097,1536701795549622709,map,-15.0860447432,6.97392672798,0.0,0.0,0.0,0.0
1536701795796039658,3098,1536701795795430212,map,-14.6089367551,7.40833091091,0.0,0.0,0.0,0.0
1536701795976590303,3099,1536701795976152538,map,-14.0849498819,7.73686543926,0.0,0.0,0.0,0.0
1536701796149693845,3100,1536701796148857113,map,-13.6924190987,7.86395315514,0.0,0.0,0.0,0.0
1536701796343785256,3101,1536701796343469745,map,-13.2612244539,7.73061614511,0.0,0.0,0.0,0.0
1536701796551948450,3102,1536701796551254428,map,-13.0532000794,7.5910452303,0.0,0.0,0.0,0.0
1536701796732774559,3103,1536701796731487192,map,-12.993925964,7.45374322352,0.0,0.0,0.0,0.0
1536701796960231541,3104,1536701796959524970,map,-12.9600462881,6.87357986867,0.0,0.0,0.0,0.0
1536701797164588529,3105,1536701797164232138,map,-12.9894128328,6.55573445608,0.0,0.0,0.0,0.0
1536701797352711828,3106,1536701797351693523,map,-13.1019568454,6.07061173372,0.0,0.0,0.0,0.0
1536701797533782221,3107,1536701797531863416,map,-13.3136583089,5.5392149654,0.0,0.0,0.0,0.0
1536701797783503459,3108,1536701797782466907,map,-13.4613111171,4.97147895586,0.0,0.0,0.0,0.0
1536701797974981850,3109,1536701797974522541,map,-13.6923876881,4.39350877982,0.0,0.0,0.0,0.0
1536701798112961876,3110,1536701798112407715,map,-13.9717039215,3.7646234248,0.0,0.0,0.0,0.0
1536701798357221594,3111,1536701798355091253,map,-14.1955489355,3.00441182593,0.0,0.0,0.0,0.0
1536701798552937491,3112,1536701798551966564,map,-14.5211847137,2.3493178819,0.0,0.0,0.0,0.0
1536701798743085555,3113,1536701798742264829,map,-14.6106620789,1.6181945547,0.0,0.0,0.0,0.0
1536701798957755272,3114,1536701798956887905,map,-14.9137030292,0.886037221225,0.0,0.0,0.0,0.0
1536701799135699140,3115,1536701799134837150,map,-15.1468951651,-0.30670320915,0.0,0.0,0.0,0.0
1536701799338197056,3116,1536701799337862786,map,-15.4380751861,-1.49195661722,0.0,0.0,0.0,0.0
1536701799548453938,3117,1536701799547476160,map,-15.5750431222,-2.65669564342,0.0,0.0,0.0,0.0
1536701799768415447,3118,1536701799768086683,map,-15.6091448555,-3.69272215044,0.0,0.0,0.0,0.0
1536701799950639204,3119,1536701799950233419,map,-15.6622260651,-4.40540289724,0.0,0.0,0.0,0.0
1536701800147226439,3120,1536701800146701792,map,-15.6748983175,-5.12031861676,0.0,0.0,0.0,0.0
1536701800378810261,3121,1536701800378146586,map,-15.6862311633,-5.58253095757,0.0,0.0,0.0,0.0
1536701800549762910,3122,1536701800549483156,map,-15.6894708524,-5.97867914946,0.0,0.0,0.0,0.0
1536701800745936644,3123,1536701800745279179,map,-15.6818924875,-6.05428344326,0.0,0.0,0.0,0.0
1536701800950978562,3124,1536701800950646917,map,-15.6627950394,-6.10351960379,0.0,0.0,0.0,0.0
1536701801158993956,3125,1536701801158627353,map,-15.6603655784,-5.91443572555,0.0,0.0,0.0,0.0
1536701801338803040,3126,1536701801338539357,map,-15.7532501544,-5.4519729982,0.0,0.0,0.0,0.0
1536701801552670758,3127,1536701801552128698,map,-15.8495986557,-4.86689042942,0.0,0.0,0.0,0.0
1536701801741999089,3128,1536701801741780382,map,-15.9405725657,-4.18193092676,0.0,0.0,0.0,0.0
1536701801953731952,3129,1536701801953008895,map,-15.9432141639,-3.39174322778,0.0,0.0,0.0,0.0
1536701802144500379,3130,1536701802144207821,map,-15.9175275135,-2.60944780677,0.0,0.0,0.0,0.0
1536701802338223395,3131,1536701802337589011,map,-15.7387264354,-1.95757252497,0.0,0.0,0.0,0.0
